time,10.32.89.107:38130:1,10.32.89.11:42958:1,10.32.89.121:54418:1,10.32.89.243:47586:1,10.32.89.93:46762:1
0.0,2.0,2.0,2.0,2.0,2.0
2.99,,,1.0,,
3.0,,,2.0,,
19.2,,,,2.0,
22.4,,,,1.0,
22.42,,,,2.0,
25.55,,,,1.0,
25.56,,,,2.0,
29.52,,1.0,,,
29.53,,2.0,,,
31.22,,,1.0,,
31.23,,,2.0,,
31.29,,,1.0,,
31.3,,,2.0,,
33.4,,,,,1.0
33.4,,,,,2.0
33.49,,,,,2.0
35.71,1.0,,,,
35.72,2.0,,,,
36.0,2.0,,,,
36.45,,,,2.0,
39.86,,,,1.0,
39.88,,,,2.0,
43.33,,,,2.0,
44.08,,,,2.0,
45.22,,1.0,,,
45.23,,2.0,,,
59.56,,,2.0,,
59.62,,,1.0,,
59.63,,,2.0,,
62.21,,,,1.0,
62.22,,,,2.0,
64.73,,1.0,,,
64.75,,2.0,,,
67.11,,,,,2.0
67.14,,,,,1.0
67.15,,,,,2.0
70.87,,,,,2.0
71.2,1.0,,,,
71.2,2.0,,,,
71.53,2.0,,,,
74.2,,,,,1.0
74.2,,,,,2.0
79.9,,,,1.0,
79.91,,,,2.0,
87.32,,2.0,,,
87.92,,,2.0,,
88.0,,,2.0,,
90.01,1.0,,,,
90.02,2.0,,,,
97.92,,,,1.0,
97.93,,,,2.0,
99.93,,1.0,,,
99.94,,2.0,,,
101.0,,,,,2.0
101.16,,,,1.0,
101.18,,,,2.0,
107.91,2.0,,,,
107.93,,,,,2.0
115.71,,,,1.0,
115.72,,,,2.0,
116.41,,,1.0,,
116.42,,,2.0,,
116.46,,,2.0,,
118.98,,,,,2.0
119.05,,1.0,,,
119.06,,2.0,,,
125.18,1.0,,,,
125.19,2.0,,,,
128.63,2.0,,,,
136.69,,,,1.0,
136.69,,,,2.0,
137.21,,2.0,,,
142.0,,,,,2.0
143.08,1.0,,,,
143.11,2.0,,,,
144.57,,,2.0,,
144.88,,,2.0,,
147.53,1.0,,,,
147.54,2.0,,,,
148.38,,2.0,,,
151.47,,,,1.0,
151.47,,,,2.0,
152.38,,1.0,,,
152.4,,2.0,,,
152.81,,,,,2.0
154.94,,,,1.0,
154.96,,,,2.0,
171.46,,1.0,,,
171.47,,2.0,,,
171.96,,1.0,,,
171.97,,2.0,,,
172.5,,,,2.0,
172.89,,,2.0,,
173.31,,,1.0,,
173.32,,,2.0,,
175.52,,,,,1.0
175.53,,,,,2.0
178.41,1.0,,,,
178.42,2.0,,,,
178.73,,,,,1.0
178.74,,,,,2.0
181.9,1.0,,,,
181.92,2.0,,,,
182.91,1.0,,,,
182.92,2.0,,,,
186.56,,,,,2.0
190.51,,,,2.0,
201.17,,,2.0,,
201.81,,,2.0,,
204.64,,,1.0,,
204.65,,,2.0,,
205.79,,1.0,,,
205.8,,2.0,,,
206.26,,1.0,,,
206.27,,2.0,,,
207.48,,,2.0,,
208.41,,,,2.0,
212.37,,,,,1.0
212.38,,,,,2.0
216.98,2.0,,,,
218.61,2.0,,,,
220.46,,,,,2.0
225.03,,2.0,,,
226.2,,,,2.0,
229.43,,,1.0,,
229.44,,,2.0,,
229.69,,,,1.0,
229.7,,,,2.0,
235.39,,,1.0,,
235.4,,,2.0,,
235.69,,1.0,,,
235.7,,2.0,,,
240.03,,1.0,,,
240.04,,2.0,,,
244.12,,,,1.0,
244.13,,,,2.0,
244.69,,,1.0,,
244.7,,,2.0,,
252.15,1.0,,,,
252.16,2.0,,,,
254.62,1.0,,,,
258.62,,,,,1.0
258.63,,,,,0.0
258.64,,,,,1.0
262.93,,,,,0.0
263.64,,,1.0,,
265.1,,,,1.0,
265.24,,,,,1.0
268.85,,,,,1.0
270.48,,1.0,,,
270.79,,,,,0.0
270.86,,,,,1.0
273.44,,,0.0,,
273.45,,,1.0,,
273.87,,0.0,,,
276.02,,1.0,,,
277.95,,,0.0,,
277.98,,,1.0,,
279.76,,,,0.0,
281.0,,0.0,,,
281.11,,,,1.0,
281.2,,1.0,,,
282.74,,,1.0,,
283.31,,0.0,,,
283.36,,1.0,,,
284.32,,,,0.0,
284.33,,,,1.0,
286.17,,,,0.0,
286.24,,,,1.0,
287.14,0.0,,,,
287.73,,0.0,,,
288.75,1.0,1.0,,,
291.72,1.0,,,,
292.99,,1.0,,,
293.5,0.0,,,,
295.64,1.0,,,,
298.35,0.0,,,,
298.36,1.0,,,,
300.0,0.0,,,,
300.02,1.0,,,,
337.0,,,0.0,,
337.36,,,1.0,,
342.0,,,0.0,,
343.15,,,1.0,,
345.56,,,1.0,,
347.11,,,0.0,,
347.15,,,1.0,,
354.4,,,,,0.0
354.89,,,,,1.0
355.61,,,,0.0,
357.08,,,,1.0,
359.05,,,,,0.0
359.08,,,,,1.0
359.88,,,,0.0,
359.89,,,,1.0,
360.55,,0.0,,,
360.86,,1.0,,,
361.61,,,,0.0,
363.31,,,,,0.0
363.51,0.0,,,,
363.76,,,,1.0,
364.16,,,,,1.0
365.22,1.0,,,,
366.56,,,,1.0,
367.99,0.0,,,,
368.0,1.0,,,,
368.04,,,,0.0,
368.17,,,,1.0,
368.33,,,,,0.0
368.39,,,,,1.0
370.27,,,,,0.0
370.32,,,,,1.0
372.64,,,,0.0,
374.1,,,,1.0,
376.87,,,,0.0,
376.88,,,,1.0,
378.45,,,,0.0,
378.49,,,,1.0,
397.77,,,0.0,,
417.02,0.0,,,,
425.54,,,,,0.0
425.72,,0.0,,,
440.93,,,,0.0,
441.28,0.0,0.0,0.0,0.0,0.0
