Global Index,Execution Time,Task ID,Task Try ID,Ran to Completion
1,20.75,1,1,1
2,17.82,2,1,1
3,10.35,3,1,1
4,10.39,4,1,1
5,13.89,5,1,1
6,10.42,6,1,1
7,10.34,7,1,1
8,10.35,8,1,1
9,10.64,9,1,1
10,10.39,10,1,1
11,10.7,11,1,1
12,14.72,12,1,1
13,14.77,13,1,1
14,10.64,14,1,1
15,10.35,15,1,1
16,10.33,16,1,1
17,10.42,17,1,1
18,10.42,18,1,1
19,10.48,19,1,1
20,10.32,20,1,1
21,10.370000000000001,21,1,1
22,14.65,22,1,1
23,10.64,23,1,1
24,5.66,24,1,1
25,5.279999999999999,25,1,1
26,5.140000000000001,26,1,1
27,5.65,27,1,1
28,5.630000000000001,28,1,1
29,5.4399999999999995,29,1,1
30,5.049999999999999,30,1,1
31,6.35,31,1,1
32,5.32,32,1,1
33,5.220000000000001,33,1,1
34,4.270000000000001,34,1,1
35,9.26,35,1,1
36,10.57,36,1,1
37,10.06,37,1,1
38,5.210000000000001,38,1,1
39,4.849999999999998,39,1,1
40,5.080000000000002,40,1,1
41,5.32,41,1,1
42,5.359999999999998,42,1,1
43,10.53,43,1,1
44,5.490000000000002,44,1,1
45,5.09,45,1,1
46,5.029999999999999,46,1,1
47,5.409999999999998,47,1,1
48,5.0,48,1,1
49,5.08,49,1,1
50,5.280000000000001,50,1,1
51,5.16,51,1,1
52,5.48,52,1,1
53,5.120000000000001,53,1,1
54,5.25,54,1,1
55,5.030000000000001,55,1,1
56,5.290000000000003,56,1,1
57,9.79,57,1,1
58,5.16,58,1,1
59,4.259999999999998,59,1,1
60,5.16,60,1,1
61,5.190000000000001,61,1,1
62,5.260000000000002,62,1,1
63,5.170000000000002,63,1,1
64,5.32,64,1,1
65,6.210000000000001,65,1,1
66,5.399999999999999,66,1,1
67,4.869999999999997,67,1,1
68,5.130000000000003,68,1,1
69,4.98,69,1,1
70,5.439999999999998,70,1,1
71,5.829999999999998,71,1,1
72,5.219999999999999,72,1,1
73,5.029999999999998,73,1,1
74,5.050000000000001,74,1,1
75,5.530000000000001,75,1,1
76,5.109999999999999,76,1,1
77,5.09,77,1,1
78,5.16,78,1,1
79,6.229999999999997,79,1,1
80,5.77,80,1,1
81,10.500000000000004,81,1,1
82,5.470000000000002,82,1,1
83,5.690000000000001,83,1,1
84,6.02,84,1,1
85,5.869999999999997,85,1,1
86,5.969999999999999,86,1,1
87,5.600000000000001,87,1,1
88,6.2499999999999964,88,1,1
89,5.559999999999999,89,1,1
90,5.68,90,1,1
91,5.52,91,1,1
92,6.4999999999999964,92,1,1
93,6.129999999999999,93,1,1
94,5.509999999999998,94,1,1
95,5.720000000000002,95,1,1
96,5.789999999999999,96,1,1
97,5.490000000000002,97,1,1
98,5.960000000000001,98,1,1
99,4.469999999999999,99,1,1
100,4.68,100,1,1
101,5.809999999999999,101,1,1
102,6.73,102,1,1
103,5.27,103,1,1
104,5.510000000000002,104,1,1
105,5.799999999999997,105,1,1
106,11.919999999999998,106,1,1
107,5.930000000000003,107,1,1
108,11.940000000000001,108,1,1
109,5.759999999999998,109,1,1
110,5.869999999999997,110,1,1
111,5.529999999999994,111,1,1
112,5.580000000000005,112,1,1
113,6.350000000000001,113,1,1
114,6.1200000000000045,114,1,1
115,6.140000000000001,115,1,1
116,5.290000000000006,116,1,1
117,5.409999999999997,117,1,1
118,5.390000000000001,118,1,1
119,11.079999999999998,119,1,1
120,5.340000000000003,120,1,1
121,5.309999999999995,121,1,1
122,5.189999999999998,122,1,1
123,5.0,123,1,1
124,5.730000000000004,124,1,1
125,5.5,125,1,1
126,6.059999999999995,126,1,1
127,6.18,127,1,1
128,11.219999999999999,128,1,1
129,5.769999999999996,129,1,1
130,5.5,130,1,1
131,6.259999999999998,131,1,1
132,5.839999999999996,132,1,1
133,5.919999999999995,133,1,1
134,10.310000000000002,134,1,1
135,5.169999999999995,135,1,1
136,5.740000000000002,136,1,1
137,5.82,137,1,1
138,5.609999999999999,138,1,1
139,5.099999999999994,139,1,1
140,5.230000000000004,140,1,1
141,5.240000000000002,141,1,1
142,4.980000000000004,142,1,1
143,5.229999999999997,143,1,1
144,5.019999999999996,144,1,1
145,5.190000000000005,145,1,1
146,5.039999999999999,146,1,1
147,4.950000000000003,147,1,1
148,4.880000000000003,148,1,1
149,4.8700000000000045,149,1,1
150,5.32,150,1,1
151,5.219999999999999,151,1,1
152,4.840000000000003,152,1,1
153,5.059999999999995,153,1,1
154,5.510000000000005,154,1,1
155,5.130000000000003,155,1,1
156,5.270000000000003,156,1,1
157,3.8500000000000014,157,1,1
158,5.119999999999997,158,1,1
159,3.9299999999999997,159,1,1
160,4.920000000000002,160,1,1
161,4.299999999999997,161,1,1
162,4.369999999999997,162,1,1
163,4.310000000000002,163,1,1
164,4.289999999999999,164,1,1
165,4.539999999999999,165,1,1
166,4.479999999999997,166,1,1
167,4.5,167,1,1
168,4.339999999999996,168,1,1
169,9.600000000000001,169,1,1
170,15.43,170,1,1
171,9.669999999999995,171,1,1
172,4.519999999999996,172,1,1
173,4.390000000000001,173,1,1
174,4.579999999999998,174,1,1
175,4.469999999999999,175,1,1
176,4.469999999999999,176,1,1
177,5.369999999999997,177,1,1
178,5.32,178,1,1
179,5.170000000000002,179,1,1
180,5.350000000000001,180,1,1
181,4.559999999999995,181,1,1
182,4.419999999999995,182,1,1
183,8.919999999999995,183,1,1
184,4.449999999999996,184,1,1
185,5.149999999999999,185,1,1
186,10.61,186,1,1
187,5.159999999999997,187,1,1
188,10.57,188,1,1
189,4.659999999999997,189,1,1
190,4.450000000000003,190,1,1
191,4.589999999999996,191,1,1
192,15.46,192,1,1
193,5.57,193,1,1
194,5.469999999999999,194,1,1
195,5.5,195,1,1
196,5.68,196,1,1
197,5.240000000000002,197,1,1
198,10.269999999999996,198,1,1
199,41.99999999999999,199,1,1
200,31.730000000000004,200,1,1
201,10.350000000000001,201,1,1
202,10.32,202,1,1
203,10.89,203,1,1
204,10.969999999999999,204,1,1
205,15.190000000000005,205,1,1
206,15.089999999999996,206,1,1
207,15.119999999999997,207,1,1
208,9.54,208,1,1
209,8.57,209,1,1
210,8.529999999999994,210,1,1
211,9.189999999999998,211,1,1
212,9.029999999999994,212,1,1
213,5.130000000000003,213,1,1
214,41.059999999999995,214,1,1
215,4.969999999999999,215,1,1
216,57.01,216,1,1
217,5.3700000000000045,217,1,1
218,5.410000000000004,218,1,1
219,5.420000000000002,219,1,1
220,5.310000000000002,220,1,1
221,26.049999999999997,221,1,1
222,31.190000000000005,222,1,1
223,15.550000000000004,223,1,1
224,20.740000000000002,224,1,1
225,20.42000000000001,225,1,1
226,10.579999999999998,226,1,1
227,20.479999999999997,227,1,1
228,20.520000000000003,228,1,1
229,5.100000000000001,229,1,1
230,4.950000000000003,230,1,1
231,4.899999999999999,231,1,1
232,10.14,232,1,1
233,15.229999999999997,233,1,1
234,20.029999999999994,234,1,1
235,19.93,235,1,1
236,4.339999999999996,236,1,1
237,19.949999999999996,237,1,1
238,4.450000000000003,238,1,1
239,4.329999999999998,239,1,1
240,17.03,240,1,1
241,10.440000000000005,241,1,1
242,9.430000000000007,242,1,1
243,8.939999999999998,243,1,1
244,8.690000000000012,244,1,1
245,19.049999999999997,245,1,1
246,9.560000000000002,246,1,1
247,9.5,247,1,1
248,9.590000000000003,248,1,1
249,9.219999999999985,249,1,1
250,9.36,250,1,1
251,9.169999999999987,251,1,1
252,9.039999999999992,252,1,1
253,0.06999999999999318,253,1,1
254,8.900000000000006,254,1,1
255,9.199999999999989,255,1,1
256,19.539999999999992,256,1,1
257,9.089999999999975,257,1,1
258,14.269999999999982,258,1,1
259,0.030000000000001137,259,1,1
260,8.960000000000008,260,1,1
261,10.889999999999986,261,1,1
262,10.810000000000002,262,1,1
263,9.119999999999976,263,1,1
264,8.800000000000011,264,1,1
265,9.189999999999998,265,1,1
266,9.099999999999994,266,1,1
267,9.099999999999994,267,1,1
268,10.139999999999986,268,1,1
269,8.960000000000008,269,1,1
270,9.319999999999993,270,1,1
271,8.909999999999997,271,1,1
272,9.530000000000001,272,1,1
273,9.159999999999997,273,1,1
274,9.299999999999983,274,1,1
275,9.819999999999993,275,1,1
276,10.069999999999993,276,1,1
277,10.389999999999986,277,1,1
278,12.289999999999992,278,1,1
279,109.92999999999995,279,1,1
280,42.620000000000005,280,1,1
281,70.57,281,1,1
282,18.83000000000004,282,1,1
283,61.80000000000001,283,1,1
284,12.390000000000043,284,1,1
285,17.019999999999982,285,1,1
286,19.840000000000032,286,1,1
287,22.200000000000045,287,1,1
288,25.00999999999999,288,1,1
289,52.92999999999995,289,1,1
290,9.949999999999989,290,1,1
291,10.0,291,1,1
292,10.050000000000011,292,1,1
293,9.04000000000002,293,1,1
294,9.329999999999984,294,1,1
295,9.480000000000018,295,1,1
296,0.19000000000005457,296,1,1
297,11.160000000000082,297,1,1
298,8.740000000000009,298,1,1
299,9.720000000000027,299,1,1
300,0.029999999999972715,300,1,1
301,9.730000000000018,301,1,1
302,9.529999999999973,302,1,1
303,8.970000000000027,303,1,1
304,9.139999999999986,304,1,1
305,10.549999999999955,305,1,1
306,9.280000000000086,306,1,1
307,9.290000000000077,307,1,1
308,9.319999999999936,308,1,1
309,0.05000000000006821,309,1,1
310,9.649999999999977,310,1,1
311,19.690000000000055,311,1,1
312,0.01,312,1,1
313,9.240000000000009,313,1,1
314,11.909999999999968,314,1,1
315,10.31000000000006,315,1,1
316,9.930000000000064,316,1,1
317,10.170000000000073,317,1,1
318,9.049999999999955,318,1,1
319,9.110000000000014,319,1,1
320,9.839999999999918,320,1,1
321,10.93999999999994,321,1,1
322,9.370000000000005,322,1,1
323,8.970000000000027,323,1,1
324,8.789999999999964,324,1,1
325,9.269999999999982,325,1,1
326,8.860000000000014,326,1,1
327,9.329999999999927,327,1,1
328,9.350000000000023,328,1,1
329,9.930000000000064,329,1,1
330,8.92999999999995,330,1,1
331,9.199999999999932,331,1,1
332,9.0,332,1,1
333,8.960000000000036,333,1,1
334,10.009999999999991,334,1,1
335,9.450000000000045,335,1,1
336,9.169999999999959,336,1,1
337,8.92999999999995,337,1,1
338,8.940000000000055,338,1,1
339,9.270000000000095,339,1,1
340,0.14999999999997726,340,1,1
341,9.340000000000032,341,1,1
342,9.019999999999982,342,1,1
343,9.259999999999991,343,1,1
344,9.5,344,1,1
345,10.730000000000018,345,1,1
346,10.25,346,1,1
347,0.04000000000007731,347,1,1
348,9.659999999999968,348,1,1
349,9.409999999999968,349,1,1
350,10.009999999999991,350,1,1
351,8.960000000000036,351,1,1
352,9.300000000000068,352,1,1
353,25.279999999999973,353,1,1
354,9.139999999999986,354,1,1
355,9.279999999999973,355,1,1
356,10.25,356,1,1
357,9.57000000000005,357,1,1
358,9.960000000000036,358,1,1
359,9.459999999999923,359,1,1
360,8.849999999999909,360,1,1
361,9.139999999999986,361,1,1
362,10.470000000000027,362,1,1
363,9.879999999999995,363,1,1
364,9.690000000000055,364,1,1
365,9.360000000000014,365,1,1
366,9.100000000000023,366,1,1
367,8.809999999999945,367,1,1
368,9.06000000000006,368,1,1
369,8.980000000000018,369,1,1
370,9.420000000000073,370,1,1
371,9.699999999999932,371,1,1
372,10.190000000000055,372,1,1
373,9.690000000000055,373,1,1
374,14.32000000000005,374,1,1
375,8.639999999999986,375,1,1
376,8.889999999999986,376,1,1
377,0.14000000000010004,377,1,1
378,9.490000000000009,378,1,1
379,0.049999999999954525,379,1,1
380,10.269999999999982,380,1,1
381,9.480000000000018,381,1,1
382,8.710000000000036,382,1,1
383,9.039999999999964,383,1,1
384,8.919999999999959,384,1,1
385,9.590000000000032,385,1,1
386,8.970000000000027,386,1,1
387,9.340000000000032,387,1,1
388,8.889999999999986,388,1,1
389,9.090000000000032,389,1,1
390,9.650000000000091,390,1,1
391,9.1099999999999,391,1,1
392,9.139999999999986,392,1,1
393,0.09000000000003183,393,1,1
394,9.18999999999994,394,1,1
395,9.690000000000055,395,1,1
396,9.170000000000073,396,1,1
397,9.349999999999909,397,1,1
398,9.549999999999955,398,1,1
399,9.569999999999936,399,1,1
400,9.759999999999991,400,1,1
401,9.100000000000023,401,1,1
402,10.110000000000014,402,1,1
403,10.019999999999982,403,1,1
404,9.120000000000005,404,1,1
405,9.210000000000036,405,1,1
406,9.07000000000005,406,1,1
407,9.210000000000036,407,1,1
408,9.17999999999995,408,1,1
409,9.430000000000064,409,1,1
410,9.0,410,1,1
411,9.379999999999882,411,1,1
412,9.0,412,1,1
413,10.690000000000055,413,1,1
414,0.12000000000011823,414,1,1
415,9.919999999999845,415,1,1
416,8.900000000000091,416,1,1
417,9.460000000000036,417,1,1
418,9.210000000000036,418,1,1
419,9.220000000000027,419,1,1
420,9.150000000000091,420,1,1
421,9.049999999999955,421,1,1
422,9.009999999999991,422,1,1
423,9.040000000000191,423,1,1
424,9.230000000000018,424,1,1
425,9.049999999999955,425,1,1
426,8.730000000000018,426,1,1
427,9.129999999999882,427,1,1
428,0.10999999999989996,428,1,1
429,9.240000000000009,429,1,1
430,9.410000000000082,430,1,1
431,8.6099999999999,431,1,1
432,19.50999999999999,432,1,1
433,9.450000000000045,433,1,1
434,8.599999999999909,434,1,1
435,8.730000000000018,435,1,1
436,8.689999999999827,436,1,1
437,8.900000000000091,437,1,1
438,8.860000000000127,438,1,1
439,0.03999999999996362,439,1,1
440,9.069999999999936,440,1,1
441,8.959999999999809,441,1,1
442,9.190000000000055,442,1,1
443,8.8900000000001,443,1,1
444,9.440000000000055,444,1,1
445,8.980000000000018,445,1,1
446,9.480000000000018,446,1,1
447,10.75,447,1,1
448,9.3599999999999,448,1,1
449,34.799999999999955,449,1,1
450,9.460000000000036,450,1,1
451,9.25,451,1,1
452,9.160000000000082,452,1,1
453,9.170000000000073,453,1,1
454,9.5,454,1,1
455,0.10000000000013642,455,1,1
456,9.339999999999918,456,1,1
457,9.810000000000173,457,1,1
458,9.1099999999999,458,1,1
459,8.819999999999936,459,1,1
460,0.01999999999998181,460,1,1
461,9.089999999999918,461,1,1
462,10.370000000000118,462,1,1
463,85.0,463,1,1
464,62.17000000000007,464,1,1
465,0.03999999999996362,465,1,1
466,71.19000000000005,466,1,1
467,17.720000000000027,467,1,1
468,13.439999999999827,468,1,1
469,24.79000000000019,469,1,1
470,67.55999999999995,470,1,1
471,16.189999999999827,471,1,1
472,29.319999999999936,472,1,1
473,0.03999999999996362,473,1,1
474,30.50999999999999,474,1,1
475,12.599999999999909,475,1,1
476,9.930000000000064,476,1,1
477,37.3599999999999,477,1,1
478,9.1099999999999,478,1,1
479,9.139999999999873,479,1,1
480,30.0,480,1,1
481,24.789999999999964,481,1,1
482,10.450000000000045,482,1,1
483,15.930000000000064,483,1,1
484,9.900000000000091,484,1,1
485,9.36999999999989,485,1,1
486,9.860000000000127,486,1,1
487,9.5,487,1,1
488,9.459999999999809,488,1,1
489,9.88000000000011,489,1,1
490,9.36999999999989,490,1,1
491,12.920000000000073,491,1,1
492,12.230000000000018,492,1,1
493,9.460000000000036,493,1,1
494,9.289999999999964,494,1,1
495,9.309999999999945,495,1,1
496,8.990000000000009,496,1,1
497,19.269999999999982,497,1,1
498,8.710000000000036,498,1,1
499,9.599999999999909,499,1,1
500,9.920000000000073,500,1,1
501,9.610000000000127,501,1,1
502,9.779999999999973,502,1,1
503,9.180000000000064,503,1,1
504,9.059999999999945,504,1,1
505,9.029999999999973,505,1,1
506,9.25,506,1,1
507,9.300000000000182,507,1,1
508,8.980000000000018,508,1,1
509,9.960000000000036,509,1,1
510,9.090000000000146,510,1,1
511,8.659999999999854,511,1,1
512,9.25,512,1,1
513,9.430000000000064,513,1,1
514,9.36999999999989,514,1,1
515,9.279999999999973,515,1,1
516,8.850000000000136,516,1,1
517,9.529999999999973,517,1,1
518,11.1099999999999,518,1,1
519,9.340000000000146,519,1,1
520,9.720000000000027,520,1,1
521,14.220000000000027,521,1,1
522,0.4500000000000455,522,1,1
523,9.779999999999973,523,1,1
524,9.769999999999982,524,1,1
525,11.279999999999973,525,1,1
526,9.100000000000136,526,1,1
527,9.0,527,1,1
528,14.3599999999999,528,1,1
529,9.160000000000082,529,1,1
530,9.1400000000001,530,1,1
531,8.660000000000082,531,1,1
532,10.200000000000045,532,1,1
533,9.189999999999827,533,1,1
534,9.349999999999909,534,1,1
535,9.699999999999818,535,1,1
536,9.36999999999989,536,1,1
537,9.279999999999973,537,1,1
538,0.08999999999991815,538,1,1
539,9.2199999999998,539,1,1
540,9.090000000000146,540,1,1
541,9.399999999999864,541,1,1
542,9.409999999999854,542,1,1
543,0.03999999999996362,543,1,1
544,31.559999999999945,544,1,1
545,9.189999999999827,545,1,1
546,14.299999999999955,546,1,1
547,9.089999999999918,547,1,1
548,8.88000000000011,548,1,1
549,9.150000000000091,549,1,1
550,10.789999999999964,550,1,1
551,9.339999999999918,551,1,1
552,8.970000000000027,552,1,1
553,9.170000000000073,553,1,1
554,30.190000000000055,554,1,1
555,9.069999999999936,555,1,1
556,9.090000000000146,556,1,1
557,9.139999999999873,557,1,1
558,9.38000000000011,558,1,1
559,11.599999999999909,559,1,1
560,9.170000000000073,560,1,1
561,8.730000000000018,561,1,1
562,8.849999999999909,562,1,1
563,8.610000000000127,563,1,1
564,9.289999999999964,564,1,1
565,9.259999999999991,565,1,1
566,14.309999999999945,566,1,1
567,9.789999999999964,567,1,1
568,8.650000000000091,568,1,1
569,19.329999999999927,569,1,1
570,9.61999999999989,570,1,1
571,9.75,571,1,1
572,10.710000000000036,572,1,1
573,9.279999999999973,573,1,1
574,9.009999999999991,574,1,1
575,8.889999999999873,575,1,1
576,9.220000000000027,576,1,1
577,9.430000000000064,577,1,1
578,8.819999999999936,578,1,1
579,9.11999999999989,579,1,1
580,9.050000000000182,580,1,1
581,8.849999999999909,581,1,1
582,9.110000000000127,582,1,1
583,0.20999999999958163,583,1,1
584,8.820000000000164,584,1,1
585,14.110000000000127,585,1,1
586,9.070000000000164,586,1,1
587,9.33999999999969,587,1,1
588,9.110000000000127,588,1,1
589,8.949999999999818,589,1,1
590,9.019999999999982,590,1,1
591,8.75,591,1,1
592,9.330000000000382,592,1,1
593,9.699999999999818,593,1,1
594,8.849999999999909,594,1,1
595,8.970000000000255,595,1,1
596,10.159999999999854,596,1,1
597,9.079999999999927,597,1,1
598,10.320000000000164,598,1,1
599,8.829999999999927,599,1,1
600,9.659999999999854,600,1,1
601,9.359999999999673,601,1,1
602,8.989999999999782,602,1,1
603,9.190000000000055,603,1,1
604,10.090000000000146,604,1,1
605,9.059999999999945,605,1,1
606,10.779999999999745,606,1,1
607,9.090000000000146,607,1,1
608,10.349999999999909,608,1,1
609,9.0,609,1,1
610,8.800000000000182,610,1,1
611,9.039999999999964,611,1,1
612,9.570000000000164,612,1,1
613,10.179999999999836,613,1,1
614,10.470000000000255,614,1,1
615,9.309999999999945,615,1,1
616,10.730000000000018,616,1,1
617,9.460000000000036,617,1,1
618,8.519999999999982,618,1,1
619,9.059999999999945,619,1,1
620,8.889999999999873,620,1,1
621,8.960000000000036,621,1,1
622,8.639999999999873,622,1,1
623,8.88000000000011,623,1,1
624,10.799999999999727,624,1,1
625,9.16000000000031,625,1,1
626,8.9699999999998,626,1,1
627,8.800000000000182,627,1,1
628,8.9699999999998,628,1,1
629,10.159999999999854,629,1,1
630,9.340000000000146,630,1,1
631,10.739999999999782,631,1,1
632,8.909999999999854,632,1,1
633,9.420000000000073,633,1,1
634,9.230000000000018,634,1,1
635,9.069999999999709,635,1,1
636,8.710000000000036,636,1,1
637,9.079999999999927,637,1,1
638,9.260000000000218,638,1,1
639,9.179999999999836,639,1,1
640,9.989999999999782,640,1,1
641,9.069999999999709,641,1,1
642,8.829999999999927,642,1,1
643,9.659999999999854,643,1,1
644,11.739999999999782,644,1,1
645,9.4699999999998,645,1,1
646,8.519999999999982,646,1,1
647,9.050000000000182,647,1,1
648,9.930000000000291,648,1,1
649,9.099999999999909,649,1,1
650,9.450000000000273,650,1,1
651,9.990000000000236,651,1,1
652,9.139999999999873,652,1,1
653,9.900000000000091,653,1,1
654,9.789999999999964,654,1,1
655,8.919999999999618,655,1,1
656,9.440000000000055,656,1,1
657,9.360000000000127,657,1,1
658,10.480000000000018,658,1,1
659,14.610000000000127,659,1,1
660,8.800000000000182,660,1,1
661,9.840000000000146,661,1,1
662,9.010000000000218,662,1,1
663,24.670000000000073,663,1,1
664,0.41000000000030923,664,1,1
665,9.010000000000218,665,1,1
666,9.099999999999909,666,1,1
667,9.059999999999945,667,1,1
668,9.289999999999964,668,1,1
669,9.720000000000255,669,1,1
670,9.319999999999709,670,1,1
671,9.670000000000073,671,1,1
672,9.100000000000364,672,1,1
673,10.009999999999764,673,1,1
674,9.300000000000182,674,1,1
675,10.449999999999818,675,1,1
676,9.490000000000236,676,1,1
677,8.700000000000273,677,1,1
678,9.090000000000146,678,1,1
679,9.349999999999909,679,1,1
680,9.190000000000055,680,1,1
681,10.11999999999989,681,1,1
682,9.279999999999745,682,1,1
683,9.149999999999636,683,1,1
684,9.509999999999764,684,1,1
685,9.7199999999998,685,1,1
686,0.15000000000009095,686,1,1
687,9.039999999999964,687,1,1
688,0.01,688,1,1
689,8.809999999999945,689,1,1
690,8.86999999999989,690,1,1
691,9.4399999999996,691,1,1
692,29.480000000000018,692,1,1
693,9.550000000000182,693,1,1
694,10.86999999999989,694,1,1
695,13.88000000000011,695,1,1
696,9.5,696,1,1
697,9.230000000000018,697,1,1
698,8.949999999999818,698,1,1
699,10.420000000000073,699,1,1
700,9.359999999999673,700,1,1
701,14.069999999999709,701,1,1
702,9.190000000000055,702,1,1
703,8.720000000000255,703,1,1
704,9.029999999999745,704,1,1
705,10.220000000000255,705,1,1
706,9.050000000000182,706,1,1
707,8.950000000000273,707,1,1
708,9.169999999999618,708,1,1
709,8.63000000000011,709,1,1
710,9.329999999999927,710,1,1
711,9.090000000000146,711,1,1
712,9.039999999999964,712,1,1
713,8.75,713,1,1
714,9.099999999999909,714,1,1
715,9.110000000000127,715,1,1
716,8.809999999999945,716,1,1
717,9.330000000000382,717,1,1
718,9.449999999999818,718,1,1
719,9.86999999999989,719,1,1
720,29.639999999999873,720,1,1
721,9.110000000000127,721,1,1
722,9.409999999999854,722,1,1
723,8.7800000000002,723,1,1
724,9.5300000000002,724,1,1
725,8.829999999999927,725,1,1
726,9.039999999999964,726,1,1
727,8.930000000000291,727,1,1
728,34.539999999999964,728,1,1
729,8.860000000000127,729,1,1
730,8.960000000000036,730,1,1
731,9.099999999999909,731,1,1
732,8.890000000000327,732,1,1
733,9.019999999999982,733,1,1
734,9.129999999999654,734,1,1
735,10.090000000000146,735,1,1
736,8.610000000000127,736,1,1
737,9.140000000000327,737,1,1
738,8.960000000000036,738,1,1
739,24.519999999999982,739,1,1
740,8.980000000000018,740,1,1
741,10.079999999999927,741,1,1
742,10.840000000000146,742,1,1
743,9.139999999999873,743,1,1
744,9.0300000000002,744,1,1
745,9.070000000000164,745,1,1
746,9.070000000000164,746,1,1
747,11.720000000000255,747,1,1
748,9.760000000000218,748,1,1
749,0.3000000000001819,749,1,1
