time,10.32.90.183:37584:1,10.32.90.193:58424:1,10.32.90.195:50298:1,10.32.90.201:56186:1,10.32.90.227:39866:1,10.32.90.243:43116:1,10.32.90.247:60918:1,10.32.91.175:33678:1,10.32.91.35:46278:1,10.32.94.8:50806:1
0.0,3.0,1.0,2.0,2.0,,2.0,2.0,2.0,,
0.01,0.0,0.0,0.0,0.0,0.0,0.0,0.0,0.0,2.0,0.0
0.02,,,,,,,,,0.0,
10.34,,,,0.0,,,,,,
10.35,0.0,,,,,0.0,,,,
10.36,,0.0,,,,,,,,
10.39,,,,,,,,0.0,1.0,
10.4,,,,,,,,,0.0,
10.43,,,,,0.0,,,,,
10.44,,,,,,,,,,0.0
10.64,0.0,,,,,,,,,
10.65,,0.0,,,,,,,,
10.7,,,,,,,,0.0,,
13.89,,,,,,0.0,,,,
14.67,,,,,,,,,1.0,
14.68,,,,,,,,,0.0,
14.71,,,,,,,,,,0.0
14.72,,,0.0,,,,,,,
15.44,,,,,,1.0,,,,
15.45,,,,,,0.0,,,,
15.62,,,,0.0,,,,,,
15.65,,,,,0.0,,,,,
15.83,,,,,,,,0.0,,
15.99,,1.0,,,,,,,,
16.0,0.0,0.0,,,,,,,0.0,
17.82,,,,,,,0.0,,,
18.74,,,,,,0.0,,,,
19.75,,,,,,,,,,0.0
19.76,,,,,,,,,0.0,
20.08,,,0.0,,,,,,,
20.59,,,,,,0.0,,,,
20.65,,,,0.0,,,,,,
20.71,,1.0,,,,,,,,
20.72,,0.0,,,,,,,,
20.75,,,,0.0,,,0.0,,,
20.91,,,,,,,,1.0,,
20.92,,,,,,,,0.0,,
20.94,,,,,,0.0,,,,
20.98,,,,,1.0,,,,,
20.99,,,,,0.0,,,,,
21.12,0.0,,,,,,,,,
21.16,,0.0,,,,,,,,
21.21,0.0,,,,,,,,,
21.48,,,,,,,,,0.0,
22.85,,,,,,,0.0,,,
24.03,,,,,,0.0,,,,
24.3,,,,,,,,,,0.0
25.24,,,1.0,,,,,,,
25.25,,,0.0,,,,,,,
25.31,,,0.0,,,,,,,
25.79,,,,,,0.0,,,,
25.89,,0.0,,,,,,,,
25.91,,,,1.0,,,,,,
25.92,,,,0.0,,,,,,
26.04,,,,,0.0,,,,,
26.07,,,,,,,1.0,,,
26.08,,,,,,,0.0,,,
26.24,1.0,,,,,,,,,
26.25,0.0,,,,,,,,,
26.32,,,,,,,,0.0,,
26.54,,,,,,,,,1.0,
26.55,,,,,,,,,0.0,
26.96,,,,1.0,,,,,,
26.97,,,,0.0,,,,,,
26.99,,0.0,,,,,,,,
27.96,,,,,,,0.0,,,
29.12,,,,,,1.0,,,,
29.14,,,,,,0.0,,,,
29.46,,,,,,,,,,0.0
31.02,,,0.0,,,,,,,
31.15,,,,,,,,,1.0,
31.16,,,,,,,,,0.0,
31.68,,,,,,,0.0,,,
31.8,,,,0.0,,,,,,
31.81,0.0,,,,,,,,,
31.91,,0.0,,,,,,,,
31.93,,,,,,,,0.0,,
32.02,,,,,0.0,,,,,
32.48,,,,0.0,,,,,,
32.69,1.0,,,,,,,,,
32.7,0.0,,,,,,,,,
32.71,,1.0,,,,,,,,
32.72,,0.0,,,,,,,,
33.05,,,,,,,,,0.0,
33.46,,,,,,,0.0,,,
33.93,,,,,,,,,,0.0
35.1,,,,,,0.0,,,,
35.81,,,0.0,,,,,,,
37.48,,,,,,,1.0,,,
37.49,,,,,,,0.0,,,
37.55,,,,,0.0,,,,,
37.7,,,,,,,,0.0,,
37.74,0.0,,,,,,,,,
37.87,,,,,,,,0.0,,
37.89,,,,,,,,,0.0,
37.95,,,,,0.0,,,,,
38.83,,,,0.0,,,,,,
38.85,,,,,,,1.0,,,
38.86,,0.0,,,,,0.0,,,
39.56,,,,,,,,,,0.0
40.41,,,,,,0.0,,,,
41.0,,,0.0,,,,,,,
43.37,,,,,,,,0.0,,
43.51,1.0,,,,,,,,,
43.52,0.0,,,,,,,,,
43.55,,,,,,,0.0,,,
43.72,,,,0.0,,,,,,
43.73,,,,,0.0,,,,,
43.85,,0.0,,,,,,,,
44.16,,,,,,,,,1.0,
44.17,,,,,,,,,0.0,
44.47,,0.0,,,,,,,,
44.57,,,,0.0,,,,,,
44.66,,,,,,,,,,1.0
44.67,,,,,,,,,,0.0
44.68,,,,,,,0.0,,,
45.64,,,,,,1.0,,,,
45.65,,,,,,0.0,,,,
46.24,,,6.0,,,,,,,
46.25,,,0.0,,,,,,,
46.53,,,,,,0.0,,,,
47.58,,,1.0,,,,,,,
47.59,,,0.0,,,,,,,
47.75,,,,,,0.0,,,,
48.5,,,,,,,0.0,,,
48.52,,,,,,,,,,0.0
48.56,2.0,,,,,,,6.0,,
48.57,0.0,,,,,,,0.0,,
48.6,,,,0.0,0.0,,,,,
48.82,6.0,,,,,,,,,
48.83,0.0,,,,,,,,,
48.92,,,,,,,,6.0,,
48.93,,,,,,,,0.0,,
48.94,,,,,,,,,,6.0
48.95,,,,,,,,,,0.0
49.04,,,,,,,,,0.0,
49.07,,5.0,,,,,,,,
49.08,,0.0,,,,,,,,
49.11,,,,,3.0,,,,,
49.12,,,,,0.0,,,,,
49.23,,,,,,,,,2.0,
49.24,,,,,,,,,0.0,
49.61,,0.0,,,,,,,,
49.77,,,,,,,,,0.0,
49.8,,,,,,,1.0,,,
49.84,,,,,,,0.0,,,
50.58,,,0.0,,,,,,,
53.89,,,,,,7.0,,,,
53.9,,,,,,0.0,,,,
64.34,,,,,,2.0,,,,
64.35,,,,,,0.0,,,,
73.78,,,,,,2.0,,,,
73.79,,,,,,0.0,,,,
82.73,,,,,,2.0,,,,
82.74,,,,,,0.0,,,,
91.43,,,,,,7.0,,,,
91.44,,,,,,0.0,,,,
106.05,,,,,,,,,1.0,
106.06,,,,,,,,,0.0,
110.5,,,,,,0.0,,,,
115.62,,,,,,,,,4.0,
115.64,,,,,,,,,0.0,
120.0,,,,,,1.0,,,,
120.01,,,,,,0.0,,,,
125.23,,,,,,,,,3.0,
125.24,,,,,,,,,0.0,
129.24,,,,,,0.0,,,,
134.6,,,,,,,,,6.0,
134.61,,,,,,,,,0.0,
138.42,,,,,,0.0,,,,
143.66,,,,,,,,,8.0,
143.68,,,,,,,,,4.0,
143.69,,,,,,,,,0.0,
143.89,,,,,,,,,4.0,
143.9,,,,,,,,,7.0,
143.91,,,,,,,,,0.0,
147.32,,,,,,4.0,,,,
147.33,,,,,,0.0,,,,
153.1,,,,,,,,,5.0,
153.11,,,,,,,,,0.0,
162.2,,,,,,,,,4.0,
162.21,,,,,,,,,0.0,
166.87,,,,,,4.0,,,,
166.89,,,,,,0.0,,,,
175.86,,,,,,5.0,,,,
175.87,,,,,,0.0,,,,
176.48,,,,,,,,,2.0,
176.49,,,,,,,,,1.0,
176.5,,,,,,,,,0.0,
176.58,,,,,,,,,6.0,
176.59,,,,,,,,,0.0,
186.76,,,,,,2.0,,,,
186.77,,,,,,7.0,,,,
186.78,,,,,,0.0,,,,
187.4,,,,,,,,,3.0,
187.41,,,,,,,,,0.0,
195.89,,,,,,3.0,,,,
195.9,,,,,,7.0,,,,
195.91,,,,,,0.0,,,,
196.21,,,,,,,,,1.0,
196.22,,,,,,,,,7.0,
196.23,,,,,,,,,0.0,
205.1,,,,,,5.0,,,,
205.11,,,,,,0.0,,,,
205.32,,,,,,,,,3.0,
205.33,,,,,,,,,0.0,
214.21,,,,,,4.0,,,,
214.22,,,,,,0.0,,,,
215.47,,,,,,,,,2.0,
215.48,,,,,,,,,5.0,
215.49,,,,,,,,,0.0,
223.18,,,,,,3.0,,,,
223.19,,,,,,0.0,,,,
224.81,,,,,,,,,2.0,
224.82,,,,,,,,,7.0,
224.83,,,,,,,,,0.0,
232.1,,,,,,3.0,,,,
232.11,,,,,,0.0,,,,
234.35,,,,,,,,,3.0,
234.36,,,,,,,,,6.0,
234.37,,,,,,,,,0.0,
241.27,,,,,,2.0,,,,
241.28,,,,,,7.0,,,,
241.29,,,,,,0.0,,,,
243.68,,,,,,,,,7.0,
243.69,,,,,,,,,0.0,
251.1,,,,,,3.0,,,,
251.11,,,,,,0.0,,,,
253.76,,,,,,,,,3.0,
253.77,,,,,,,,,0.0,
261.5,,,,,,3.0,,,,
261.56,,,,,,4.0,,,,
261.6,,,,,,4.0,,,,
261.61,,,,,,0.0,,,,
266.07,,,,,,,,,2.0,
266.09,,,,,,,,,3.0,
266.1,,,,,,,,,4.0,
266.12,,,,,,,,,5.0,
266.24,,,,,,,,,6.0,
266.3,,,,,,,,,7.0,
266.33,,,,,,,,,0.0,
308.95,,,,,,,,,1.0,
308.97,,,,,,,,,2.0,
309.06,,,,,,,,,5.0,
309.07,,,,,,,,,7.0,
309.08,,,,,,,,,0.0,
371.53,,,,,,1.0,,,,
371.54,,,,,,2.0,,,,
371.55,,,,,,3.0,,,,
371.57,,,,,,5.0,,,,
371.58,,,,,,0.0,,,,
379.66,,,,,,,,,4.0,
379.67,,,,,,,,,0.0,
390.42,,,,,,1.0,,,,
390.43,,,,,,2.0,,,,
390.46,,,,,,3.0,,,,
390.49,,,,,,4.0,,,,
390.53,,,,,,0.0,,,,
402.93,,,,,,5.0,,,,
402.94,,,,,,0.0,,,,
419.96,,,,,,1.0,,,,
419.97,,,,,,2.0,,,,
419.98,,,,,,3.0,,,,
420.0,,,,,,5.0,,,,
420.01,,,,,,6.0,,,,
420.02,,,,,,0.0,,,,
439.87,,,,,,4.0,,,,
439.9,,,,,,0.0,,,,
441.47,,,,,,,,,1.0,
441.48,,,,,,,,,2.0,
441.49,,,,,,,,,3.0,
441.5,,,,,,,,,0.0,
462.1,,,,,,3.0,,,,
462.11,,,,,,0.0,,,,
466.51,,,,,,,,,2.0,
466.52,,,,,,,,,3.0,
466.55,,,,,,,,,0.0,
476.5,,,,,,,,,3.0,
476.51,,,,,,,,,7.0,
476.52,,,,,,,,,0.0,
486.52,,,,,,,,,3.0,
486.54,,,,,,,,,4.0,
486.55,,,,,,,,,0.0,
496.61,,,,,,,,,6.0,
496.62,,,,,,,,,0.0,
505.66,,,,,,,,,3.0,
505.67,,,,,,,,,0.0,
515.0,,,,,,,,,4.0,
515.01,,,,,,,,,0.0,
515.04,,,,,,3.0,,,,
515.05,,,,,,0.0,,,,
524.5,,,,,36.0,,,,0.0,
524.51,,,,,34.0,,,,,
524.52,,,,,29.0,,,,,
524.53,,,,,27.0,,,,,
524.54,,,,,26.0,,,,,
524.55,,,,,22.0,,,,,
524.56,,,,,19.0,,,,,
524.57,,,,,18.0,,,,,
524.58,,,,,16.0,,,,,
524.59,,,,,14.0,,,,,
524.6,,,,,8.0,,,,,
524.61,,,,,6.0,,,,,
524.62,,,,,1.0,,,,,
524.64,,,,,0.0,,,,,
526.22,,,,,,7.0,,,,
526.23,,,,,,0.0,,,,
533.24,,,,,,,,,4.0,
533.25,,,,,,,,,0.0,
535.95,,,,,3.0,,,,,
535.96,,,,,,6.0,,,,
535.97,,,,,0.0,0.0,,,,
542.98,,,,,,,,,1.0,
542.99,,,,,,,,,7.0,
543.0,,,,,,,,,0.0,
545.51,,,,,,6.0,,,,
545.52,,,,,,0.0,,,,
551.97,,,,,,,,,5.0,
551.98,,,,,,,,,0.0,
554.66,,,,,,3.0,,,,
554.67,,,,,,0.0,,,,
562.53,,,,,,,,,4.0,
562.54,,,,,,,,,0.0,
563.95,,,,,,4.0,,,,
563.96,,,,,,0.0,,,,
571.83,,,,,,,,,3.0,
571.84,,,,,,,,,7.0,
571.85,,,,,,,,,0.0,
573.28,,,,,8.0,2.0,,,,
573.29,,,,,,7.0,,,,
573.3,,,,,6.0,0.0,,,,
573.31,,,,,0.0,,,,,
581.49,,,,,,,,,3.0,
581.5,,,,,,,,,0.0,
590.74,,,,,,,,,5.0,
590.75,,,,,,,,,0.0,
592.99,,,,,,1.0,,,,
593.0,,,,,,0.0,,,,
593.05,,,,,,4.0,,,,
593.06,,,,,,0.0,,,,
602.67,,,,,,,,,4.0,
602.68,,,,,,,,,0.0,
603.37,,,,,,3.0,,,,
603.39,,,,,,4.0,,,,
603.4,,,,,,0.0,,,,
612.61,,,,,,,,,1.0,
612.62,,,,,,,,,7.0,
612.64,,,,,,,,,0.0,
613.57,,,,,,3.0,,,,
613.58,,,,,,0.0,,,,
621.68,,,,,,,,,6.0,
621.69,,,,,,,,,0.0,
622.69,,,,,,3.0,,,,
622.7,,,,,,4.0,,,,
622.71,,,,,,0.0,,,,
631.54,,,,,,,,,6.0,
631.55,,,,,,,,,0.0,
633.65,,,,,,4.0,,,,
633.67,,,,,,0.0,,,,
640.93,,,,,,,,,6.0,
640.94,,,,,,,,,0.0,
642.65,,,,,,7.0,,,,
642.66,,,,,,0.0,,,,
649.73,,,,,,,,,3.0,
649.74,,,,,,,,,0.0,
651.93,,,,,,4.0,,,,
651.94,,,,,,0.0,,,,
658.6,,,,,,,,,2.0,
658.61,,,,,,,,,7.0,
658.62,,,,,,,,,0.0,
661.27,,,,,,4.0,,,,
661.28,,,,,,0.0,,,,
667.97,,,,,,,,,6.0,
667.98,,,,,,,,,0.0,
671.21,,,,,,4.0,,,,
671.22,,,,,,0.0,,,,
676.91,,,,,,,,,1.0,
676.92,,,,,,,,,6.0,
676.93,,,,,,,,,0.0,
680.42,,,,,,3.0,,,,
680.43,,,,,,0.0,,,,
685.94,,,,,,,,,7.0,
685.95,,,,,,,,,0.0,
689.39,,,,,,3.0,,,,
689.4,,,,,,0.0,,,,
695.96,,,,,,,,,1.0,
695.97,,,,,,,,,6.0,
695.98,,,,,,,,,0.0,
698.85,,,,,,4.0,,,,
698.86,,,,,,0.0,,,,
705.15,,,,,,,,,4.0,
705.16,,,,,,,,,0.0,
707.79,,,,,,2.0,,,,
707.8,,,,,,7.0,,,,
707.81,,,,,,0.0,,,,
714.1,,,,,,,,,5.0,
714.11,,,,,,,,,0.0,
717.07,,,,,,14.0,,,,
717.1,,,,,,13.0,,,,
717.11,,,,,,7.0,,,,
717.12,,,,,,5.0,,,,
717.14,,,,,,0.0,,,,
717.56,,,,,,3.0,,,,
717.57,,,,,,6.0,,,,
717.58,,,,,,0.0,,,,
723.45,,,,,,,,,3.0,
723.46,,,,,,,,,0.0,
726.61,,,,,,5.0,,,,
726.62,,,,,,0.0,,,,
732.72,,,,,,,,,3.0,
732.73,,,,,,,,,0.0,
736.12,,,,,,3.0,,,,
736.14,,,,,,0.0,,,,
743.46,,,,,,,,,1.0,
743.47,,,,,,,,,7.0,
743.48,,,,,,,,,0.0,
746.39,,,,,,3.0,,,,
746.41,,,,,,0.0,,,,
746.5,,,,,,4.0,,,,
746.51,,,,,,0.0,,,,
753.14,,,,,,,,,4.0,
753.15,,,,,,,,,0.0,
755.92,,,,,,3.0,,,,
755.93,,,,,,0.0,,,,
763.16,,,,,,,,,4.0,
763.17,,,,,,,,,0.0,
764.89,,,,,,3.0,,,,
764.9,,,,,,0.0,,,,
772.47,,,,,,,,,3.0,
772.48,,,,,,,,,0.0,
781.62,,,,,,,,,4.0,
781.64,,,,,,,,,0.0,
790.18,,,,,,2.0,,,,
790.19,,,,,,3.0,,,,
790.2,,,,,,4.0,,,,
790.22,,,,,,6.0,,,,
790.23,,,,,,0.0,,,,
790.92,,,,,,,,,3.0,
790.94,,,,,,,,,4.0,
790.95,,,,,,,,,5.0,
791.0,,,,,,,,,7.0,
791.02,,,,,,,,,0.0,
800.48,,,,,,3.0,,,,
800.49,,,,,,0.0,,,,
800.59,,,,,,,,,2.0,
800.6,,,,,,,,,0.0,
810.07,,,,,,,,,7.0,
810.08,,,,,,,,,0.0,
810.46,,,,,,4.0,,,,
810.47,,,,,,7.0,,,,
810.48,,,,,,0.0,,,,
818.93,,,,,,,,,1.0,
818.94,,,,,,,,,2.0,
818.96,,,,,,,,,3.0,
818.99,,,,,,,,,4.0,
819.0,,,,,,,,,5.0,
819.02,,,,,,,,,6.0,
819.03,,,,,,,,,0.0,
819.64,,,,,,5.0,,,,
819.65,,,,,,0.0,,,,
829.51,,,,,,,,,3.0,
829.52,,,,,,,,,6.0,
829.53,,,,,,,,,0.0,
829.54,,,,,,4.0,,,,
829.55,,,,,,0.0,,,,
838.91,,,,,,3.0,,,,
838.92,,,,,,7.0,,,,
838.93,,,,,,0.0,,,,
839.22,,,,,,,,,3.0,
839.23,,,,,,,,,0.0,
848.02,,,,,,1.0,,,,
848.03,,,,,,7.0,,,,
848.04,,,,,,0.0,,,,
848.05,,,,,,,,,7.0,
848.06,,,,,,,,,0.0,
857.05,,,,,,,,,7.0,
857.06,,,,,,,,,0.0,
857.09,,,,,,3.0,,,,
857.1,,,,,,0.0,,,,
866.49,,,,,,,,,5.0,
866.5,,,,,,,,,0.0,
866.8,,,,,,3.0,,,,
866.81,,,,,,0.0,,,,
876.51,,,,,,4.0,,,,
876.52,,,,,,0.0,,,,
876.69,,,,,,,,,2.0,
876.7,,,,,,,,,0.0,
885.35,,,,,,,,,6.0,
885.36,,,,,,,,,0.0,
890.85,,,,,,4.0,,,,
890.86,,,,,,0.0,,,,
894.25,,,,,,,,,13.0,
894.27,,,,,,,,,12.0,
894.28,,,,,,,,,6.0,
894.29,,,,,,,,,3.0,
894.3,,,,,,,,,0.0,
894.85,,,,,,,,,3.0,
894.86,,,,,,,,,6.0,
894.87,,,,,,,,,0.0,
900.35,,,,,,1.0,,,,1.0
900.36,,,,,,4.0,,,,
900.37,,,,,,0.0,,,,0.0
905.14,,,,,,,,,6.0,
905.15,,,,,,,,,0.0,
909.85,,,,,,4.0,,,,
909.86,,,,,,0.0,,,,
913.86,,,,,,,,,4.0,
913.87,,,,,,,,,0.0,
918.9,,,,,,4.0,,,,
918.91,,,,,,0.0,,,,
922.79,,,,,,,,,2.0,
922.8,,,,,,,,,1.0,
922.81,,,,,,,,,0.0,
928.5,,,,,,7.0,,,,
928.51,,,,,,0.0,,,,
931.77,,,,,,,,,3.0,
931.78,,,,,,,,,0.0,
937.84,,,,,,1.0,,,,
937.85,,,,,,7.0,,,,
937.86,,,,,,0.0,,,,
940.67,,,,,,,,,2.0,
940.68,,,,,,,,,7.0,
940.69,,,,,,,,,0.0,
946.94,,,,,,3.0,,,,
946.95,,,,,,0.0,,,,
950.34,,,,,,,,,4.0,
950.35,,,,,,,,,0.0,
956.06,,,,,,1.0,,,,
956.07,,,,,,6.0,,,,
956.08,,,,,,0.0,,,,
959.5,,,,,,,,,6.0,
959.51,,,,,,,,,1.0,
959.52,,,,,,,,,0.0,
959.74,,,,,,,,,1.0,
959.75,,,,,,,,,0.0,
965.27,,,,,,4.0,,,,
965.28,,,,,,0.0,,,,
969.45,,,,,,,,,4.0,
969.46,,,,,,,,,0.0,
974.46,,,,,,5.0,,,,
974.47,,,,,,0.0,,,,
978.81,,,,,,,,,3.0,
978.82,,,,,,,,,0.0,
984.02,,,,,,4.0,,,,
984.03,,,,,,0.0,,,,
988.39,,,,,,,,,4.0,
988.4,,,,,,,,,0.0,
993.79,,,,,,3.0,,,,
993.8,,,,,,0.0,,,,
997.5,,,,,,,,,4.0,
997.51,,,,,,,,,0.0,
1003.91,,,,,,4.0,,,,
1003.92,,,,,,0.0,,,,
1007.53,,,,,,,,,3.0,
1007.54,,,,,,,,,0.0,
1013.04,,,,,,3.0,,,,
1013.05,,,,,,0.0,,,,
1016.75,,,,,,,,,5.0,
1016.76,,,,,,,,,0.0,
1022.15,,,,,,4.0,,,,
1022.16,,,,,,0.0,,,,
1025.97,,,,,,,,,3.0,
1025.98,,,,,,,,,0.0,
1031.35,,,,,,4.0,,,,
1031.36,,,,,,0.0,,,,
1035.41,,,,,,,,,3.0,
1035.42,,,,,,,,,0.0,
1040.37,,,,,,6.0,,,,
1040.39,,,,,,0.0,,,,
1044.8,,,,,,,,,1.0,
1044.81,,,,,,,,,7.0,
1044.82,,,,,,,,,0.0,
1049.39,,,,,,3.0,,,,
1049.4,,,,,,0.0,,,,
1055.51,,,,,,,,,10.0,
1055.54,,,,,,,,,5.0,
1055.55,,,,,,,,,0.0,
1055.86,,,,,,,,,4.0,
1055.87,,,,,,,,,0.0,
1059.32,,,,,,3.0,,,,
1059.33,,,,,,0.0,,,,
1064.77,,,,,,,,,4.0,
1064.78,,,,,,,,,0.0,
1068.8,,,,,,5.0,,,,
1068.81,,,,,,0.0,,,,
1073.99,,,,,,,,,4.0,
1074.0,,,,,,,,,0.0,
1078.04,,,,,,7.0,,,,
1078.05,,,,,,0.0,,,,
1083.15,,,,,,,,,4.0,
1083.16,,,,,,,,,0.0,
1087.1,,,,,,7.0,,,,
1087.11,,,,,,0.0,,,,
1092.18,,,,,,,,,7.0,
1092.19,,,,,,,,,0.0,
1096.15,,,,,,4.0,,,,
1096.16,,,,,,0.0,,,,
1101.43,,,,,,,,,7.0,
1101.44,,,,,,,,,0.0,
1105.21,,,,,,4.0,,,,
1105.22,,,,,,0.0,,,,
1110.17,,,,,,,,,5.0,
1110.18,,,,,,,,,0.0,
1114.35,13.0,,,,,1.0,,,,
1114.36,,,,,,7.0,,,,
1114.37,12.0,,,,,0.0,,,,
1114.39,10.0,,,,,,,,,
1114.4,7.0,,,,,,,,,
1114.41,1.0,,,,,,,,,
1114.42,0.0,,,,,,,,,
1119.42,,,,,,,,,4.0,
1119.43,,,,,,,,,0.0,
1123.77,,,,,,2.0,,,,
1123.78,,,,,,0.0,,,,
1128.04,,,,,,,,,3.0,
1128.05,,,,,,,,,0.0,
1137.51,,,,,,,,,4.0,
1137.52,,,,,,,,,0.0,
1143.3,,,,,,4.0,,,,
1143.31,,,,,,0.0,,,,
1146.12,,,,,,,,,1.0,
1146.14,,,,,,,,,7.0,
1146.15,,,,,,,,,0.0,
1152.04,,,,,,3.0,,,,
1152.05,,,,,,0.0,,,,
1154.84,,,,,,,,,1.0,
1154.85,,,,,,,,,7.0,
1154.86,,,,,,,,,0.0,
1160.96,,,,,,5.0,,,,
1160.97,,,,,,0.0,,,,
1163.72,,,,,,,,,4.0,
1163.74,,,,,,,,,0.0,
1163.87,,,,,,,,,4.0,
1163.89,,,,,,,,,0.0,
1170.05,,,,,,7.0,,,,
1170.06,,,,,,0.0,,,,
1172.85,,,,,,,,,3.0,
1172.86,,,,,,,,,0.0,
1179.25,,,,,,0.0,,,,
1181.75,,,,,,,,,7.0,
1181.76,,,,,,,,,0.0,
1188.69,,,,,,3.0,,,,
1188.7,,,,,,0.0,,,,
1190.74,,,,,,,,,7.0,
1190.75,,,,,,,,,0.0,
1198.18,,,,,,3.0,,,,
1198.19,,,,,,0.0,,,,
1201.5,,,,,,,,,6.0,
1201.51,,,,,,,,,0.0,
1207.55,,,,,,2.0,,,,
1207.56,,,,,,7.0,,,,
1207.57,,,,,,0.0,,,,
1217.03,,,,,,3.0,,,,
1217.04,,,,,,0.0,,,,
1226.3,,,,,,7.0,,,,
1226.31,,,,,,0.0,,,,
1235.46,,,,,,1.0,,,,
1235.47,,,,,,7.0,,,,
1235.48,,,,,,0.0,,,,
1236.32,,,,,,,,,6.0,
1236.33,,,,,,,,,0.0,
1244.65,,,,,,7.0,,,,
1244.66,,,,,,0.0,,,,
1245.83,,,,,,,,,9.0,
1245.85,,,,,,,,,7.0,
1245.86,,,,,,,,,4.0,
1245.87,,,,,,,,,0.0,
1246.08,,,,,,,,,4.0,
1246.09,,,,,,,,,7.0,
1246.1,,,,,,,,,0.0,
1254.0,,,,,,3.0,,,,
1254.01,,,,,,0.0,,,,
1255.91,,,,,,,,,3.0,
1255.92,,,,,,,,,0.0,
1263.12,,,,,,4.0,,,,
1263.14,,,,,,0.0,,,,
1264.74,,,,,,,,,2.0,
1264.75,,,,,,,,,0.0,
1264.84,,,,,,,,,4.0,
1264.85,,,,,,,,,0.0,
1272.23,,,,,,3.0,,,,
1272.24,,,,,,7.0,,,,
1272.25,,,,,,0.0,,,,
1275.22,,,,,,,,,2.0,
1275.27,,,,,,,,,3.0,
1275.29,,,,,,,,,4.0,
1275.3,,,,,,,,,0.0,
1337.49,,,,,,,,,1.0,
1337.5,,,,,,,,,3.0,
1337.55,,,,,,,,,5.0,
1337.58,,,,,,,,,6.0,
1337.59,,,,,,,,,0.0,
1357.25,,,,,,2.0,,,,
1357.26,,,,,,0.0,,,,
1357.35,,,,,,6.0,,,,
1357.36,,,,,,0.0,,,,
1375.08,,,,,,3.0,,,,
1375.12,,,,,,4.0,,,,
1375.14,,,,,,0.0,,,,
1388.58,,,,,,3.0,,,,
1388.6,,,,,,4.0,,,,
1388.61,,,,,,0.0,,,,
1408.78,,,,,,,,,3.0,
1408.79,,,,,,,,,4.0,
1408.8,,,,,,,,,0.0,
1413.4,,,,,,3.0,,,,
1413.41,,,,,,5.0,,,,
1413.42,,,,,,0.0,,,,
1429.61,,,,,,2.0,,,,
1429.64,,,,,,4.0,,,,
1429.65,,,,,,0.0,,,,
1458.97,,,,,,3.0,,,,
1459.0,,,,,,4.0,,,,
1459.04,,,,,,6.0,,,,
1459.07,,,,,,0.0,,,,
1476.37,,,,,,,,,5.0,
1476.39,,,,,,,,,4.0,
1476.4,,,,,,,,,0.0,
1476.56,,,,,,,,,1.0,
1476.58,,,,,,,,,2.0,
1476.64,,,,,,,,,3.0,
1476.65,,,,,,,,,4.0,
1476.66,,,,,,,,,0.0,
1489.26,,,,,,,,,3.0,
1489.28,,,,,,,,,0.0,
1489.58,,,,,,1.0,,,,
1489.59,,,,,,2.0,,,,
1489.6,,,,,,3.0,,,,
1489.61,,,,,,4.0,,,,
1489.67,,,,,,5.0,,,,
1489.71,,,,,,6.0,,,,
1489.74,,,,,,7.0,,,,
1489.75,,,,,,0.0,,,,
1499.21,,,,,,,,,3.0,
1499.24,,,,,,,,,7.0,
1499.25,,,,,,,,,0.0,
1508.36,,,,,,,,,3.0,
1508.37,,,,,,,,,6.0,
1508.39,,,,,,,,,0.0,
1517.53,,,,,,,,,3.0,
1517.54,,,,,,,,,4.0,
1517.55,,,,,,,,,7.0,
1517.56,,,,,,,,,0.0,
1527.11,,,,,,1.0,,,,
1527.12,,,,,,5.0,,,,
1527.15,,,,,,6.0,,,,
1527.23,,,,,,7.0,,,,
1527.24,,,,,,0.0,,,,
1547.55,,,,,,,,,1.0,
1547.56,,,,,,,,,5.0,
1547.57,,,,,,,,,6.0,
1547.58,,,,,,,,,0.0,
1552.03,,,,,,4.0,,,,
1552.04,,,,,,5.0,,,,
1552.06,,,,,,6.0,,,,
1552.07,,,,,,7.0,,,,
1552.09,,,,,,0.0,,,,
1558.04,,,,,,,,,4.0,
1558.05,,,,,,,,,0.0,
1567.95,,,,,,,,,3.0,
1567.96,,,,,,,,,0.0,
1568.02,,,,,,4.0,,,,
1568.03,,,,,,0.0,,,,
1577.34,,,,,,,,,4.0,
1577.35,,,,,,,,,0.0,
1577.9,,,,,,5.0,,,,
1577.91,,,,,,0.0,,,,
1586.85,,,,,,,,,3.0,
1586.86,,,,,,,,,0.0,
1587.39,,,,,,7.0,,,,
1587.4,,,,,,0.0,,,,
1596.75,,,,,,,,,5.0,
1596.77,,,,,,1.0,,,0.0,
1596.78,,,,,,3.0,,,,
1596.8,,,,,,0.0,,,,
1609.03,,,,,,3.0,,,,
1609.04,,,,,,0.0,,,,
1609.69,,,,,,,,,4.0,
1609.7,,,,,,,,,6.0,
1609.71,,,,,,,,,0.0,
1618.5,,,,,,2.0,,,,
1618.51,,,,,,7.0,,,,
1618.52,,,,,,0.0,,,,
1619.0,,,,,,,,,4.0,
1619.01,,,,,,,,,0.0,
1627.82,,,,,,1.0,,,,
1627.83,,,,,,2.0,,,,
1627.84,,,,,,7.0,,,,
1627.85,,,,,,0.0,,,,
1628.0,,,,,,,,,5.0,
1628.01,,,,,,,,,0.0,
1636.72,,,,,,,,,3.0,
1636.73,,,,,,,,,0.0,
1646.34,,,,,,,,,6.0,
1646.35,,,,,,,,,0.0,
1647.11,,,,,,5.0,,,,
1647.12,,,,,,0.0,,,,
1656.27,,,,,,,,,1.0,
1656.28,,,,,,,,,7.0,
1656.29,,,,,,,,,0.0,
1656.74,,,,,,5.0,,,,
1656.75,,,,,,0.0,,,,
1665.94,,,,,,6.0,,,,
1665.95,,,,,,0.0,,,,
1666.07,,,,,,,,,3.0,
1666.08,,,,,,,,,0.0,
1675.01,,,,,,4.0,,,,
1675.02,,,,,,0.0,,,,
1675.11,,,,,,,,,3.0,
1675.12,,,,,,,,,0.0,
1684.28,,,,,,6.0,,,,
1684.29,,,,,,0.0,,,,
1684.42,,,,,,,,,3.0,
1684.43,,,,,,,,,0.0,
1693.27,,,,,,3.0,,,,
1693.31,,,,,,4.0,,,,
1693.32,,,,,,0.0,,,,
1694.39,,,,,,,,,3.0,
1694.4,,,,,,,,,0.0,
1702.41,,,,,,4.0,,,,
1702.42,,,,,,0.0,,,,
1703.06,,,,,,,,,1.0,
1703.07,,,,,,,,,7.0,
1703.08,,,,,,,,,0.0,
1711.67,,,,,,3.0,,,,
1711.68,,,,,,0.0,,,,
1712.5,,,,,,,,,1.0,
1712.51,,,,,,,,,6.0,
1712.52,,,,,,,,,7.0,
1712.53,,,,,,,,,0.0,
1721.05,,,,,,2.0,,,,
1721.06,,,,,,0.0,,,,
1721.81,,,,,,,,,4.0,
1721.82,,,,,,,,,0.0,
1729.91,,,,,,3.0,,,,
1729.92,,,,,,0.0,,,,
1731.35,,,,,,,,,1.0,
1731.36,,,,,,,,,7.0,
1731.37,,,,,,,,,0.0,
1740.7,,,,,,,,,4.0,
1740.71,,,,,,,,,0.0,
1741.03,,,,,,3.0,,,,
1741.04,,,,,,0.0,,,,
1750.44,,,,,,,,,5.0,
1750.45,,,,,,,,,0.0,
1755.26,48.0,,,,,,,,,
1755.27,,,,,,6.0,,,,
1755.28,,,,,,0.0,,,,
1755.29,45.0,,,,,,,,,
1755.3,41.0,,,,,,,,,
1755.31,38.0,,,,,,,,,
1755.32,37.0,,,,,,,,,
1755.33,33.0,,,,,,,,,
1755.34,31.0,,,,,,,,,
1755.35,29.0,,,,,,,,,
1755.36,26.0,,,,,,,,,
1755.37,23.0,,,,,,,,,
1755.39,18.0,,,,,,,,,
1755.41,15.0,,,,,,,,,
1755.42,11.0,,,,,,,,,
1755.43,7.0,,,,,,,,,
1755.45,1.0,,,,,,,,,
1755.46,0.0,,,,,,,,,
1760.24,,,,,,,,,6.0,
1760.25,,,,,,,,,0.0,
1765.05,,,,,,2.0,,,,
1765.06,,,,,,0.0,,,,
1771.54,,,,,,,,,3.0,
1771.55,,,,,,,,,5.0,
1771.56,,,,,,,,,0.0,
1774.16,,,,,,3.0,,,,
1774.17,,,,,,0.0,,,,
1780.56,,,,,,,,,4.0,
1780.57,,,,,,,,,6.0,
1780.58,,,,,,,,,0.0,
1788.53,,,,,,3.0,,,,
1788.54,,,,,,0.0,,,,
1789.74,,,,,,,,,3.0,
1789.75,,,,,,,,,0.0,
1797.68,,,,,,3.0,,,,
1797.69,,,,,,0.0,,,,
1798.42,,,,,,,,,7.0,
1798.43,,,,,,,,,0.0,
1807.64,,,,,,,,,4.0,
1807.65,,,,,,,,,0.0,
1807.89,,,,,,3.0,,,,
1807.91,,,,,,4.0,,,,
1807.92,,,,,,0.0,,,,
1817.0,,,,,,,,,0.0,
1817.62,,,,,,3.0,,,,
1817.66,,,,,,4.0,,,,
1817.67,,,,,,0.0,,,,
1826.39,,,,,,,,,5.0,
1826.4,,,,,,,,,0.0,
1826.95,,,,,,8.0,,,,
1826.97,,,,,,5.0,,,,
1826.98,,,,,,1.0,,,,
1826.99,,,,,,0.0,,,,
1827.28,,,,,,4.0,,,,
1827.29,,,,,,0.0,,,,
1835.62,,,,,,,,,4.0,
1835.64,,,,,,,,,0.0,
1836.4,,,,,,7.0,,,,
1836.41,,,,,,0.0,,,,
1845.04,,,,,,,,,3.0,
1845.05,,,,,,,,,0.0,
1845.82,,,,,,2.0,,,,
1845.83,,,,,,0.0,,,,
1845.92,,,,,,3.0,,,,
1845.93,,,,,,0.0,,,,
1855.12,,,,,,4.0,,,,
1855.14,,,,,,0.0,,,,
1869.45,,,,,,6.0,,,,
1869.46,,,,,,0.0,,,,
1876.61,,,,,,,,,3.0,
1876.62,,,,,,,,,0.0,
1878.55,,,,,,2.0,,,,
1878.56,,,,,,0.0,,,,
1885.5,,,,,,,,,3.0,
1885.51,,,,,,,,,0.0,
1887.71,,,,,,4.0,,,,
1887.72,,,,,,0.0,,,,
1896.3,,,,,,,,,4.0,
1896.31,,,,,,,,,0.0,
1897.06,,,,,,3.0,,,,
1897.07,,,,,,0.0,,,,
1905.29,,,,,,,,,7.0,
1905.3,,,,,,,,,0.0,
1906.24,,,,,,3.0,,,,
1906.25,,,,,,0.0,,,,
1915.32,,,,,,4.0,,,,
1915.33,,,,,,0.0,,,,
1924.42,,,,,,4.0,,,,
1924.43,,,,,,0.0,,,,
1933.57,,,,,,3.0,,,,
1933.58,,,,,,0.0,,,,
1935.49,,,,,,,,,3.0,
1935.5,,,,,,,,,0.0,
1942.96,,,,,,3.0,,,,
1942.97,,,,,,0.0,,,,
1947.1,,,,,,,,,3.0,
1947.11,,,,,,,,,0.0,
1952.14,,,,,,4.0,,,,
1952.15,,,,,,0.0,,,,
1955.84,,,,,,,,,1.0,
1955.85,,,,,,,,,7.0,
1955.86,,,,,,,,,0.0,
1961.0,,,,,,4.0,,,,
1961.01,,,,,,0.0,,,,
1964.48,,,,,,,,,6.0,
1964.49,,,,,,,,,0.0,
1970.3,,,,,,3.0,,,,
1970.31,,,,,,0.0,,,,
1973.75,,,,,,,,,4.0,
1973.76,,,,,,,,,0.0,
1983.56,,,,,,,,,6.0,
1983.57,,,,,,,,,0.0,
1984.62,,,,,,3.0,,,,
1984.64,,,,,,0.0,,,,
1992.22,,,,,,,,,1.0,
1992.23,,,,,,,,,7.0,
1992.24,,,,,,,,,0.0,
2001.85,,,,,,,,,4.0,
2001.86,,,,,,,,,0.0,
2003.97,,,,,,4.0,,,,
2003.98,,,,,,0.0,,,,
2011.62,,,,,,,,,4.0,
2011.64,,,,,,,,,0.0,
2014.69,,,,,,5.0,,,,
2014.7,,,,,,0.0,,,,
2020.92,,,,,,,,,3.0,
2020.93,,,,,,,,,0.0,
2023.71,,,,,,3.0,,,,
2023.72,,,,,,0.0,,,,
2029.82,,,,,,,,,4.0,
2029.83,,,,,,,,,0.0,
2032.95,,,,,,6.0,,,,
2032.96,,,,,,0.0,,,,
2039.26,,,,,,,,,3.0,
2039.27,,,,,,,,,0.0,
2041.78,,,,,,3.0,,,,
2041.79,,,,,,0.0,,,,
2048.39,,,,,,,,,3.0,
2048.4,,,,,,,,,0.0,
2050.84,,,,,,4.0,,,,
2050.85,,,,,,0.0,,,,
2057.25,,,,,,,,,0.0,
2059.96,,,,,,18.0,,,,
2059.99,,,,,,16.0,,,,
2060.0,,,,,,9.0,,,,
2060.01,,,,,,6.0,,,,
2060.02,,,,,,1.0,,,,
2060.03,,,,,,0.0,,,,
2060.92,,,,,,3.0,,,,
2060.93,,,,,,7.0,,,,
2060.95,,,,,,0.0,,,,
2066.07,,,,,,,,,2.0,
2066.08,,,,,,,,,0.0,
2075.06,,,,,,3.0,,,,
2075.07,,,,,,0.0,,,,
2075.15,,,,,,,,,3.0,
2075.16,,,,,,,,,0.0,
2084.27,,,,,,,,,4.0,
2084.28,,,,,,,,,0.0,
2084.41,,,,,,4.0,,,,
2084.42,,,,,,0.0,,,,
2093.24,,,,,,,,,6.0,
2093.25,,,,,,,,,0.0,
2093.44,,,,,,3.0,,,,
2093.46,,,,,,4.0,,,,
2093.47,,,,,,0.0,,,,
2102.0,,,,,,,,,2.0,
2102.01,,,,,,,,,4.0,
2102.04,,,,,,,,,0.0,
2102.8,,,,,,1.0,,,,
2102.81,,,,,,7.0,,,,
2102.82,,,,,,0.0,,,,
2111.67,,,,,,7.0,,,,
2111.68,,,,,,0.0,,,,
2111.75,,,,,,,,,0.0,
2120.65,,,,,,3.0,,,,
2120.66,,,,,,0.0,,,,
2121.92,,,,,,,,,7.0,
2121.93,,,,,,,,,0.0,
2129.74,,,,,,3.0,,,,
2129.75,,,,,,0.0,,,,
2132.25,,,,,,,,,0.0,
2138.58,,,,,,5.0,,,,
2138.59,,,,,,0.0,,,,
2141.91,,,,,,,,,3.0,
2141.92,,,,,,,,,0.0,
2147.95,,,,,,3.0,,,,
2147.96,,,,,,0.0,,,,
2150.91,,,,,,,,,4.0,
2150.92,,,,,,,,,0.0,
2157.15,,,,,,3.0,,,,
2157.16,,,,,,0.0,,,,
2161.02,,,,,,,,,7.0,
2161.03,,,,,,,,,0.0,
2166.22,,,,,,4.0,,,,
2166.23,,,,,,0.0,,,,
2171.81,,,,,,,,,1.0,
2171.82,,,,,,,,,3.0,
2171.83,,,,,,,,,5.0,
2171.84,,,,,,,,,0.0,
2175.33,,,,,,7.0,,,,
2175.34,,,,,,0.0,,,,
2182.19,,,,,,,,,4.0,
2182.2,,,,,,,,,0.0,
2184.34,,,,,,3.0,,,,
2184.35,,,,,,0.0,,,,
2191.0,,,,,,,,,2.0,
2191.01,,,,,,,,,7.0,
2191.02,,,,,,,,,0.0,
2193.39,,,,,,6.0,,,,
2193.4,,,,,,0.0,,,,
2200.59,,,,,,,,,3.0,
2200.6,,,,,,,,,0.0,
2203.58,,,,,,3.0,,,,
2203.59,,,,,,7.0,,,,
2203.6,,,,,,0.0,,,,
2211.07,,,,,,,,,3.0,
2211.08,,,,,,,,,0.0,
2212.9,,,,,,3.0,,,,
2212.91,,,,,,0.0,,,,
2221.81,,,,,,,,,3.0,
2221.82,,,,,,,,,0.0,
2222.39,,,,,,6.0,,,,
2222.4,,,,,,0.0,,,,
2230.34,,,,,,,,,1.0,
2230.35,,,,,,,,,3.0,
2230.36,,,,,,,,,0.0,
2231.46,,,,,,2.0,,,,
2231.47,,,,,,0.0,,,,
2239.25,,,,,,,,,0.0,
2240.43,,,,,,3.0,,,,
2240.44,,,,,,0.0,,,,
2247.89,,,,,,,,,5.0,
2247.9,,,,,,,,,0.0,
2249.32,,,,,,3.0,,,,
2249.35,,,,,,4.0,,,,
2249.37,,,,,,0.0,,,,
2258.54,,,,,,7.0,,,,
2258.55,,,,,,0.0,,,,
2258.7,,,,,,,,,1.0,
2258.71,,,,,,,,,7.0,
2258.72,,,,,,,,,0.0,
2267.52,,,,,,,,,7.0,
2267.53,,,,,,5.0,,,0.0,
2267.54,,,,,,0.0,,,,
2276.5,,,,,,,,,0.0,
2277.7,,,,,,2.0,,,,
2277.71,,,,,,7.0,,,,
2277.72,,,,,,0.0,,,,
2285.85,,,,,,,,,6.0,
2285.86,,,,,,,,,0.0,
2288.46,,,,,,6.0,,,,
2288.47,,,,,,0.0,,,,
2294.77,,,,,,,,,4.0,
2294.78,,,,,,,,,0.0,
2297.89,,,,,,4.0,,,,
2297.9,,,,,,0.0,,,,
2304.01,,,,,,,,,5.0,
2304.02,,,,,,,,,0.0,
2306.97,,,,,,3.0,,,,
2306.98,,,,,,0.0,,,,
2312.73,,,,,,,,,4.0,
2312.74,,,,,,,,,0.0,
2316.06,,,,,,3.0,,,,
2316.07,,,,,,0.0,,,,
2322.0,,,,,,,,,4.0,
2322.01,,,,,,,,,0.0,
2325.25,,,,,,2.0,,,,
2325.26,,,,,,7.0,,,,
2325.27,,,,,,0.0,,,,
2332.0,,,,,,,,,7.0,
2332.01,,,,,,,,,0.0,
2334.33,,,,,,4.0,,,,
2334.34,,,,,,0.0,,,,
2340.83,,,,,,,,,3.0,
2340.84,,,,,,,,,0.0,
2344.0,,,,,,6.0,,,,
2344.01,,,,,,0.0,,,,
2352.58,,,,,,,,,3.0,
2352.59,,,,,,,,,0.0,
2353.48,,,,,,2.0,,,,
2353.49,,,,,,0.0,,,,
2361.11,,,,,,,,,4.0,
2361.12,,,,,,,,,0.0,
2362.54,,,,,,4.0,,,,
2362.55,,,,,,0.0,,,,
2371.05,,,,,,,,,3.0,
2371.06,,,,,,,,,0.0,
2371.65,,,,,,4.0,,,,
2371.66,,,,,,0.0,,,,
2380.51,,,,,,,,,2.0,
2380.52,,,,,,,,,0.0,
2381.65,,,,,,1.0,,,,
2381.66,,,,,,7.0,,,,
2381.67,,,,,,0.0,,,,
2389.66,,,,,,,,,3.0,
2389.67,,,,,,,,,7.0,
2389.68,,,,,,,,,0.0,
2391.56,,,,,,3.0,,,,
2391.57,,,,,,0.0,,,,
2399.48,,,,,,,,,5.0,
2399.49,,,,,,,,,0.0,
2400.49,,,,,,3.0,,,,
2400.5,,,,,,0.0,,,,
2408.93,,,,,,,,,4.0,
2408.94,,,,,,,,,0.0,
2409.87,,,,,,7.0,,,,
2409.89,,,,,,0.0,,,,
2419.42,,,,,,,,,2.0,
2419.43,,,,,,,,,0.0,
2424.51,,,,,,7.0,,,,
2424.52,,,,,,0.0,,,,
2428.23,,,,,,,,,2.0,
2428.24,,,,,,,,,7.0,
2428.25,,,,,,,,,0.0,
2434.36,,,,,,3.0,,,,
2434.37,,,,,,0.0,,,,
2437.26,,,,,,,,,4.0,
2437.27,,,,,,,,,0.0,
2446.29,,,,,,,,,5.0,
2446.3,,,,,,,,,0.0,
2455.4,,,,,,,,,1.0,
2455.41,,,,,,,,,7.0,
2455.42,,,,,,,,,0.0,
2459.04,,,,,,40.0,,,,
2459.06,,,,,,37.0,,,,
2459.08,,,,,,32.0,,,,
2459.09,,,,,,31.0,,,,
2459.1,,,,,,27.0,,,,
2459.11,,,,,,25.0,,,,
2459.12,,,,,,22.0,,,,
2459.14,,,,,,18.0,,,,
2459.15,,,,,,16.0,,,,
2459.16,,,,,,14.0,,,,
2459.17,,,,,,12.0,,,,
2459.18,,,,,,10.0,,,,
2459.19,,,,,,7.0,,,,
2459.2,,,,,,0.0,,,,
2461.0,,,,,,7.0,,,,
2461.04,,,,,,0.0,,,,
2464.48,,,,,,,,,3.0,
2464.49,,,,,,,,,0.0,
2470.33,,,,,,4.0,,,,
2470.34,,,,,,0.0,,,,
2474.21,,,,,,,,,4.0,
2474.22,,,,,,,,,0.0,
2479.66,,,,,,1.0,,,,
2479.67,,,,,,7.0,,,,
2479.68,,,,,,0.0,,,,
2483.89,,,,,,,,,3.0,
2483.9,,,,,,,,,0.0,
2488.78,,,,,,4.0,,,,
2488.79,,,,,,0.0,,,,
2493.91,,,,,,,,,3.0,
2493.92,,,,,,,,,0.0,
2498.09,,,,,,4.0,,,,
2498.1,,,,,,0.0,,,,
2504.37,,,,,,,,,4.0,
2504.39,,,,,,,,,0.0,
2507.59,,,,,,3.0,,,,
2507.6,,,,,,0.0,,,,
2513.09,,,,,,,,,4.0,
2513.1,,,,,,,,,0.0,
2516.69,,,,,,2.0,,,,
2516.7,,,,,,7.0,,,,
2516.71,,,,,,0.0,,,,
2522.45,,,,,,,,,4.0,
2522.46,,,,,,,,,0.0,
2525.89,,,,,,4.0,,,,
2525.9,,,,,,0.0,,,,
2532.58,,,,,,,,,4.0,
2532.59,,,,,,,,,0.0,
2535.19,,,,,,0.0,,,,
2541.75,,,,,,,,,0.0,
2544.7,,,,,,1.0,,,,
2544.71,,,,,,0.0,,,,
2551.47,,,,,,,,21.0,3.0,
2551.48,,,,,,,,,0.0,
2551.49,,,,,,,,18.0,,
2551.5,,,,,,,,12.0,,
2551.51,,,,,,,,10.0,,
2551.52,,,,,,,,7.0,,
2551.53,,,,,,,,2.0,,
2551.54,,,,,,,,0.0,,
2553.79,,,,,,4.0,,,,
2553.8,,,,,,0.0,,,,
2560.29,,,,,,,,,3.0,
2560.3,,,,,,,,,0.0,
2562.67,,,,,,3.0,,,,
2562.68,,,,,,0.0,,,,
2569.74,,,,,,,,,5.0,
2569.75,,,,,,,,,0.0,
2579.31,,,,,,,,,6.0,
2579.32,,,,,,,,,0.0,
2590.19,,,,,,,,,3.0,
2590.2,,,,,,,,,0.0,
2592.16,,,,,,3.0,,,,
2592.17,,,,,,0.0,,,,
2601.68,,,,,,4.0,,,,
2601.69,,,,,,0.0,,,,
2604.08,,,,,,,,,4.0,
2604.09,,,,,,,,,0.0,
2610.92,,,,,,4.0,,,,
2610.93,,,,,,0.0,,,,
2613.04,,,,,,,,,3.0,
2613.05,,,,,,,,,0.0,
2621.35,,,,,,3.0,,,,
2621.36,,,,,,0.0,,,,
2622.42,,,,,,,,,5.0,
2622.43,,,,,,,,,0.0,
2631.62,,,,,,,,,3.0,
2631.64,,,,,,,,,0.0,
2635.43,,,,,,3.0,,,,
2635.44,,,,,,0.0,,,,
2640.36,,,,,,,,,3.0,
2640.37,,,,,,,,,0.0,
2644.48,,,,,,7.0,,,,
2644.49,,,,,,0.0,,,,
2650.59,,,,,,,,,2.0,
2650.6,,,,,,,,,0.0,
2653.54,,,,,,4.0,,,,
2653.55,,,,,,0.0,,,,
2659.55,,,,,,,,,1.0,
2659.56,,,,,,,,,0.0,
2662.72,,,,,,3.0,,,,
2662.73,,,,,,0.0,,,,
2668.19,,,,,,,,,3.0,
2668.2,,,,,,,,,0.0,
2672.06,,,,,,4.0,,,,
2672.07,,,,,,0.0,,,,
2677.29,,,,,,,,,3.0,
2677.3,,,,,,,,,0.0,
2681.11,,,,,,6.0,,,,
2681.12,,,,,,0.0,,,,
2686.05,,,,,,,,,3.0,
2686.06,,,,,,,,,0.0,
2690.22,,,,,,4.0,,,,
2690.23,,,,,,0.0,,,,
2695.17,,,,,,,,,3.0,
2695.18,,,,,,,,,0.0,
2699.04,,,,,,3.0,,,,
2699.05,,,,,,0.0,,,,
2704.52,,,,,,,,,4.0,
2704.53,,,,,,,,,0.0,
2708.5,,,,,,4.0,,,,
2708.51,,,,,,0.0,,,,
2714.41,,,,,,,,,6.0,
2714.42,,,,,,,,,0.0,
2723.53,,,,,,,,,4.0,
2723.54,,,,,,,,,0.0,
2732.96,,,,,,,,,6.0,
2732.97,,,,,,,,,0.0,
2738.15,,,,,,3.0,,,,
2738.16,,,,,,0.0,,,,
2741.75,,,,,,,,,4.0,
2741.76,,,,,,,,,0.0,
2747.69,,,,,,3.0,,,,
2747.7,,,,,,0.0,,,,
2750.59,,,,,,,,,4.0,
2750.6,,,,,,,,,0.0,
2756.74,,,,,,4.0,,,,
2756.75,,,,,,0.0,,,,
2759.53,,,,,,,,,3.0,
2759.54,,,,,,,,,0.0,
2768.4,,,,,,,,,2.0,
2768.41,,,,,,,,,3.0,
2768.44,,,,,,,,,4.0,
2768.49,,,,,,,,,5.0,
2768.5,,,,,,,,,6.0,
2768.51,,,,,,,,,7.0,
2768.54,,,,,,,,,0.0,
2777.5,,,,,,,,,3.0,
2777.51,,,,,,,,,7.0,
2777.52,,,,,,,,,0.0,
2786.62,,,,,,,,,1.0,
2786.64,,,,,,,,,0.0,
2791.29,,,,,,3.0,,,,
2791.3,,,,,,0.0,,,,
2795.53,,,,,,,,,1.0,
2795.55,,,,,,,,,0.0,
2800.32,,,,,,3.0,,,,
2800.33,,,,,,0.0,,,,
2804.68,,,,,,,,,3.0,
2804.69,,,,,,,,,0.0,
2810.42,,,,,,6.0,,,,
2810.43,,,,,,0.0,,,,
2813.3,,,,,,,,,3.0,
2813.31,,,,,,,,,0.0,
2819.57,,,,,,3.0,,,,
2819.58,,,,,,0.0,,,,
2822.27,,,,,,,,,5.0,
2822.28,,,,,,,,,0.0,
2831.27,,,,,,,,,2.0,
2831.28,,,,,,,,,0.0,
2841.36,,,,,,,,,2.0,
2841.37,,,,,,,,,0.0,
2844.1,,,,,,4.0,,,,
2844.11,,,,,,0.0,,,,
2852.21,,,,,,,,,3.0,
2852.22,,,,,,,,,0.0,
2853.25,,,,,,0.0,,,,
2861.25,,,,,,,,,0.0,
2862.32,,,,,,4.0,,,,
2862.33,,,,,,0.0,,,,
2870.32,,,,,,,,,4.0,
2870.33,,,,,,,,,0.0,
2880.09,,,,,,,,,25.0,
2880.11,,,,,,,,,24.0,
2880.12,,,,,,,,,22.0,
2880.14,,,,,,,,,19.0,
2880.15,,,,,,,,,16.0,
2880.16,,,,,,,,,13.0,
2880.17,,,,,,,,,9.0,
2880.18,,,,,,,,,8.0,
2880.19,,,,,,,,,3.0,
2880.2,,,,,,,,,0.0,
