time,workflow_completion_percentage,10.32.90.183:37584:1,10.32.90.193:58424:1,10.32.90.195:50298:1,10.32.90.201:56186:1,10.32.90.227:39866:1,10.32.90.243:43116:1,10.32.90.247:60918:1,10.32.91.125:59996:1,10.32.91.175:33678:1,10.32.91.35:46278:1,10.32.94.8:50806:1
0.0,0.0,,,,,,,,,,0.0,
0.01,0.0,0.002507289886474609,0.00126031494140625,0.00126031494140625,0.00126031494140625,0.002505908966064453,0.00126031494140625,0.00126031494140625,,0.00126031494140625,,0.0012589340209960937
0.02,0.0,,,,,,,,,,0.0012589340209960937,
10.34,0.0,,,,0.002507049560546875,,,,,,,
10.35,0.4005340453938584,0.003754024505615234,,,,,0.002507049560546875,,,,,
10.36,0.6675567423230975,,0.002507049560546875,,,,,,,,,
10.39,0.8010680907877168,,,,,,,,,0.002507049560546875,,
10.4,1.2016021361815754,,,,,,,,,,0.0025056686401367188,
10.43,1.335113484646195,,,,,0.0037511482238769536,,,,,,
10.44,1.6021361815754336,,,,,,,,,,,0.0025041732788085936
10.64,1.7356475300400533,0.0049992637634277345,,,,,,,,,,
10.65,1.8691588785046727,,0.003752288818359375,,,,,,,,,
10.7,2.0026702269692924,,,,,,,,,0.003752288818359375,,
13.89,2.1361815754339117,,,,,,0.003752288818359375,,,,,
14.68,2.403204272363151,,,,,,,,,,0.003750907897949219,
14.71,2.403204272363151,,,,,,,,,,,0.003751312255859375
14.72,2.53671562082777,,,0.0025074539184570315,,,,,,,,
15.45,2.9372496662216285,,,,,,0.004999427795410157,,,,,
15.62,3.0707610146862483,,,,0.003754188537597656,,,,,,,
15.65,3.204272363150867,,,,,0.004998287200927734,,,,,,
15.83,3.4712950600801067,,,,,,,,,0.0049982452392578125,,
16.0,4.005340453938585,0.006245220184326172,0.0049982452392578125,,,,,,,,0.004996864318847656,
17.82,4.2723631508678235,,,,,,,0.0025062713623046876,,,,
18.74,4.405874499332444,,,,,,0.006245384216308594,,,,,
19.75,4.539385847797062,,,,,,,,,,,0.004998886108398437
19.76,4.672897196261682,,,,,,,,,,0.00624443817138672,
20.08,4.939919893190921,,,0.0037550277709960935,,,,,,,,
20.59,5.07343124165554,,,,,,0.007492958068847657,,,,,
20.65,5.2069425901201605,,,,0.005001762390136719,,,,,,,
20.72,5.473965287049399,,0.0062458190917968745,,,,,,,,,
20.75,5.607476635514018,,,,0.006249336242675781,,,0.00375384521484375,,,,
20.92,5.874499332443257,,,,,,,,,0.0062458190917968745,,
20.94,5.874499332443257,,,,,,0.00874053192138672,,,,,
20.99,6.141522029372497,,,,,0.006245861053466796,,,,,,
21.12,6.275033377837117,0.0074927940368652345,,,,,,,,,,
21.16,6.408544726301734,,0.007493392944335937,,,,,,,,,
21.21,6.675567423230974,0.008740863800048829,,,,,,,,,,
21.48,6.809078771695594,,,,,,,,,,0.0074925079345703124,
22.85,7.076101468624834,,,,,,,0.005001914978027344,,,,
24.03,7.209612817089453,,,,,,0.009988601684570312,,,,,
24.3,7.343124165554071,,,,,,,,,,,0.006246955871582032
25.25,7.74365821094793,,,0.005003097534179688,,,,,,,,
25.31,7.74365821094793,,,0.006206134796142578,,,,,,,,
25.79,7.87716955941255,,,,,,0.011191638946533203,,,,,
25.89,8.144192256341789,,0.008696430206298828,,,,,,,,,
25.92,8.411214953271028,,,,0.007452373504638672,,,,,,,
26.04,8.411214953271028,,,,,0.007448898315429687,,,,,,
26.08,8.678237650200266,,,,,,,0.006204952239990235,,,,
26.25,8.945260347129507,0.00994390106201172,,,,,,,,,,
26.32,8.945260347129507,,,,,,,,,0.007448856353759766,,
26.55,9.345794392523365,,,,,,,,,,0.008695545196533204,
26.97,9.612817089452603,,,,0.008655410766601562,,,,,,,
26.99,9.612817089452603,,0.009899467468261718,,,,,,,,,
27.96,9.879839786381842,,,,,,,0.007407112121582031,,,,
29.14,10.14686248331108,,,,,,0.012393798828125002,,,,,
29.46,10.14686248331108,,,,,,,,,,,0.007449115753173828
31.02,10.413885180240321,,,0.007408294677734375,,,,,,,,
31.16,10.68090787716956,,,,,,,,,,0.009897705078125,
31.68,10.947930574098798,,,,,,,0.008608444213867188,,,,
31.8,11.214953271028037,,,,0.009856742858886719,,,,,,,
31.81,11.214953271028037,0.011145233154296875,,,,,,,,,,
31.91,11.348464619492656,,0.011100799560546874,,,,,,,,,
31.93,11.481975967957277,,,,,,,,,0.008650188446044923,,
32.02,11.748998664886514,,,,,0.008650230407714843,,,,,,
32.48,12.016021361815755,,,,0.011058723449707031,,,,,,,
32.7,12.283044058744993,0.012347213745117188,,,,,,,,,,
32.72,12.416555407209612,,0.012302780151367187,,,,,,,,,
33.05,12.416555407209612,,,,,,,,,,0.011099685668945312,
33.46,12.683578104138851,,,,,,,0.0098104248046875,,,,
33.93,12.817089452603469,,,,,,,,,,,0.008651096343994141
35.1,13.084112149532709,,,,,,0.013597354888916014,,,,,
35.81,13.21762349799733,,,0.008611850738525391,,,,,,,,
37.49,13.885180240320427,,,,,,,0.011013980865478515,,,,
37.55,13.885180240320427,,,,,0.009853786468505859,,,,,,
37.7,14.018691588785046,,,,,,,,,0.009853744506835937,,
37.74,14.152202937249667,0.013550262451171875,,,,,,,,,,
37.87,14.285714285714285,,,,,,,,,0.011056793212890624,,
37.89,14.419225634178906,,,,,,,,,,0.012302734375,
37.95,14.552736982643525,,,,,0.011056835174560546,,,,,,
38.83,15.086782376502002,,,,0.01226177215576172,,,,,,,
38.86,15.353805073431243,,0.013506431579589844,,,,,0.012217632293701174,,,,
39.56,15.48731642189586,,,,,,,,,,,0.009854747772216796
40.41,15.62082777036048,,,,,,0.014801006317138673,,,,,
41.0,15.7543391188251,,,0.009815502166748046,,,,,,,,
43.37,16.288384512683578,,,,,,,,,0.012258522033691406,,
43.52,16.555407209612817,0.014751991271972657,,,,,,,,,,
43.55,16.555407209612817,,,,,,,0.013419361114501953,,,,
43.72,16.688918558077436,,,,0.013463500976562499,,,,,,,
43.73,16.822429906542055,,,,,0.012258563995361328,,,,,,
43.85,17.089452603471294,,0.014708160400390625,,,,,,,,,
44.17,17.489986648865152,,,,,,,,,,0.013507221221923828,
44.47,17.623497997329775,,0.015912647247314452,,,,,,,,,
44.57,17.75700934579439,,,,0.014667987823486328,,,,,,,
44.67,18.024032042723633,,,,,,,,,,,0.011059234619140625
44.68,18.024032042723633,,,,,,,0.014623847961425782,,,,
45.65,18.424566088117487,,,,,,0.0160054931640625,,,,,
46.24,18.424566088117487,,,0.009827304840087892,,,,,,,,
46.25,18.55807743658211,,,0.009844032287597657,,,,,,,,
46.53,18.55807743658211,,,,,,0.01603304672241211,,,,,
47.58,18.69158878504673,,,0.009860801696777343,,,,,,,,
47.59,18.825100133511345,,,0.009863601684570312,,,,,,,,
47.75,18.958611481975968,,,,,,0.016054428100585938,,,,,
48.5,19.092122830440587,,,,,,,0.01464529037475586,,,,
48.52,19.092122830440587,,,,,,,,,,,0.011080074310302735
48.56,19.225634178905207,0.014772125244140625,,,,,,,,,,
48.57,19.492656875834445,0.01477767562866211,,,,,,,,0.012277114868164064,,
48.6,19.492656875834445,,,,0.014695629119873047,0.012280376434326171,,,,,,
48.82,19.759679572763684,0.014783287048339845,,,,,,,,,,
48.83,19.893190921228303,0.014800083160400391,,,,,,,,,,
48.93,20.026702269692922,,,,,,,,,0.012296348571777343,,
48.94,20.026702269692922,,,,,,,,,,,0.011085514068603515
48.95,20.160213618157545,,,,,,,,,,,0.011098247528076172
49.04,20.160213618157545,,,,,,,,,,0.013520519256591796,
49.07,20.29372496662216,,0.015927188873291014,,,,,,,,,
49.08,20.427236315086784,,0.015938587188720703,,,,,,,,,
49.11,20.427236315086784,,,,,0.012285354614257813,,,,,,
49.12,20.5607476635514,,,,,0.012286262512207033,,,,,,
49.23,20.5607476635514,,,,,,,,,,0.013537372589111326,
49.24,20.69425901201602,,,,,,,,,,0.013543014526367188,
49.61,20.69425901201602,,0.015955322265625002,,,,,,,,,
49.77,20.827770360480642,,,,,,,,,,0.01355337905883789,
49.8,20.961281708945258,,,,,,,0.014649673461914061,,,,
49.84,21.09479305740988,,,,,,,0.014654090881347656,,,,
50.58,21.628838451268358,,,0.009866363525390626,,,,,,,,
53.9,24.833110814419225,,,,,,0.018499305725097656,,,,,
64.34,29.906542056074763,,,,,,0.016054428100585938,,,,,
64.35,30.040053404539385,,,,,,0.018499305725097656,,,,,
73.78,31.37516688918558,,,,,,0.016054428100585938,,,,,
73.79,31.5086782376502,,,,,,0.018499305725097656,,,,,
82.73,31.90921228304406,,,,,,0.016054428100585938,,,,,
82.74,32.04272363150868,,,,,,0.018499305725097656,,,,,
91.43,32.30974632843792,,,,,,0.016054428100585938,,,,,
91.44,32.44325767690254,,,,,,0.018499305725097656,,,,,
106.06,32.576769025367156,,,,,,,,,,0.015998256683349612,
110.5,32.71028037383177,,,,,,0.018499305725097656,,,,,
115.62,32.71028037383177,,,,,,,,,,0.01355337905883789,
115.64,32.843791722296395,,,,,,,,,,0.015998256683349612,
120.0,32.843791722296395,,,,,,0.016054428100585938,,,,,
120.01,32.97730307076102,,,,,,0.018499305725097656,,,,,
125.23,32.97730307076102,,,,,,,,,,0.01355337905883789,
125.24,33.11081441922563,,,,,,,,,,0.015998256683349612,
129.24,33.11081441922563,,,,,,0.01849931335449219,,,,,
134.6,33.244325767690256,,,,,,,,,,0.01355337905883789,
134.61,33.37783711615487,,,,,,,,,,0.01599826431274414,
138.42,33.37783711615487,,,,,,0.018495861053466796,,,,,
143.66,33.51134846461949,,,,,,,,,,0.01355337905883789,
143.68,33.64485981308411,,,,,,,,,,0.0800229377746582,
143.69,33.64485981308411,,,,,,,,,,0.14649249649047852,
143.91,33.77837116154873,,,,,,,,,,0.14893392944335937,
147.32,33.77837116154873,,,,,,0.016054428100585938,,,,,
147.33,33.91188251001335,,,,,,0.018495861053466796,,,,,
153.1,33.91188251001335,,,,,,,,,,0.14649249649047852,
153.11,34.045393858477965,,,,,,,,,,0.14893392944335937,
162.2,34.045393858477965,,,,,,,,,,0.14649249649047852,
162.21,34.17890520694259,,,,,,,,,,0.14893392944335937,
166.87,34.17890520694259,,,,,,0.016054428100585938,,,,,
166.89,34.31241655540721,,,,,,0.01850751113891602,,,,,
175.86,34.31241655540721,,,,,,0.016054428100585938,,,,,
175.87,34.44592790387183,,,,,,0.01850751113891602,,,,,
176.48,34.44592790387183,,,,,,,,,,0.14649249649047852,
176.49,34.57943925233645,,,,,,,,,,0.1631098861694336,
176.5,34.57943925233645,,,,,,,,,,0.17972727584838868,
176.59,34.712950600801065,,,,,,,,,,0.18218035888671874,
186.76,34.712950600801065,,,,,,0.016054428100585938,,,,,
186.78,34.84646194926569,,,,,,0.01850751113891602,,,,,
187.4,34.84646194926569,,,,,,,,,,0.17972727584838868,
187.41,34.979973297730304,,,,,,,,,,0.18218035888671874,
195.89,34.979973297730304,,,,,,0.016054428100585938,,,,,
195.91,35.11348464619493,,,,,,0.01850751113891602,,,,,
196.21,35.11348464619493,,,,,,,,,,0.17972727584838868,
196.23,35.24699599465955,,,,,,,,,,0.18218035888671874,
205.1,35.24699599465955,,,,,,0.016054428100585938,,,,,
205.11,35.380507343124165,,,,,,0.01850751113891602,,,,,
205.32,35.380507343124165,,,,,,,,,,0.17972727584838868,
205.33,35.51401869158878,,,,,,,,,,0.18218035888671874,
214.21,35.51401869158878,,,,,,0.016054428100585938,,,,,
214.22,35.647530040053404,,,,,,0.01850751113891602,,,,,
215.47,35.647530040053404,,,,,,,,,,0.17972727584838868,
215.49,35.78104138851803,,,,,,,,,,0.18218036651611327,
223.18,35.78104138851803,,,,,,0.016054428100585938,,,,,
223.19,35.91455273698264,,,,,,0.018507518768310548,,,,,
224.81,35.91455273698264,,,,,,,,,,0.17972727584838868,
224.83,36.048064085447265,,,,,,,,,,0.18218036651611327,
232.1,36.048064085447265,,,,,,0.016054428100585938,,,,,
232.11,36.18157543391188,,,,,,0.018507518768310548,,,,,
234.35,36.18157543391188,,,,,,,,,,0.17972727584838868,
234.37,36.3150867823765,,,,,,,,,,0.18218036651611327,
241.27,36.3150867823765,,,,,,0.016054428100585938,,,,,
241.29,36.44859813084112,,,,,,0.018507518768310548,,,,,
243.68,36.44859813084112,,,,,,,,,,0.17972727584838868,
243.69,36.58210947930574,,,,,,,,,,0.18218036651611327,
251.1,36.58210947930574,,,,,,0.016054428100585938,,,,,
251.11,36.715620827770366,,,,,,0.018507518768310548,,,,,
253.76,36.715620827770366,,,,,,,,,,0.17972727584838868,
253.77,36.849132176234974,,,,,,,,,,0.18218036651611327,
261.5,36.849132176234974,,,,,,0.016054428100585938,,,,,
261.6,36.9826435246996,,,,,,0.016065383911132814,,,,,
261.61,36.9826435246996,,,,,,0.018507518768310548,,,,,
266.07,36.9826435246996,,,,,,,,,,0.17972727584838868,
266.33,37.11615487316422,,,,,,,,,,0.18218036651611327,
308.95,37.11615487316422,,,,,,,,,,0.17972727584838868,
309.08,37.249666221628836,,,,,,,,,,0.18218036651611327,
371.53,37.249666221628836,,,,,,0.016054428100585938,,,,,
371.58,37.38317757009346,,,,,,0.018507518768310548,,,,,
379.66,37.38317757009346,,,,,,,,,,0.17972727584838868,
379.67,37.516688918558074,,,,,,,,,,0.18218036651611327,
390.41,37.516688918558074,,,,,,0.016054428100585938,,,,,
390.53,37.65020026702269,,,,,,0.018507518768310548,,,,,
402.93,37.65020026702269,,,,,,0.016054428100585938,,,,,
402.94,37.78371161548731,,,,,,0.018507518768310548,,,,,
419.96,37.78371161548731,,,,,,0.016054428100585938,,,,,
420.02,37.917222963951936,,,,,,0.018507518768310548,,,,,
439.87,37.917222963951936,,,,,,0.016054428100585938,,,,,
439.9,38.05073431241656,,,,,,0.018507518768310548,,,,,
441.47,38.05073431241656,,,,,,,,,,0.17972727584838868,
441.5,38.184245660881174,,,,,,,,,,0.18218036651611327,
462.1,38.184245660881174,,,,,,0.016054428100585938,,,,,
462.11,38.31775700934579,,,,,,0.018507518768310548,,,,,
466.51,38.31775700934579,,,,,,,,,,0.17972727584838868,
466.55,38.45126835781041,,,,,,,,,,0.18218036651611327,
476.5,38.45126835781041,,,,,,,,,,0.17972727584838868,
476.52,38.58477970627503,,,,,,,,,,0.18218036651611327,
486.52,38.58477970627503,,,,,,,,,,0.17972727584838868,
486.55,38.71829105473965,,,,,,,,,,0.18218036651611327,
496.61,38.71829105473965,,,,,,,,,,0.17972727584838868,
496.62,38.851802403204275,,,,,,,,,,0.18218036651611327,
505.66,38.851802403204275,,,,,,,,,,0.17972727584838868,
505.67,38.98531375166889,,,,,,,,,,0.18218036651611327,
515.0,38.98531375166889,,,,,,,,,,0.17972727584838868,
515.01,39.118825100133506,,,,,,,,,,0.18218036651611327,
515.04,39.118825100133506,,,,,,0.016054428100585938,,,,,
515.05,39.25233644859813,,,,,,0.018494853973388674,,,,,
524.5,39.38584779706275,,,,,,,,,,0.1821677017211914,
524.51,39.38584779706275,,,,,0.045521041870117185,,,,,,
524.52,39.38584779706275,,,,,0.12860797882080077,,,,,,
524.53,39.38584779706275,,,,,0.16184275436401369,,,,,,
524.54,39.38584779706275,,,,,0.17846014404296875,,,,,,
524.55,39.38584779706275,,,,,0.24492969131469727,,,,,,
524.56,39.38584779706275,,,,,0.2947818565368653,,,,,,
524.57,39.38584779706275,,,,,0.3113992462158203,,,,,,
524.58,39.38584779706275,,,,,0.3446340217590332,,,,,,
524.59,39.38584779706275,,,,,0.3778687973022461,,,,,,
524.6,39.38584779706275,,,,,0.4775731163024903,,,,,,
524.61,39.38584779706275,,,,,0.5108078918457031,,,,,,
524.62,39.38584779706275,,,,,0.593894832611084,,,,,,
524.64,39.38584779706275,,,,,0.6105122184753418,,,,,,
526.22,39.51935914552737,,,,,,0.016054428100585938,,,,,
526.23,39.65287049399199,,,,,,0.018494853973388674,,,,,
533.24,39.65287049399199,,,,,,,,,,0.17972727584838868,
533.25,39.786381842456606,,,,,,,,,,0.18216959381103515,
535.96,39.786381842456606,,,,,,0.016054428100585938,,,,,
535.97,39.91989319092123,,,,,0.6603643836975098,0.01849674606323242,,,,,
542.98,40.053404539385845,,,,,,,,,,0.17972727584838868,
543.0,40.18691588785047,,,,,,,,,,0.18216959381103515,
545.51,40.18691588785047,,,,,,0.016054428100585938,,,,,
545.52,40.32042723631509,,,,,,0.01849674606323242,,,,,
551.97,40.32042723631509,,,,,,,,,,0.17972727584838868,
551.98,40.453938584779706,,,,,,,,,,0.18216959381103515,
554.66,40.453938584779706,,,,,,0.016054428100585938,,,,,
554.67,40.58744993324432,,,,,,0.01849674606323242,,,,,
562.53,40.58744993324432,,,,,,,,,,0.17972727584838868,
562.54,40.720961281708945,,,,,,,,,,0.18216959381103515,
563.95,40.720961281708945,,,,,,0.016054428100585938,,,,,
563.96,40.85447263017357,,,,,,0.01849674606323242,,,,,
571.83,40.85447263017357,,,,,,,,,,0.17972727584838868,
571.85,40.987983978638184,,,,,,,,,,0.18216732025146484,
573.28,40.987983978638184,,,,,,0.016054428100585938,,,,,
573.3,41.1214953271028,,,,,0.6935991554260253,0.01849447250366211,,,,,
573.31,41.1214953271028,,,,,0.7933034858703614,,,,,,
581.49,41.25500667556742,,,,,,,,,,0.17972727584838868,
581.5,41.38851802403204,,,,,,,,,,0.1821820411682129,
590.74,41.38851802403204,,,,,,,,,,0.17972727584838868,
590.75,41.52202937249666,,,,,,,,,,0.1821820411682129,
592.99,41.52202937249666,,,,,,0.016054428100585938,,,,,
593.0,41.655540720961284,,,,,,0.03267181396484375,,,,,
593.06,41.7890520694259,,,,,,0.035126579284667975,,,,,
602.67,41.7890520694259,,,,,,,,,,0.17972727584838868,
602.68,41.922563417890515,,,,,,,,,,0.1821820411682129,
603.37,41.922563417890515,,,,,,0.03267181396484375,,,,,
603.4,42.05607476635514,,,,,,0.035126579284667975,,,,,
612.61,42.05607476635514,,,,,,,,,,0.17972727584838868,
612.64,42.18958611481976,,,,,,,,,,0.1821820411682129,
613.57,42.18958611481976,,,,,,0.03267181396484375,,,,,
613.58,42.32309746328438,,,,,,0.035126579284667975,,,,,
621.68,42.32309746328438,,,,,,,,,,0.17972727584838868,
621.69,42.456608811749,,,,,,,,,,0.1821820411682129,
622.69,42.456608811749,,,,,,0.03267181396484375,,,,,
622.71,42.590120160213615,,,,,,0.035126579284667975,,,,,
631.54,42.590120160213615,,,,,,,,,,0.17972727584838868,
631.55,42.72363150867824,,,,,,,,,,0.1821820411682129,
633.65,42.72363150867824,,,,,,0.03267181396484375,,,,,
633.67,42.857142857142854,,,,,,0.0351265869140625,,,,,
640.93,42.857142857142854,,,,,,,,,,0.17972727584838868,
640.94,42.99065420560748,,,,,,,,,,0.18218204879760744,
642.65,42.99065420560748,,,,,,0.03267181396484375,,,,,
642.66,43.1241655540721,,,,,,0.0351265869140625,,,,,
649.73,43.1241655540721,,,,,,,,,,0.17972727584838868,
649.74,43.257676902536716,,,,,,,,,,0.18218204879760744,
651.93,43.257676902536716,,,,,,0.03267181396484375,,,,,
651.94,43.39118825100133,,,,,,0.0351265869140625,,,,,
658.6,43.39118825100133,,,,,,,,,,0.17972727584838868,
658.62,43.524699599465954,,,,,,,,,,0.18218204879760744,
661.27,43.524699599465954,,,,,,0.03267181396484375,,,,,
661.28,43.65821094793057,,,,,,0.0351265869140625,,,,,
667.97,43.65821094793057,,,,,,,,,,0.17972727584838868,
667.98,43.79172229639519,,,,,,,,,,0.18218204879760744,
671.21,43.79172229639519,,,,,,0.03267181396484375,,,,,
671.22,43.925233644859816,,,,,,0.0351265869140625,,,,,
676.91,43.925233644859816,,,,,,,,,,0.17972727584838868,
676.93,44.05874499332443,,,,,,,,,,0.18218204879760744,
680.42,44.05874499332443,,,,,,0.03267181396484375,,,,,
680.43,44.19225634178905,,,,,,0.0351265869140625,,,,,
685.93,44.19225634178905,,,,,,,,,,0.17972727584838868,
685.95,44.32576769025367,,,,,,,,,,0.18218204879760744,
689.39,44.32576769025367,,,,,,0.03267181396484375,,,,,
689.4,44.45927903871829,,,,,,0.0351265869140625,,,,,
695.96,44.45927903871829,,,,,,,,,,0.17972727584838868,
695.98,44.59279038718291,,,,,,,,,,0.18218204879760744,
698.85,44.59279038718291,,,,,,0.03267181396484375,,,,,
698.86,44.726301735647525,,,,,,0.0351265869140625,,,,,
705.15,44.726301735647525,,,,,,,,,,0.17972727584838868,
705.16,44.85981308411215,,,,,,,,,,0.18218204879760744,
707.79,44.85981308411215,,,,,,0.03267181396484375,,,,,
707.81,44.99332443257677,,,,,,0.0351265869140625,,,,,
714.1,44.99332443257677,,,,,,,,,,0.17972727584838868,
714.11,45.126835781041386,,,,,,,,,,0.18217418670654295,
717.07,45.126835781041386,,,,,,0.03267181396484375,,,,,
717.1,45.26034712950601,,,,,,0.04928919982910156,,,,,
717.11,45.26034712950601,,,,,,0.14899351501464844,,,,,
717.12,45.26034712950601,,,,,,0.18222828674316405,,,,,
717.14,45.26034712950601,,,,,,0.26531521606445313,,,,,
717.58,45.393858477970625,,,,,,0.2677621269226074,,,,,
723.45,45.393858477970625,,,,,,,,,,0.17972727584838868,
723.46,45.52736982643524,,,,,,,,,,0.18217418670654295,
726.61,45.52736982643524,,,,,,0.26531521606445313,,,,,
726.62,45.66088117489986,,,,,,0.2677621269226074,,,,,
732.72,45.66088117489986,,,,,,,,,,0.17972727584838868,
732.73,45.794392523364486,,,,,,,,,,0.18217418670654295,
736.12,45.794392523364486,,,,,,0.26531521606445313,,,,,
736.14,45.92790387182911,,,,,,0.2677621269226074,,,,,
743.46,45.92790387182911,,,,,,,,,,0.17972727584838868,
743.48,46.061415220293725,,,,,,,,,,0.18217734909057617,
746.39,46.061415220293725,,,,,,0.26531521606445313,,,,,
746.41,46.19492656875834,,,,,,0.3151673736572266,,,,,
746.51,46.32843791722296,,,,,,0.31761744689941407,,,,,
753.14,46.32843791722296,,,,,,,,,,0.17972727584838868,
753.15,46.46194926568758,,,,,,,,,,0.18217734909057617,
755.92,46.46194926568758,,,,,,0.3151673736572266,,,,,
755.93,46.5954606141522,,,,,,0.31761744689941407,,,,,
763.16,46.5954606141522,,,,,,,,,,0.17972727584838868,
763.17,46.728971962616825,,,,,,,,,,0.18217734909057617,
764.89,46.728971962616825,,,,,,0.3151673736572266,,,,,
764.9,46.86248331108144,,,,,,0.31761744689941407,,,,,
772.47,46.86248331108144,,,,,,,,,,0.17972727584838868,
772.48,46.99599465954606,,,,,,,,,,0.18217734909057617,
781.62,46.99599465954606,,,,,,,,,,0.17972727584838868,
781.64,47.12950600801068,,,,,,,,,,0.18217734909057617,
790.18,47.12950600801068,,,,,,0.3151673736572266,,,,,
790.23,47.2630173564753,,,,,,0.31761744689941407,,,,,
790.92,47.2630173564753,,,,,,,,,,0.17972727584838868,
791.02,47.39652870493992,,,,,,,,,,0.18217734909057617,
800.48,47.39652870493992,,,,,,0.3151673736572266,,,,,
800.49,47.53004005340454,,,,,,0.3176174545288086,,,,,
800.59,47.53004005340454,,,,,,,,,,0.17972727584838868,
800.6,47.66355140186916,,,,,,,,,,0.1821773567199707,
810.06,47.66355140186916,,,,,,,,,,0.17972727584838868,
810.08,47.79706275033378,,,,,,,,,,0.1821773567199707,
810.46,47.79706275033378,,,,,,0.3151673736572266,,,,,
810.48,47.930574098798395,,,,,,0.3176174545288086,,,,,
818.93,47.930574098798395,,,,,,,,,,0.17972727584838868,
819.03,48.06408544726302,,,,,,,,,,0.1821773567199707,
819.64,48.06408544726302,,,,,,0.3151673736572266,,,,,
819.65,48.197596795727634,,,,,,0.3176174545288086,,,,,
829.51,48.197596795727634,,,,,,,,,,0.17972727584838868,
829.53,48.33110814419225,,,,,,,,,,0.1821773567199707,
829.54,48.33110814419225,,,,,,0.3151673736572266,,,,,
829.55,48.46461949265687,,,,,,0.3176174545288086,,,,,
838.91,48.46461949265687,,,,,,0.3151673736572266,,,,,
838.93,48.598130841121495,,,,,,0.3176174545288086,,,,,
839.22,48.598130841121495,,,,,,,,,,0.17972727584838868,
839.23,48.73164218958611,,,,,,,,,,0.1821773567199707,
848.02,48.73164218958611,,,,,,0.3151673736572266,,,,,
848.04,48.865153538050734,,,,,,0.3176174545288086,,,,,
848.05,48.865153538050734,,,,,,,,,,0.17972727584838868,
848.06,48.99866488651535,,,,,,,,,,0.1821773567199707,
857.04,48.99866488651535,,,,,,,,,,0.17972727584838868,
857.06,49.13217623497997,,,,,,,,,,0.1821773567199707,
857.09,49.13217623497997,,,,,,0.3151673736572266,,,,,
857.1,49.26568758344459,,,,,,0.3176174545288086,,,,,
866.49,49.26568758344459,,,,,,,,,,0.17972727584838868,
866.5,49.39919893190921,,,,,,,,,,0.1821773567199707,
866.8,49.39919893190921,,,,,,0.3151673736572266,,,,,
866.81,49.532710280373834,,,,,,0.3176174545288086,,,,,
876.51,49.532710280373834,,,,,,0.3151673736572266,,,,,
876.52,49.66622162883845,,,,,,0.3176174545288086,,,,,
876.69,49.66622162883845,,,,,,,,,,0.17972727584838868,
876.7,49.799732977303066,,,,,,,,,,0.1821773567199707,
885.35,49.799732977303066,,,,,,,,,,0.17972727584838868,
885.36,49.93324432576769,,,,,,,,,,0.1821773567199707,
890.85,49.93324432576769,,,,,,0.3151673736572266,,,,,
890.86,50.06675567423231,,,,,,0.31761109542846677,,,,,
894.25,50.200267022696934,,,,,,,,,,0.17972727584838868,
894.27,50.200267022696934,,,,,,,,,,0.19634466552734378,
894.28,50.200267022696934,,,,,,,,,,0.2960490036010742,
894.29,50.200267022696934,,,,,,,,,,0.34590117263793946,
894.3,50.200267022696934,,,,,,,,,,0.3957533416748047,
894.87,50.33377837116155,,,,,,,,,,0.39820153808593745,
900.35,50.33377837116155,,,,,,0.3151673736572266,,,,,
900.37,50.467289719626166,,,,,,0.31761557006835933,,,,,0.02771563720703125
905.14,50.60080106809078,,,,,,,,,,0.3957533416748047,
905.15,50.734312416555404,,,,,,,,,,0.39820153808593745,
909.85,50.734312416555404,,,,,,0.3151673736572266,,,,,
909.86,50.86782376502003,,,,,,0.31761557006835933,,,,,
913.86,50.86782376502003,,,,,,,,,,0.3957533416748047,
913.87,51.00133511348465,,,,,,,,,,0.39820153808593745,
918.9,51.00133511348465,,,,,,0.3151673736572266,,,,,
918.91,51.134846461949266,,,,,,0.31761557006835933,,,,,
922.79,51.134846461949266,,,,,,,,,,0.3957533416748047,
922.8,51.268357810413875,,,,,,,,,,0.3981963500976562,
922.81,51.268357810413875,,,,,,,,,,0.39820153808593745,
928.5,51.4018691588785,,,,,,0.3151673736572266,,,,,
928.51,51.4018691588785,,,,,,0.31761557006835933,,,,,
931.77,51.4018691588785,,,,,,,,,,0.3957533416748047,
931.78,51.53538050734312,,,,,,,,,,0.39820153808593745,
937.84,51.53538050734312,,,,,,0.3151673736572266,,,,,
937.86,51.66889185580774,,,,,,0.31761557006835933,,,,,
940.67,51.66889185580774,,,,,,,,,,0.3957533416748047,
940.69,51.802403204272366,,,,,,,,,,0.39820154571533206,
946.94,51.802403204272366,,,,,,0.3151673736572266,,,,,
946.95,51.93591455273698,,,,,,0.3176155776977539,,,,,
950.34,51.93591455273698,,,,,,,,,,0.3957533416748047,
950.35,52.069425901201605,,,,,,,,,,0.39820154571533206,
955.5,52.069425901201605,,,,,,,0.0,,,,
956.06,52.069425901201605,,,,,,0.3151673736572266,,,,,
956.08,52.20293724966621,,,,,,0.31761688232421875,,,,,
959.5,52.336448598130836,,,,,,,,,,0.3957533416748047,
959.51,52.336448598130836,,,,,,,,,,0.47884029006958007,
959.52,52.336448598130836,,,,,,,,,,0.49545767974853516,
959.6,52.336448598130836,,,,0.0,,,,,,,
959.75,52.46995994659546,,,,,,,,,,0.49790718841552734,
965.27,52.46995994659546,,,,,,0.3151673736572266,,,,,
965.28,52.603471295060075,,,,,,0.31761688232421875,,,,,
969.45,52.603471295060075,,,,,,,,,,0.49545767974853516,
969.46,52.7369826435247,,,,,,,,,,0.49790718841552734,
974.46,52.7369826435247,,,,,,0.3151673736572266,,,,,
974.47,52.87049399198932,,,,,,0.31761688232421875,,,,,
978.81,52.87049399198932,,,,,,,,,,0.49545767974853516,
978.82,53.00400534045394,,,,,,,,,,0.49790718841552734,
984.02,53.00400534045394,,,,,,0.3151673736572266,,,,,
984.03,53.13751668891855,,,,,,0.31761688232421875,,,,,
988.39,53.13751668891855,,,,,,,,,,0.49545767974853516,
988.4,53.271028037383175,,,,,,,,,,0.49790718841552734,
993.79,53.271028037383175,,,,,,0.3151673736572266,,,,,
993.8,53.40453938584779,,,,,,0.31761688232421875,,,,,
997.5,53.40453938584779,,,,,,,,,,0.49545767974853516,
997.51,53.538050734312414,,,,,,,,,,0.49790718841552734,
1003.91,53.538050734312414,,,,,,0.3151673736572266,,,,,
1003.92,53.67156208277704,,,,,,0.31761688995361326,,,,,
1007.53,53.67156208277704,,,,,,,,,,0.49545767974853516,
1007.54,53.80507343124166,,,,,,,,,,0.4979071960449219,
1013.04,53.80507343124166,,,,,,0.3151673736572266,,,,,
1013.05,53.938584779706275,,,,,,0.31761688995361326,,,,,
1016.75,53.938584779706275,,,,,,,,,,0.49545767974853516,
1016.76,54.07209612817089,,,,,,,,,,0.4979071960449219,
1022.14,54.07209612817089,,,,,,0.3151673736572266,,,,,
1022.16,54.20560747663551,,,,,,0.31761688995361326,,,,,
1025.97,54.20560747663551,,,,,,,,,,0.49545767974853516,
1025.98,54.33911882510013,,,,,,,,,,0.4979071960449219,
1031.35,54.33911882510013,,,,,,0.3151673736572266,,,,,
1031.36,54.47263017356475,,,,,,0.31761688995361326,,,,,
1035.41,54.47263017356475,,,,,,,,,,0.49545767974853516,
1035.42,54.606141522029375,,,,,,,,,,0.4979071960449219,
1040.37,54.606141522029375,,,,,,0.3151673736572266,,,,,
1040.39,54.73965287049399,,,,,,0.31761688995361326,,,,,
1044.8,54.73965287049399,,,,,,,,,,0.49545767974853516,
1044.82,54.873164218958614,,,,,,,,,,0.4979071960449219,
1049.39,54.873164218958614,,,,,,0.3151673736572266,,,,,
1049.4,55.00667556742322,,,,,,0.31761348724365235,,,,,
1055.51,55.00667556742322,,,,,,,,,,0.49545767974853516,
1055.54,55.140186915887845,,,,,,,,,,0.5785446281433105,
1055.55,55.140186915887845,,,,,,,,,,0.6616315765380859,
1055.87,55.27369826435247,,,,,,,,,,0.6640776901245117,
1059.32,55.27369826435247,,,,,,0.3151673736572266,,,,,
1059.33,55.407209612817084,,,,,,0.31761348724365235,,,,,
1064.77,55.407209612817084,,,,,,,,,,0.6616315765380859,
1064.78,55.54072096128171,,,,,,,,,,0.6640776901245117,
1068.8,55.54072096128171,,,,,,0.3151673736572266,,,,,
1068.81,55.67423230974633,,,,,,0.31761348724365235,,,,,
1073.99,55.67423230974633,,,,,,,,,,0.6616315765380859,
1074.0,55.80774365821095,,,,,,,,,,0.6640776901245117,
1078.03,55.80774365821095,,,,,,0.3151673736572266,,,,,
1078.05,55.94125500667556,,,,,,0.31761348724365235,,,,,
1083.15,55.94125500667556,,,,,,,,,,0.6616315765380859,
1083.16,56.074766355140184,,,,,,,,,,0.6640776901245117,
1087.1,56.074766355140184,,,,,,0.3151673736572266,,,,,
1087.11,56.2082777036048,,,,,,0.31761348724365235,,,,,
1092.18,56.2082777036048,,,,,,,,,,0.6616315765380859,
1092.19,56.34178905206942,,,,,,,,,,0.6640776901245117,
1096.15,56.34178905206942,,,,,,0.3151673736572266,,,,,
1096.16,56.475300400534046,,,,,,0.3176134948730469,,,,,
1101.42,56.475300400534046,,,,,,,,,,0.6616315765380859,
1101.44,56.60881174899867,,,,,,,,,,0.6640776977539062,
1105.21,56.60881174899867,,,,,,0.3151673736572266,,,,,
1105.22,56.742323097463284,,,,,,0.3176134948730469,,,,,
1110.17,56.742323097463284,,,,,,,,,,0.6616315765380859,
1110.18,56.8758344459279,,,,,,,,,,0.6640764999389649,
1114.35,56.8758344459279,,,,,,0.3151673736572266,,,,,
1114.37,57.009345794392516,0.0314174690246582,,,,,0.31761229705810545,,,,,
1114.39,57.009345794392516,0.0646522445678711,,,,,,,,,,
1114.4,57.009345794392516,0.11450440979003908,,,,,,,,,,
1114.41,57.009345794392516,0.214208740234375,,,,,,,,,,
1114.42,57.009345794392516,0.23082612609863282,,,,,,,,,,
1119.42,57.14285714285714,,,,,,,,,,0.6616315765380859,
1119.43,57.27636849132176,,,,,,,,,,0.6640764999389649,
1123.77,57.27636849132176,,,,,,0.3151673736572266,,,,,
1123.78,57.409879839786385,,,,,,0.31761229705810545,,,,,
1128.04,57.409879839786385,,,,,,,,,,0.6616315765380859,
1128.05,57.543391188251,,,,,,,,,,0.6640764999389649,
1137.51,57.543391188251,,,,,,,,,,0.6616315765380859,
1137.52,57.67690253671562,,,,,,,,,,0.6640764999389649,
1143.3,57.67690253671562,,,,,,0.3151673736572266,,,,,
1143.31,57.81041388518023,,,,,,0.31761229705810545,,,,,
1146.12,57.81041388518023,,,,,,,,,,0.6616315765380859,
1146.15,57.943925233644855,,,,,,,,,,0.6640764999389649,
1152.04,57.943925233644855,,,,,,0.3151673736572266,,,,,
1152.05,58.07743658210948,,,,,,0.31761229705810545,,,,,
1154.84,58.07743658210948,,,,,,,,,,0.6616315765380859,
1154.86,58.2109479305741,,,,,,,,,,0.6640764999389649,
1160.96,58.2109479305741,,,,,,0.3151673736572266,,,,,
1160.97,58.344459279038716,,,,,,0.31761421966552733,,,,,
1163.72,58.344459279038716,,,,,,,,,,0.6616315765380859,
1163.74,58.47797062750334,,,,,,,,,,0.7281011352539063,
1163.89,58.61148197596796,,,,,,,,,,0.7305479812622071,
1170.05,58.61148197596796,,,,,,0.3151673736572266,,,,,
1170.06,58.74499332443257,,,,,,0.31761421966552733,,,,,
1172.85,58.74499332443257,,,,,,,,,,0.7281011352539063,
1172.86,58.87850467289719,,,,,,,,,,0.7305479812622071,
1179.25,59.012016021361816,,,,,,0.31761421966552733,,,,,
1181.75,59.14552736982643,,,,,,,,,,0.7281011352539063,
1181.76,59.14552736982643,,,,,,,,,,0.7305479812622071,
1188.69,59.14552736982643,,,,,,0.3151673736572266,,,,,
1188.7,59.279038718291055,,,,,,0.31761421966552733,,,,,
1190.74,59.279038718291055,,,,,,,,,,0.7281011352539063,
1190.75,59.41255006675568,,,,,,,,,,0.7305479812622071,
1198.18,59.41255006675568,,,,,,0.3151673736572266,,,,,
1198.19,59.546061415220294,,,,,,0.31761421966552733,,,,,
1201.5,59.546061415220294,,,,,,,,,,0.7281011352539063,
1201.51,59.67957276368491,,,,,,,,,,0.7305479812622071,
1207.55,59.67957276368491,,,,,,0.3151673736572266,,,,,
1207.57,59.813084112149525,,,,,,0.31761422729492184,,,,,
1217.03,59.813084112149525,,,,,,0.3151673736572266,,,,,
1217.04,59.94659546061415,,,,,,0.31761422729492184,,,,,
1226.29,59.94659546061415,,,,,,0.3151673736572266,,,,,
1226.31,60.08010680907877,,,,,,0.31761422729492184,,,,,
1235.46,60.08010680907877,,,,,,0.3151673736572266,,,,,
1235.48,60.213618157543394,,,,,,0.31761422729492184,,,,,
1236.32,60.213618157543394,,,,,,,,,,0.7281011352539063,
1236.33,60.34712950600801,,,,,,,,,,0.7305479888916016,
1244.64,60.34712950600801,,,,,,0.3151673736572266,,,,,
1244.66,60.48064085447263,,,,,,0.3176084289550781,,,,,
1245.83,60.48064085447263,,,,,,,,,,0.7281011352539063,
1245.85,60.61415220293724,,,,,,,,,,0.7613359146118164,
1245.86,60.61415220293724,,,,,,,,,,0.8111880836486816,
1245.87,60.61415220293724,,,,,,,,,,0.8776576423645019,
1246.1,60.747663551401864,,,,,,,,,,0.8800986976623536,
1254.0,60.747663551401864,,,,,,0.3151673736572266,,,,,
1254.01,60.88117489986649,,,,,,0.3176084289550781,,,,,
1255.91,60.88117489986649,,,,,,,,,,0.8776576423645019,
1255.92,61.01468624833111,,,,,,,,,,0.8800986976623536,
1263.12,61.01468624833111,,,,,,0.3151673736572266,,,,,
1263.14,61.148197596795725,,,,,,0.3176084327697754,,,,,
1264.74,61.148197596795725,,,,,,,,,,0.8776576423645019,
1264.75,61.28170894526035,,,,,,,,,,0.9108924217224121,
1264.85,61.41522029372497,,,,,,,,,,0.9133334808349609,
1272.23,61.41522029372497,,,,,,0.3151673736572266,,,,,
1272.25,61.54873164218958,,,,,,0.3176084327697754,,,,,
1275.22,61.54873164218958,,,,,,,,,,0.9108924217224121,
1275.3,61.6822429906542,,,,,,,,,,0.9133334808349609,
1337.48,61.6822429906542,,,,,,,,,,0.9108924217224121,
1337.59,61.815754339118826,,,,,,,,,,0.9133383026123046,
1357.25,61.815754339118826,,,,,,0.3151673736572266,,,,,
1357.26,61.94926568758344,,,,,,0.3484021453857422,,,,,
1357.36,62.082777036048064,,,,,,0.3508480262756348,,,,,
1375.08,62.082777036048064,,,,,,0.3484021453857422,,,,,
1375.14,62.21628838451269,,,,,,0.3508480262756348,,,,,
1388.58,62.21628838451269,,,,,,0.3484021453857422,,,,,
1388.61,62.34979973297731,,,,,,0.3508480262756348,,,,,
1408.78,62.34979973297731,,,,,,,,,,0.9108924217224121,
1408.8,62.48331108144192,,,,,,,,,,0.9133383026123046,
1413.4,62.48331108144192,,,,,,0.3484021453857422,,,,,
1413.42,62.616822429906534,,,,,,0.3508480262756348,,,,,
1429.61,62.616822429906534,,,,,,0.3484021453857422,,,,,
1429.65,62.75033377837116,,,,,,0.3508480262756348,,,,,
1458.97,62.75033377837116,,,,,,0.3484021453857422,,,,,
1459.07,62.88384512683578,,,,,,0.35086326217651365,,,,,
1476.37,62.88384512683578,,,,,,,,,,0.9108924217224121,
1476.39,63.0173564753004,,,,,,,,,,0.9275098114013672,
1476.4,63.0173564753004,,,,,,,,,,0.9939793701171875,
1476.66,63.150867823765026,,,,,,,,,,0.9964404869079589,
1489.26,63.150867823765026,,,,,,,,,,0.9939793701171875,
1489.28,63.284379172229634,,,,,,,,,,0.9964404869079589,
1489.58,63.284379172229634,,,,,,0.3484021453857422,,,,,
1489.75,63.41789052069425,,,,,,0.35086326217651365,,,,,
1499.21,63.41789052069425,,,,,,,,,,0.9939793701171875,
1499.25,63.55140186915887,,,,,,,,,,0.9964404869079589,
1508.36,63.55140186915887,,,,,,,,,,0.9939793701171875,
1508.39,63.684913217623496,,,,,,,,,,0.9964404869079589,
1517.53,63.684913217623496,,,,,,,,,,0.9939793701171875,
1517.56,63.81842456608812,,,,,,,,,,0.9964404869079589,
1527.11,63.81842456608812,,,,,,0.3484021453857422,,,,,
1527.24,63.951935914552735,,,,,,0.35086326217651365,,,,,
1547.55,63.951935914552735,,,,,,,,,,0.9939793701171875,
1547.58,64.08544726301736,,,,,,,,,,0.9964404869079589,
1552.03,64.08544726301736,,,,,,0.3484021453857422,,,,,
1552.09,64.21895861148197,,,,,,0.35086326217651365,,,,,
1558.04,64.21895861148197,,,,,,,,,,0.9939793701171875,
1558.05,64.35246995994659,,,,,,,,,,0.9964404945373536,
1567.95,64.35246995994659,,,,,,,,,,0.9939793701171875,
1567.96,64.48598130841121,,,,,,,,,,0.9964404945373536,
1568.02,64.48598130841121,,,,,,0.3484021453857422,,,,,
1568.03,64.61949265687583,,,,,,0.3508632698059082,,,,,
1577.34,64.61949265687583,,,,,,,,,,0.9939793701171875,
1577.35,64.75300400534046,,,,,,,,,,0.9964404945373536,
1577.9,64.75300400534046,,,,,,0.3484021453857422,,,,,
1577.91,64.88651535380508,,,,,,0.3508632698059082,,,,,
1586.85,64.88651535380508,,,,,,,,,,0.9939793701171875,
1586.86,65.02002670226969,,,,,,,,,,0.9964404945373536,
1587.39,65.02002670226969,,,,,,0.3484021453857422,,,,,
1587.4,65.15353805073431,,,,,,0.3508632698059082,,,,,
1596.75,65.28704939919892,,,,,,,,,,0.9939793701171875,
1596.77,65.28704939919892,,,,,,0.3484021453857422,,,,0.9964404945373536,
1596.8,65.42056074766354,,,,,,0.3508632698059082,,,,,
1609.03,65.42056074766354,,,,,,0.3484021453857422,,,,,
1609.04,65.55407209612817,,,,,,0.3508632698059082,,,,,
1609.69,65.55407209612817,,,,,,,,,,0.9939793701171875,
1609.71,65.68758344459279,,,,,,,,,,0.9964404945373536,
1618.5,65.68758344459279,,,,,,0.3484021453857422,,,,,
1618.52,65.82109479305741,,,,,,0.3508632698059082,,,,,
1619.0,65.82109479305741,,,,,,,,,,0.9939793701171875,
1619.01,65.95460614152204,,,,,,,,,,0.9964404945373536,
1627.82,65.95460614152204,,,,,,0.3484021453857422,,,,,
1627.85,66.08811748998664,,,,,,0.3508632698059082,,,,,
1628.0,66.08811748998664,,,,,,,,,,0.9939793701171875,
1628.01,66.22162883845127,,,,,,,,,,0.9964404945373536,
1636.72,66.22162883845127,,,,,,,,,,0.9939793701171875,
1636.73,66.35514018691589,,,,,,,,,,0.9964404945373536,
1646.34,66.35514018691589,,,,,,,,,,0.9939793701171875,
1646.35,66.48865153538051,,,,,,,,,,0.9964404945373536,
1647.11,66.48865153538051,,,,,,0.3484021453857422,,,,,
1647.12,66.62216288384512,,,,,,0.3508632698059082,,,,,
1656.27,66.62216288384512,,,,,,,,,,0.9939793701171875,
1656.29,66.75567423230974,,,,,,,,,,0.9964404945373536,
1656.74,66.75567423230974,,,,,,0.3484021453857422,,,,,
1656.75,66.88918558077437,,,,,,0.3508632698059082,,,,,
1665.94,66.88918558077437,,,,,,0.3484021453857422,,,,,
1665.95,67.02269692923898,,,,,,0.3508632698059082,,,,,
1666.07,67.02269692923898,,,,,,,,,,0.9939793701171875,
1666.08,67.1562082777036,,,,,,,,,,0.9964404945373536,
1675.01,67.1562082777036,,,,,,0.3484021453857422,,,,,
1675.02,67.28971962616822,,,,,,0.3508632698059082,,,,,
1675.11,67.28971962616822,,,,,,,,,,0.9939793701171875,
1675.12,67.42323097463284,,,,,,,,,,0.9964404945373536,
1684.28,67.42323097463284,,,,,,0.3484021453857422,,,,,
1684.29,67.55674232309747,,,,,,0.3508632698059082,,,,,
1684.42,67.55674232309747,,,,,,,,,,0.9939793701171875,
1684.43,67.69025367156209,,,,,,,,,,0.9964404945373536,
1693.27,67.69025367156209,,,,,,0.3484021453857422,,,,,
1693.32,67.8237650200267,,,,,,0.3508632698059082,,,,,
1694.39,67.8237650200267,,,,,,,,,,0.9939793701171875,
1694.4,67.95727636849132,,,,,,,,,,0.9964404945373536,
1702.41,67.95727636849132,,,,,,0.3484021453857422,,,,,
1702.42,68.09078771695593,,,,,,0.3508632698059082,,,,,
1703.06,68.09078771695593,,,,,,,,,,0.9939793701171875,
1703.08,68.22429906542055,,,,,,,,,,0.9964404945373536,
1711.67,68.22429906542055,,,,,,0.3484021453857422,,,,,
1711.68,68.35781041388518,,,,,,0.3508632698059082,,,,,
1712.5,68.35781041388518,,,,,,,,,,0.9939793701171875,
1712.53,68.4913217623498,,,,,,,,,,0.9964404945373536,
1721.05,68.4913217623498,,,,,,0.3484021453857422,,,,,
1721.06,68.62483311081442,,,,,,0.3508632698059082,,,,,
1721.81,68.62483311081442,,,,,,,,,,0.9939793701171875,
1721.82,68.75834445927904,,,,,,,,,,0.9964404945373536,
1729.91,68.75834445927904,,,,,,0.3484021453857422,,,,,
1729.92,68.89185580774365,,,,,,0.3508632698059082,,,,,
1731.35,68.89185580774365,,,,,,,,,,0.9939793701171875,
1731.37,69.02536715620828,,,,,,,,,,0.9964404945373536,
1740.7,69.02536715620828,,,,,,,,,,0.9939793701171875,
1740.71,69.1588785046729,,,,,,,,,,0.9964404945373536,
1741.03,69.1588785046729,,,,,,0.3484021453857422,,,,,
1741.04,69.29238985313752,,,,,,0.3508632698059082,,,,,
1750.44,69.29238985313752,,,,,,,,,,0.9939793701171875,
1750.45,69.42590120160213,,,,,,,,,,0.9964270057678223,
1755.27,69.42590120160213,,,,,,0.3484021453857422,,,,,
1755.28,69.55941255006675,,,,,,0.35084978103637693,,,,,
1755.29,69.55941255006675,0.2806782875061035,,,,,,,,,,
1755.3,69.55941255006675,0.34714784240722657,,,,,,,,,,
1755.31,69.55941255006675,0.39699999999999996,,,,,,,,,,
1755.32,69.55941255006675,0.4136173858642578,,,,,,,,,,
1755.33,69.55941255006675,0.48008694076538083,,,,,,,,,,
1755.34,69.55941255006675,0.513321720123291,,,,,,,,,,
1755.35,69.55941255006675,0.5465564956665039,,,,,,,,,,
1755.36,69.55941255006675,0.5964086608886718,,,,,,,,,,
1755.37,69.55941255006675,0.6462608184814452,,,,,,,,,,
1755.39,69.55941255006675,0.7293477516174316,,,,,,,,,,
1755.41,69.55941255006675,0.7791999206542969,,,,,,,,,,
1755.42,69.55941255006675,0.8456694755554199,,,,,,,,,,
1755.43,69.55941255006675,0.9121390266418457,,,,,,,,,,
1755.45,69.55941255006675,1.0118433456420899,,,,,,,,,,
1755.46,69.55941255006675,1.0284607315063476,,,,,,,,,,
1760.24,69.69292389853138,,,,,,,,,,0.9939793701171875,
1760.25,69.82643524699598,,,,,,,,,,0.9964270057678223,
1765.05,69.82643524699598,,,,,,0.3484021453857422,,,,,
1765.06,69.95994659546061,,,,,,0.35084978103637693,,,,,
1771.54,69.95994659546061,,,,,,,,,,0.9939793701171875,
1771.56,70.09345794392523,,,,,,,,,,0.9964270057678223,
1774.16,70.09345794392523,,,,,,0.3484021453857422,,,,,
1774.17,70.22696929238985,,,,,,0.35084978103637693,,,,,
1780.56,70.22696929238985,,,,,,,,,,0.9939793701171875,
1780.58,70.36048064085448,,,,,,,,,,0.9964270057678223,
1788.53,70.36048064085448,,,,,,0.3484021453857422,,,,,
1788.54,70.4939919893191,,,,,,0.35084978103637693,,,,,
1789.74,70.4939919893191,,,,,,,,,,0.9939793701171875,
1789.75,70.62750333778371,,,,,,,,,,0.9964270057678223,
1797.68,70.62750333778371,,,,,,0.3484021453857422,,,,,
1797.69,70.76101468624833,,,,,,0.35084978103637693,,,,,
1798.42,70.76101468624833,,,,,,,,,,0.9939793701171875,
1798.43,70.89452603471294,,,,,,,,,,0.9964270133972167,
1804.5,70.89452603471294,,,,,,,,,,,0.0
1807.64,70.89452603471294,,,,,,,,,,0.9939793701171875,
1807.65,71.02803738317756,,,,,,,,,,0.9964270133972167,
1807.89,71.02803738317756,,,,,,0.3484021453857422,,,,,
1807.92,71.16154873164218,,,,,,0.3508497886657715,,,,,
1817.0,71.29506008010681,,,,,,,,,,0.9964270133972167,
1817.62,71.29506008010681,,,,,,0.3484021453857422,,,,,
1817.67,71.42857142857143,,,,,,0.3508497886657715,,,,,
1826.39,71.42857142857143,,,,,,,,,,0.9939793701171875,
1826.4,71.56208277703605,,,,,,,,,,0.996424057006836,
1826.95,71.56208277703605,,,,,,0.3484021453857422,,,,,
1826.97,71.69559412550066,,,,,,0.3982543029785156,,,,,
1826.98,71.69559412550066,,,,,,0.4647238464355469,,,,,
1826.99,71.69559412550066,,,,,,0.4813412322998047,,,,,
1827.29,71.82910547396529,,,,,,0.48378591918945313,,,,,
1835.62,71.82910547396529,,,,,,,,,,0.9939793701171875,
1835.64,71.96261682242991,,,,,,,,,,0.996424057006836,
1836.39,71.96261682242991,,,,,,0.4813412322998047,,,,,
1836.41,72.09612817089453,,,,,,0.48378591918945313,,,,,
1845.04,72.09612817089453,,,,,,,,,,0.9939793701171875,
1845.05,72.22963951935914,,,,,,,,,,0.9964386596679687,
1845.82,72.22963951935914,,,,,,0.4813412322998047,,,,,
1845.83,72.36315086782376,,,,,,0.5145760040283203,,,,,
1845.93,72.49666221628839,,,,,,0.5170352935791015,,,,,
1855.12,72.49666221628839,,,,,,0.5145760040283203,,,,,
1855.14,72.630173564753,,,,,,0.5170352935791015,,,,,
1869.45,72.630173564753,,,,,,0.5145760040283203,,,,,
1869.46,72.76368491321762,,,,,,0.5170352935791015,,,,,
1876.61,72.76368491321762,,,,,,,,,,0.9939793701171875,
1876.62,72.89719626168224,,,,,,,,,,0.9964386596679687,
1878.55,72.89719626168224,,,,,,0.5145760040283203,,,,,
1878.56,73.03070761014686,,,,,,0.5170352935791015,,,,,
1885.5,73.03070761014686,,,,,,,,,,0.9939793701171875,
1885.51,73.16421895861149,,,,,,,,,,0.9964386596679687,
1887.71,73.16421895861149,,,,,,0.5145760040283203,,,,,
1887.72,73.29773030707611,,,,,,0.5170352935791015,,,,,
1896.3,73.29773030707611,,,,,,,,,,0.9939793701171875,
1896.31,73.43124165554073,,,,,,,,,,0.9964386596679687,
1897.06,73.43124165554073,,,,,,0.5145760040283203,,,,,
1897.07,73.56475300400534,,,,,,0.5170352935791015,,,,,
1905.29,73.56475300400534,,,,,,,,,,0.9939793701171875,
1905.3,73.69826435246995,,,,,,,,,,0.9964386672973632,
1906.24,73.69826435246995,,,,,,0.5145760040283203,,,,,
1906.25,73.83177570093457,,,,,,0.5170353012084961,,,,,
1915.32,73.83177570093457,,,,,,0.5145760040283203,,,,,
1915.33,73.9652870493992,,,,,,0.5170353012084961,,,,,
1924.42,73.9652870493992,,,,,,0.5145760040283203,,,,,
1924.43,74.09879839786382,,,,,,0.5170353012084961,,,,,
1933.57,74.09879839786382,,,,,,0.5145760040283203,,,,,
1933.58,74.23230974632844,,,,,,0.5170353012084961,,,,,
1935.49,74.23230974632844,,,,,,,,,,0.9939793701171875,
1935.5,74.36582109479305,,,,,,,,,,0.9964386672973632,
1942.96,74.36582109479305,,,,,,0.5145760040283203,,,,,
1942.97,74.49933244325767,,,,,,0.5170353012084961,,,,,
1947.1,74.49933244325767,,,,,,,,,,0.9939793701171875,
1947.11,74.6328437917223,,,,,,,,,,0.9964386672973632,
1952.14,74.6328437917223,,,,,,0.5145760040283203,,,,,
1952.15,74.76635514018692,,,,,,0.5170353012084961,,,,,
1955.84,74.76635514018692,,,,,,,,,,0.9939793701171875,
1955.86,74.89986648865154,,,,,,,,,,0.9964386672973632,
1961.0,74.89986648865154,,,,,,0.5145760040283203,,,,,
1961.01,75.03337783711615,,,,,,0.5170353012084961,,,,,
1964.48,75.03337783711615,,,,,,,,,,0.9939793701171875,
1964.49,75.16688918558077,,,,,,,,,,0.9964386672973632,
1970.3,75.16688918558077,,,,,,0.5145760040283203,,,,,
1970.31,75.30040053404538,,,,,,0.5170353012084961,,,,,
1973.75,75.30040053404538,,,,,,,,,,0.9939793701171875,
1973.76,75.43391188251,,,,,,,,,,0.9964386672973632,
1983.56,75.43391188251,,,,,,,,,,0.9939793701171875,
1983.57,75.56742323097463,,,,,,,,,,0.9964386672973632,
1984.62,75.56742323097463,,,,,,0.5145760040283203,,,,,
1984.64,75.70093457943925,,,,,,0.5170353012084961,,,,,
1992.22,75.70093457943925,,,,,,,,,,0.9939793701171875,
1992.24,75.83444592790387,,,,,,,,,,0.9964386672973632,
2001.85,75.83444592790387,,,,,,,,,,0.9939793701171875,
2001.86,75.9679572763685,,,,,,,,,,0.9964386672973632,
2003.97,75.9679572763685,,,,,,0.5145760040283203,,,,,
2003.98,76.10146862483312,,,,,,0.5170353012084961,,,,,
2011.62,76.10146862483312,,,,,,,,,,0.9939793701171875,
2011.64,76.23497997329773,,,,,,,,,,0.9964386672973632,
2014.69,76.23497997329773,,,,,,0.5145760040283203,,,,,
2014.7,76.36849132176235,,,,,,0.5170353012084961,,,,,
2020.92,76.36849132176235,,,,,,,,,,0.9939793701171875,
2020.93,76.50200267022697,,,,,,,,,,0.9964386672973632,
2023.71,76.50200267022697,,,,,,0.5145760040283203,,,,,
2023.72,76.63551401869158,,,,,,0.5170353012084961,,,,,
2029.82,76.63551401869158,,,,,,,,,,0.9939793701171875,
2029.83,76.7690253671562,,,,,,,,,,0.9964386672973632,
2032.95,76.7690253671562,,,,,,0.5145760040283203,,,,,
2032.96,76.90253671562083,,,,,,0.5170353012084961,,,,,
2039.26,76.90253671562083,,,,,,,,,,0.9939793701171875,
2039.27,77.03604806408545,,,,,,,,,,0.9964386672973632,
2041.78,77.03604806408545,,,,,,0.5145760040283203,,,,,
2041.79,77.16955941255006,,,,,,0.5170353012084961,,,,,
2048.39,77.16955941255006,,,,,,,,,,0.9939793701171875,
2048.4,77.30307076101468,,,,,,,,,,0.9964386672973632,
2050.84,77.30307076101468,,,,,,0.5145760040283203,,,,,
2050.85,77.4365821094793,,,,,,0.5170353012084961,,,,,
2057.25,77.57009345794393,,,,,,,,,,0.9964515953063965,
2059.96,77.57009345794393,,,,,,0.5145760040283203,,,,,
2059.99,77.70360480640855,,,,,,0.5478107757568359,,,,,
2060.0,77.70360480640855,,,,,,0.6641324768066406,,,,,
2060.01,77.70360480640855,,,,,,0.7139846343994141,,,,,
2060.02,77.70360480640855,,,,,,0.7970715637207032,,,,,
2060.03,77.70360480640855,,,,,,0.813688949584961,,,,,
2060.95,77.83711615487317,,,,,,0.8161611747741699,,,,,
2066.07,77.83711615487317,,,,,,,,,,0.9939793701171875,
2066.08,77.97062750333778,,,,,,,,,,0.9964515953063965,
2075.06,77.97062750333778,,,,,,0.813688949584961,,,,,
2075.07,78.10413885180239,,,,,,0.8161611747741699,,,,,
2075.15,78.10413885180239,,,,,,,,,,0.9939793701171875,
2075.16,78.23765020026701,,,,,,,,,,0.9964515953063965,
2084.27,78.23765020026701,,,,,,,,,,0.9939793701171875,
2084.28,78.37116154873164,,,,,,,,,,0.9964515953063965,
2084.41,78.37116154873164,,,,,,0.813688949584961,,,,,
2084.42,78.50467289719626,,,,,,0.8161611747741699,,,,,
2093.24,78.50467289719626,,,,,,,,,,0.9939793701171875,
2093.25,78.63818424566088,,,,,,,,,,0.9964515953063965,
2093.44,78.63818424566088,,,,,,0.813688949584961,,,,,
2093.47,78.7716955941255,,,,,,0.8161611747741699,,,,,
2102.0,78.90520694259013,,,,,,,,,,0.9939793701171875,
2102.04,78.90520694259013,,,,,,,,,,0.9964515953063965,
2102.8,78.90520694259013,,,,,,0.813688949584961,,,,,
2102.82,79.03871829105474,,,,,,0.8161611824035644,,,,,
2104.09,79.03871829105474,0.0,,,,,,,,,,
2111.67,79.03871829105474,,,,,,0.813688949584961,,,,,
2111.68,79.17222963951936,,,,,,0.8161611824035644,,,,,
2111.75,79.30574098798398,,,,,,,,,,0.9964516029357909,
2120.65,79.30574098798398,,,,,,0.813688949584961,,,,,
2120.66,79.43925233644859,,,,,,0.8161611824035644,,,,,
2121.92,79.43925233644859,,,,,,,,,,0.9939793701171875,
2121.93,79.57276368491321,,,,,,,,,,0.9964516029357909,
2129.74,79.57276368491321,,,,,,0.813688949584961,,,,,
2129.75,79.70627503337784,,,,,,0.8161611824035644,,,,,
2132.25,79.83978638184246,,,,,,,,,,0.9964516029357909,
2138.58,79.83978638184246,,,,,,0.813688949584961,,,,,
2138.59,79.97329773030707,,,,,,0.8161611824035644,,,,,
2141.91,79.97329773030707,,,,,,,,,,0.9939793701171875,
2141.92,80.10680907877169,,,,,,,,,,0.9964516029357909,
2147.95,80.10680907877169,,,,,,0.813688949584961,,,,,
2147.96,80.24032042723631,,,,,,0.8161611824035644,,,,,
2150.91,80.24032042723631,,,,,,,,,,0.9939793701171875,
2150.92,80.37383177570094,,,,,,,,,,0.9964516029357909,
2157.15,80.37383177570094,,,,,,0.813688949584961,,,,,
2157.16,80.50734312416556,,,,,,0.8161611824035644,,,,,
2161.02,80.50734312416556,,,,,,,,,,0.9939793701171875,
2161.03,80.64085447263018,,,,,,,,,,0.9964516029357909,
2166.22,80.64085447263018,,,,,,0.813688949584961,,,,,
2166.23,80.77436582109479,,,,,,0.8161611824035644,,,,,
2169.35,80.77436582109479,,,,,,,,0.0,,,
2171.81,80.77436582109479,,,,,,,,,,0.9939793701171875,
2171.84,80.90787716955941,,,,,,,,,,0.9964516029357909,
2175.33,80.90787716955941,,,,,,0.813688949584961,,,,,
2175.34,81.04138851802402,,,,,,0.8161611824035644,,,,,
2182.19,81.04138851802402,,,,,,,,,,0.9939793701171875,
2182.2,81.17489986648864,,,,,,,,,,0.9964516029357909,
2184.34,81.17489986648864,,,,,,0.813688949584961,,,,,
2184.35,81.30841121495327,,,,,,0.8161611824035644,,,,,
2191.0,81.44192256341789,,,,,,,,,,0.9939793701171875,
2191.02,81.44192256341789,,,,,,,,,,0.9964516029357909,
2193.39,81.44192256341789,,,,,,0.813688949584961,,,,,
2193.4,81.57543391188251,,,,,,0.8161611824035644,,,,,
2200.59,81.57543391188251,,,,,,,,,,0.9939793701171875,
2200.6,81.70894526034714,,,,,,,,,,0.9964516029357909,
2203.58,81.70894526034714,,,,,,0.813688949584961,,,,,
2203.6,81.84245660881174,,,,,,0.8161611824035644,,,,,
2211.07,81.84245660881174,,,,,,,,,,0.9939793701171875,
2211.08,81.97596795727637,,,,,,,,,,0.9964516029357909,
2212.9,81.97596795727637,,,,,,0.813688949584961,,,,,
2212.91,82.10947930574099,,,,,,0.8161611824035644,,,,,
2221.81,82.10947930574099,,,,,,,,,,0.9939793701171875,
2221.82,82.2429906542056,,,,,,,,,,0.9964516029357909,
2222.39,82.2429906542056,,,,,,0.813688949584961,,,,,
2222.4,82.37650200267022,,,,,,0.8161611824035644,,,,,
2230.34,82.37650200267022,,,,,,,,,,0.9939793701171875,
2230.36,82.51001335113484,,,,,,,,,,0.9964516029357909,
2231.46,82.51001335113484,,,,,,0.813688949584961,,,,,
2231.47,82.64352469959947,,,,,,0.8161611824035644,,,,,
2239.25,82.77703604806408,,,,,,,,,,0.9964516029357909,
2240.43,82.77703604806408,,,,,,0.813688949584961,,,,,
2240.44,82.9105473965287,,,,,,0.8161611824035644,,,,,
2247.89,82.9105473965287,,,,,,,,,,0.9939793701171875,
2247.9,83.04405874499332,,,,,,,,,,0.9964516029357909,
2249.32,83.04405874499332,,,,,,0.813688949584961,,,,,
2249.37,83.17757009345794,,,,,,0.8161611824035644,,,,,
2258.53,83.17757009345794,,,,,,0.8161516647338867,,,,,
2258.54,83.17757009345794,,,,,,0.813688949584961,,,,,
2258.55,83.31108144192257,,,,,,0.8161611824035644,,,,,
2258.7,83.31108144192257,,,,,,,,,,0.9939793701171875,
2258.72,83.44459279038719,,,,,,,,,,0.9964516029357909,
2267.52,83.44459279038719,,,,,,,,,,0.9939793701171875,
2267.53,83.5781041388518,,,,,,0.813688949584961,,,,0.9964516029357909,
2267.54,83.71161548731642,,,,,,0.8161611824035644,,,,,
2276.5,83.84512683578103,,,,,,,,,,0.9964516029357909,
2277.7,83.84512683578103,,,,,,0.813688949584961,,,,,
2277.72,83.97863818424565,,,,,,0.8161611824035644,,,,,
2285.85,83.97863818424565,,,,,,,,,,0.9939793701171875,
2285.86,84.11214953271028,,,,,,,,,,0.9964516029357909,
2288.46,84.11214953271028,,,,,,0.813688949584961,,,,,
2288.47,84.2456608811749,,,,,,0.8161611824035644,,,,,
2294.77,84.2456608811749,,,,,,,,,,0.9939793701171875,
2294.78,84.37917222963952,,,,,,,,,,0.9964516029357909,
2297.89,84.37917222963952,,,,,,0.813688949584961,,,,,
2297.9,84.51268357810414,,,,,,0.8161611824035644,,,,,
2304.01,84.51268357810414,,,,,,,,,,0.9939793701171875,
2304.02,84.64619492656875,,,,,,,,,,0.9964516029357909,
2306.97,84.64619492656875,,,,,,0.813688949584961,,,,,
2306.98,84.77970627503338,,,,,,0.8161611824035644,,,,,
2312.73,84.77970627503338,,,,,,,,,,0.9939793701171875,
2312.74,84.913217623498,,,,,,,,,,0.9964516029357909,
2316.06,84.913217623498,,,,,,0.813688949584961,,,,,
2316.07,85.04672897196261,,,,,,0.8161611824035644,,,,,
2322.0,85.04672897196261,,,,,,,,,,0.9939793701171875,
2322.01,85.18024032042723,,,,,,,,,,0.9964516029357909,
2325.25,85.18024032042723,,,,,,0.813688949584961,,,,,
2325.27,85.31375166889185,,,,,,0.8161611824035644,,,,,
2332.0,85.44726301735648,,,,,,,,,,0.9939793701171875,
2332.01,85.44726301735648,,,,,,,,,,0.9964516029357909,
2334.33,85.44726301735648,,,,,,0.813688949584961,,,,,
2334.34,85.58077436582109,,,,,,0.8161611824035644,,,,,
2340.83,85.58077436582109,,,,,,,,,,0.9939793701171875,
2340.84,85.71428571428571,,,,,,,,,,0.9964516029357909,
2344.0,85.71428571428571,,,,,,0.813688949584961,,,,,
2344.01,85.84779706275033,,,,,,0.8161611824035644,,,,,
2352.58,85.84779706275033,,,,,,,,,,0.9939793701171875,
2352.59,85.98130841121495,,,,,,,,,,0.9964516029357909,
2353.48,85.98130841121495,,,,,,0.813688949584961,,,,,
2353.49,86.11481975967958,,,,,,0.8161611824035644,,,,,
2361.11,86.11481975967958,,,,,,,,,,0.9939793701171875,
2361.12,86.2483311081442,,,,,,,,,,0.9964516029357909,
2362.54,86.2483311081442,,,,,,0.813688949584961,,,,,
2362.55,86.38184245660881,,,,,,0.8161611824035644,,,,,
2371.05,86.38184245660881,,,,,,,,,,0.9939793701171875,
2371.06,86.51535380507343,,,,,,,,,,0.9964516029357909,
2371.65,86.51535380507343,,,,,,0.813688949584961,,,,,
2371.66,86.64886515353804,,,,,,0.8161611824035644,,,,,
2380.51,86.64886515353804,,,,,,,,,,0.9939793701171875,
2380.52,86.78237650200266,,,,,,,,,,0.9964516029357909,
2381.65,86.78237650200266,,,,,,0.813688949584961,,,,,
2381.67,86.91588785046729,,,,,,0.8161611824035644,,,,,
2389.66,86.91588785046729,,,,,,,,,,0.9939793701171875,
2389.68,87.04939919893191,,,,,,,,,,0.9964516029357909,
2391.56,87.04939919893191,,,,,,0.813688949584961,,,,,
2391.57,87.18291054739653,,,,,,0.8161611824035644,,,,,
2399.48,87.18291054739653,,,,,,,,,,0.9939793701171875,
2399.49,87.31642189586114,,,,,,,,,,0.9964516029357909,
2400.49,87.31642189586114,,,,,,0.813688949584961,,,,,
2400.5,87.44993324432576,,,,,,0.8161611824035644,,,,,
2408.93,87.44993324432576,,,,,,,,,,0.9939793701171875,
2408.94,87.58344459279039,,,,,,,,,,0.9964516029357909,
2409.87,87.58344459279039,,,,,,0.813688949584961,,,,,
2409.89,87.71695594125501,,,,,,0.8161611824035644,,,,,
2419.42,87.71695594125501,,,,,,,,,,0.9939793701171875,
2419.43,87.85046728971963,,,,,,,,,,0.9964516029357909,
2424.51,87.85046728971963,,,,,,0.813688949584961,,,,,
2424.52,87.98397863818424,,,,,,0.8161611824035644,,,,,
2428.23,87.98397863818424,,,,,,,,,,0.9939793701171875,
2428.25,88.11748998664886,,,,,,,,,,0.9964516029357909,
2434.36,88.11748998664886,,,,,,0.813688949584961,,,,,
2434.37,88.25100133511347,,,,,,0.8161611824035644,,,,,
2437.26,88.25100133511347,,,,,,,,,,0.9939793701171875,
2437.27,88.3845126835781,,,,,,,,,,0.9964318809509277,
2446.29,88.3845126835781,,,,,,,,,,0.9939793701171875,
2446.3,88.51802403204272,,,,,,,,,,0.9964318809509277,
2455.4,88.51802403204272,,,,,,,,,,0.9939793701171875,
2455.42,88.65153538050734,,,,,,,,,,0.9964318809509277,
2459.04,88.65153538050734,,,,,,0.813688949584961,,,,,
2459.06,88.78504672897196,,,,,,0.8635411071777344,,,,,
2459.08,88.78504672897196,,,,,,0.9466280364990235,,,,,
2459.09,88.78504672897196,,,,,,0.9632454223632813,,,,,
2459.1,88.78504672897196,,,,,,1.0297149658203124,,,,,
2459.11,88.78504672897196,,,,,,1.0629497375488282,,,,,
2459.12,88.78504672897196,,,,,,1.1128018951416014,,,,,
2459.14,88.78504672897196,,,,,,1.179271438598633,,,,,
2459.15,88.78504672897196,,,,,,1.2125062103271484,,,,,
2459.16,88.78504672897196,,,,,,1.2457409820556642,,,,,
2459.17,88.78504672897196,,,,,,1.2789757537841797,,,,,
2459.18,88.78504672897196,,,,,,1.3122105255126952,,,,,
2459.19,88.78504672897196,,,,,,1.3620626831054687,,,,,
2459.2,88.78504672897196,,,,,,1.4783843841552735,,,,,
2461.04,88.91855807743659,,,,,,1.4808368949890136,,,,,
2464.48,88.91855807743659,,,,,,,,,,0.9939793701171875,
2464.49,89.05206942590121,,,,,,,,,,0.9964318809509277,
2470.33,89.05206942590121,,,,,,1.4783843841552735,,,,,
2470.34,89.18558077436582,,,,,,1.4808368949890136,,,,,
2474.21,89.18558077436582,,,,,,,,,,0.9939793701171875,
2474.22,89.31909212283044,,,,,,,,,,0.9964318809509277,
2479.66,89.31909212283044,,,,,,1.4783843841552735,,,,,
2479.68,89.45260347129505,,,,,,1.4808368949890136,,,,,
2483.89,89.45260347129505,,,,,,,,,,0.9939793701171875,
2483.9,89.58611481975967,,,,,,,,,,0.9964318809509277,
2488.78,89.58611481975967,,,,,,1.4783843841552735,,,,,
2488.79,89.7196261682243,,,,,,1.4808368949890136,,,,,
2493.91,89.7196261682243,,,,,,,,,,0.9939793701171875,
2493.92,89.85313751668892,,,,,,,,,,0.9964318885803223,
2498.09,89.85313751668892,,,,,,1.4783843841552735,,,,,
2498.1,89.98664886515354,,,,,,1.4808369026184083,,,,,
2504.37,89.98664886515354,,,,,,,,,,0.9939793701171875,
2504.39,90.12016021361815,,,,,,,,,,0.9964318885803223,
2507.59,90.12016021361815,,,,,,1.4783843841552735,,,,,
2507.6,90.25367156208277,,,,,,1.4808369026184083,,,,,
2513.09,90.25367156208277,,,,,,,,,,0.9939793701171875,
2513.1,90.3871829105474,,,,,,,,,,0.9964318885803223,
2516.69,90.3871829105474,,,,,,1.4783843841552735,,,,,
2516.71,90.52069425901202,,,,,,1.4808369026184083,,,,,
2522.45,90.52069425901202,,,,,,,,,,0.9939793701171875,
2522.46,90.65420560747664,,,,,,,,,,0.9964318885803223,
2525.89,90.65420560747664,,,,,,1.4783843841552735,,,,,
2525.9,90.78771695594125,,,,,,1.4808369026184083,,,,,
2532.58,90.78771695594125,,,,,,,,,,0.9939793701171875,
2532.59,90.92122830440587,,,,,,,,,,0.9964318885803223,
2535.18,90.92122830440587,,,,,,1.4783843841552735,,,,,
2535.19,91.05473965287048,,,,,,1.4808369026184083,,,,,
2541.74,91.05473965287048,,,,,,,,,,0.9939793701171875,
2541.75,91.1882510013351,,,,,,,,,,0.9964318885803223,
2544.7,91.1882510013351,,,,,,1.4783843841552735,,,,,
2544.71,91.32176234979973,,,,,,1.4808294105529787,,,,,
2551.47,91.32176234979973,,,,,,,,,,0.9939793701171875,
2551.48,91.45527369826435,,,,,,,,,,0.9964440460205078,
2551.49,91.45527369826435,,,,,,,,,0.06214850997924805,,
2551.5,91.45527369826435,,,,,,,,,0.16185283279418944,,
2551.51,91.45527369826435,,,,,,,,,0.19508760833740235,,
2551.52,91.45527369826435,,,,,,,,,0.2449397735595703,,
2551.53,91.45527369826435,,,,,,,,,0.3280267143249512,,
2551.54,91.45527369826435,,,,,,,,,0.3612614860534668,,
2553.75,91.58878504672897,,,,,,1.4783843841552735,,,,,
2553.8,91.85580774365822,,,,,,1.4808490600585937,,,,,
2560.29,91.85580774365822,,,,,,,,,,0.9939793701171875,
2560.3,91.98931909212283,,,,,,,,,,0.9964440460205078,
2562.67,91.98931909212283,,,,,,1.4783843841552735,,,,,
2562.68,92.12283044058745,,,,,,1.4808490600585937,,,,,
2569.74,92.12283044058745,,,,,,,,,,0.9939793701171875,
2569.75,92.25634178905207,,,,,,,,,,0.9964440460205078,
2579.3,92.25634178905207,,,,,,,,,,0.995194751739502,
2579.31,92.25634178905207,,,,,,,,,,0.9939793701171875,
2579.32,92.38985313751668,,,,,,,,,,0.9964440460205078,
2590.19,92.38985313751668,,,,,,,,,,0.9939793701171875,
2590.2,92.5233644859813,,,,,,,,,,0.9964440460205078,
2592.16,92.5233644859813,,,,,,1.4783843841552735,,,,,
2592.17,92.65687583444593,,,,,,1.4808490600585937,,,,,
2601.68,92.65687583444593,,,,,,1.4783843841552735,,,,,
2601.69,92.79038718291055,,,,,,1.4808490600585937,,,,,
2604.08,92.79038718291055,,,,,,,,,,0.9939793701171875,
2604.09,92.92389853137516,,,,,,,,,,0.9964440460205078,
2610.92,92.92389853137516,,,,,,1.4783843841552735,,,,,
2610.93,93.05740987983978,,,,,,1.4808490676879882,,,,,
2613.04,93.05740987983978,,,,,,,,,,0.9939793701171875,
2613.05,93.1909212283044,,,,,,,,,,0.9964440536499024,
2621.35,93.1909212283044,,,,,,1.4783843841552735,,,,,
2621.36,93.32443257676903,,,,,,1.4808490676879882,,,,,
2622.42,93.32443257676903,,,,,,,,,,0.9939793701171875,
2622.43,93.45794392523365,,,,,,,,,,0.9964440536499024,
2631.62,93.45794392523365,,,,,,,,,,0.9939793701171875,
2631.64,93.59145527369826,,,,,,,,,,0.9964440536499024,
2635.43,93.59145527369826,,,,,,1.4783843841552735,,,,,
2635.44,93.72496662216288,,,,,,1.4808490676879882,,,,,
2640.36,93.72496662216288,,,,,,,,,,0.9939793701171875,
2640.37,93.85847797062749,,,,,,,,,,0.9964440536499024,
2644.48,93.85847797062749,,,,,,1.4783843841552735,,,,,
2644.49,93.99198931909211,,,,,,1.4808490676879882,,,,,
2650.59,93.99198931909211,,,,,,,,,,0.9939793701171875,
2650.6,94.12550066755674,,,,,,,,,,0.9964440536499024,
2653.54,94.12550066755674,,,,,,1.4783843841552735,,,,,
2653.55,94.25901201602136,,,,,,1.4808490676879882,,,,,
2659.55,94.25901201602136,,,,,,,,,,0.9939793701171875,
2659.56,94.39252336448598,,,,,,,,,,0.9964440536499024,
2662.72,94.39252336448598,,,,,,1.4783843841552735,,,,,
2662.73,94.5260347129506,,,,,,1.4808490676879882,,,,,
2668.19,94.5260347129506,,,,,,,,,,0.9939793701171875,
2668.2,94.65954606141523,,,,,,,,,,0.9964440536499024,
2672.06,94.65954606141523,,,,,,1.4783843841552735,,,,,
2672.07,94.79305740987984,,,,,,1.4808490676879882,,,,,
2677.29,94.79305740987984,,,,,,,,,,0.9939793701171875,
2677.3,94.92656875834446,,,,,,,,,,0.9964440536499024,
2681.11,94.92656875834446,,,,,,1.4783843841552735,,,,,
2681.12,95.06008010680908,,,,,,1.4808490676879882,,,,,
2686.05,95.06008010680908,,,,,,,,,,0.9939793701171875,
2686.06,95.19359145527369,,,,,,,,,,0.9964440536499024,
2690.22,95.19359145527369,,,,,,1.4783843841552735,,,,,
2690.23,95.32710280373831,,,,,,1.4808490676879882,,,,,
2695.17,95.32710280373831,,,,,,,,,,0.9939793701171875,
2695.18,95.46061415220294,,,,,,,,,,0.9964440536499024,
2699.04,95.46061415220294,,,,,,1.4783843841552735,,,,,
2699.05,95.59412550066756,,,,,,1.4808490676879882,,,,,
2704.52,95.59412550066756,,,,,,,,,,0.9939793701171875,
2704.53,95.72763684913217,,,,,,,,,,0.9964440536499024,
2708.5,95.72763684913217,,,,,,1.4783843841552735,,,,,
2708.51,95.86114819759679,,,,,,1.4808490676879882,,,,,
2714.41,95.86114819759679,,,,,,,,,,0.9939793701171875,
2714.42,95.99465954606141,,,,,,,,,,0.9964440536499024,
2723.53,95.99465954606141,,,,,,,,,,0.9939793701171875,
2723.54,96.12817089452604,,,,,,,,,,0.9964440536499024,
2732.96,96.12817089452604,,,,,,,,,,0.9939793701171875,
2732.97,96.26168224299066,,,,,,,,,,0.9964440536499024,
2738.15,96.26168224299066,,,,,,1.4783843841552735,,,,,
2738.16,96.39519359145527,,,,,,1.4808490676879882,,,,,
2741.75,96.39519359145527,,,,,,,,,,0.9939793701171875,
2741.76,96.52870493991989,,,,,,,,,,0.9964440536499024,
2747.69,96.52870493991989,,,,,,1.4783843841552735,,,,,
2747.7,96.6622162883845,,,,,,1.4808490676879882,,,,,
2750.59,96.6622162883845,,,,,,,,,,0.9939793701171875,
2750.6,96.79572763684912,,,,,,,,,,0.9964440536499024,
2756.74,96.79572763684912,,,,,,1.4783843841552735,,,,,
2756.75,96.92923898531375,,,,,,1.4808490676879882,,,,,
2759.53,96.92923898531375,,,,,,,,,,0.9939793701171875,
2759.54,97.06275033377837,,,,,,,,,,0.9964440536499024,
2768.4,97.06275033377837,,,,,,,,,,0.9939793701171875,
2768.54,97.19626168224299,,,,,,,,,,0.9964440536499024,
2777.5,97.19626168224299,,,,,,,,,,0.9939793701171875,
2777.52,97.32977303070761,,,,,,,,,,0.9964440536499024,
2786.62,97.32977303070761,,,,,,,,,,0.9939793701171875,
2786.64,97.46328437917222,,,,,,,,,,0.9964440536499024,
2791.29,97.46328437917222,,,,,,1.4783843841552735,,,,,
2791.3,97.59679572763685,,,,,,1.4808490676879882,,,,,
2795.53,97.59679572763685,,,,,,,,,,0.9939793701171875,
2795.55,97.73030707610147,,,,,,,,,,0.9964440536499024,
2800.32,97.73030707610147,,,,,,1.4783843841552735,,,,,
2800.33,97.86381842456609,,,,,,1.4808490676879882,,,,,
2804.68,97.86381842456609,,,,,,,,,,0.9939793701171875,
2804.69,97.9973297730307,,,,,,,,,,0.9964440536499024,
2810.42,97.9973297730307,,,,,,1.4783843841552735,,,,,
2810.43,98.13084112149532,,,,,,1.4808490676879882,,,,,
2813.3,98.13084112149532,,,,,,,,,,0.9939793701171875,
2813.31,98.26435246995995,,,,,,,,,,0.9964440536499024,
2819.57,98.26435246995995,,,,,,1.4783843841552735,,,,,
2819.58,98.39786381842455,,,,,,1.4808490676879882,,,,,
2822.27,98.39786381842455,,,,,,,,,,0.9939793701171875,
2822.28,98.53137516688918,,,,,,,,,,0.9964440536499024,
2831.26,98.53137516688918,,,,,,,,,,0.9939793701171875,
2831.28,98.6648865153538,,,,,,,,,,0.9964440536499024,
2841.36,98.6648865153538,,,,,,,,,,0.9939793701171875,
2841.37,98.79839786381842,,,,,,,,,,0.9964440536499024,
2844.1,98.79839786381842,,,,,,1.4783843841552735,,,,,
2844.11,98.93190921228305,,,,,,1.4808490676879882,,,,,
2852.21,98.93190921228305,,,,,,,,,,0.9939793701171875,
2852.22,99.06542056074767,,,,,,,,,,0.9964440536499024,
2853.25,99.19893190921229,,,,,,1.4808490676879882,,,,,
2861.25,99.3324432576769,,,,,,,,,,0.9964440536499024,
2862.32,99.3324432576769,,,,,,1.4783843841552735,,,,,
2862.33,99.46595460614151,,,,,,1.4808490676879882,,,,,
2870.32,99.46595460614151,,,,,,,,,,0.9939793701171875,
2870.33,99.59946595460613,,,,,,,,,,0.9964440536499024,
2874.05,99.59946595460613,,,,,,1.4783843841552735,,,,,
2880.09,99.73297730307075,,,,,,,,,,0.9939793701171875,
2880.11,99.86648865153538,,,,,,,,,,1.0105967597961425,
2880.12,99.86648865153538,,,,,,,,,,1.0438315391540527,
2880.14,99.86648865153538,,,,,,,,,,1.093683708190918,
2880.15,99.86648865153538,,,,,,,,,,1.1435358772277833,
2880.16,99.86648865153538,,,,,,,,,,1.1933880462646484,
2880.17,99.86648865153538,,,,,,,,,,1.2598576049804686,
2880.18,99.86648865153538,,,,,,,,,,1.2764749946594238,
2880.19,99.86648865153538,,,,,,,,,,1.3595619430541992,
2880.2,99.86648865153538,,,,,,,,,,1.4094141120910646,
2881.4,100.0,,,,,,0.0,,0.0,0.0,0.0,
2881.41,100.0,,0.0,0.0,,0.0,0.0,,,,,
