time,10.32.89.107:56758:1,10.32.89.11:45958:1,10.32.89.121:51138:1,10.32.89.243:56458:1,10.32.89.93:35798:1
0.0,2.0,2.0,2.0,2.0,2.0
3.42,,,,1.0,
3.43,,,,2.0,
3.63,,,,2.0,
6.7,,,,1.0,
6.71,,,,2.0,
7.17,,,,1.0,
7.18,,,,2.0,
25.7,,,,1.0,
25.71,,,,2.0,
28.98,,,2.0,,
29.08,,,1.0,,
29.09,,,2.0,,
34.25,,,,,1.0
34.26,,,,,2.0
34.38,,,,,1.0
34.39,,,,,2.0
35.33,1.0,,,,
35.34,2.0,,,,
36.24,1.0,,,,
36.25,2.0,,,,
41.53,,1.0,,,
41.54,,2.0,,,
42.91,,,,2.0,
56.76,,,2.0,,
57.02,,,2.0,,
58.29,,2.0,,,
61.5,,,,2.0,
61.63,,,,2.0,
68.76,,,,,1.0
68.77,,,,,2.0
68.8,,,,,2.0
72.12,2.0,,,,
73.02,,2.0,,,
74.97,1.0,,,,
74.98,2.0,,,,
75.56,1.0,,,,
75.56,2.0,,,,
85.04,,,1.0,,
85.05,,,1.0,,
85.06,,,2.0,,
85.91,,2.0,,,
93.5,2.0,,,,
97.5,,,,2.0,
97.53,,,,2.0,
102.82,,,,,1.0
102.83,,,,,0.0
102.84,,,,,1.0
104.05,,2.0,,,
107.06,,,,,0.0
108.21,,,,,1.0
111.0,,,,,1.0
112.25,2.0,,,,
112.9,,,,,0.0
112.96,,,,,1.0
113.42,,,2.0,,
113.44,,,1.0,,
113.45,,,2.0,,
115.73,1.0,,,,
115.74,2.0,,,,
119.7,,1.0,,,
119.71,,2.0,,,
125.32,,2.0,,,
128.16,1.0,,,,
128.16,2.0,,,,
128.5,,,2.0,,
141.62,,,2.0,,
143.16,,,,1.0,
143.18,,,,2.0,
143.8,,,,2.0,
146.72,,,,2.0,
147.46,,,,2.0,
150.93,1.0,,,,
150.94,2.0,,,,
155.41,,1.0,,,
155.41,,2.0,,,
156.75,,,2.0,,
159.81,,1.0,,,
159.82,,2.0,,,
163.26,2.0,,,,
165.62,,,,1.0,
165.63,,,,2.0,
169.76,,,1.0,,
169.77,,,2.0,,
172.0,,,,,0.0
172.62,,,1.0,,
172.63,,,2.0,,
175.8,,,1.0,,
175.81,,,2.0,,
177.5,,,,,1.0
181.83,,,,,0.0
183.06,,,,,1.0
183.24,,,,2.0,
184.74,,,2.0,,
185.91,,,,,1.0
187.68,,,,,0.0
187.72,,,,,1.0
190.99,,,1.0,,
191.0,,,2.0,,
201.2,,,,2.0,
205.68,,1.0,,,
205.69,,2.0,,,
206.44,,2.0,,,
206.53,1.0,,,,
206.54,2.0,,,,
208.48,2.0,,,,
212.04,2.0,,,,
213.0,,,2.0,,
215.43,2.0,,,,
219.01,,,,1.0,
219.02,,,,2.0,
219.39,,,1.0,,
219.4,,,2.0,,
228.03,,,1.0,,
228.04,,,2.0,,
237.21,,,,2.0,
246.44,,,,,0.0
246.98,,,,,1.0
247.58,,,2.0,,
250.66,1.0,,,,
250.67,2.0,,,,
251.24,,,,,0.0
252.38,,,,,1.0
254.74,,,,2.0,
255.04,,,,,0.0
255.05,,,,,1.0
256.31,,,2.0,,
256.83,,,,,0.0
256.89,,,,,1.0
258.22,,,,1.0,
258.23,,,,2.0,
258.27,,2.0,,,
258.43,,2.0,,,
259.17,2.0,,,,
259.2,,,2.0,,
273.1,,,,1.0,
273.12,,,,2.0,
275.85,,,2.0,,
277.13,,,,2.0,
285.66,1.0,,,,
285.67,2.0,,,,
287.72,,,1.0,,
287.73,,,2.0,,
289.14,1.0,,,,
289.16,2.0,,,,
290.58,,,1.0,,
290.58,,,2.0,,
295.14,1.0,,,,
295.16,2.0,,,,
303.99,,,2.0,,
307.91,,1.0,,,
307.92,,2.0,,,
307.98,1.0,,,,
307.99,2.0,,,,
308.58,,1.0,,,
308.58,,2.0,,,
309.14,,,,1.0,
309.16,,,,2.0,
309.32,,,,,0.0
309.7,,,,,1.0
312.98,,,,1.0,
314.0,,,,,0.0
315.2,,,,,1.0
317.93,,,,,1.0
318.56,,,1.0,,
319.76,,,,,0.0
319.81,,,,,1.0
330.42,1.0,,,,
331.91,,,0.0,,
331.92,,,1.0,,
336.45,,,0.0,,
338.41,,,1.0,,
341.45,,,1.0,,
343.51,,,0.0,,
343.55,,,1.0,,
343.56,0.0,,,,
343.57,1.0,,,,
346.39,,,,0.0,
348.15,,,,1.0,
348.27,0.0,,,,
348.28,1.0,,,,
351.58,,,,0.0,
351.59,,,,1.0,
352.65,0.0,,,,
352.66,1.0,,,,
353.68,,,,0.0,
355.54,,,,1.0,
358.92,,,,1.0,
360.79,,,,0.0,
360.83,,,,1.0,
365.9,,,,,0.0
365.96,,1.0,,,
366.28,,0.0,,,
366.49,,,,,1.0
367.66,,1.0,,,
370.72,,,,,0.0
370.73,,,,,1.0
370.89,,0.0,,,
370.9,,1.0,,,
374.91,,,,,0.0
374.92,,,,,1.0
377.43,,0.0,,,
378.83,,1.0,,,
381.71,,1.0,,,
383.59,,0.0,,,
383.65,,1.0,,,
399.62,,,0.0,,
400.14,,,1.0,,
404.94,,,0.0,,
406.58,,,1.0,,
406.93,0.0,,,,
409.6,,,0.0,,
409.62,1.0,,1.0,,
411.14,0.0,,,,
421.67,,,,0.0,
443.65,,,,,0.0
445.43,,0.0,,,
457.84,,,0.0,,
458.19,0.0,0.0,0.0,0.0,0.0
