time,workflow_completion_percentage,10.32.89.107:56758:1,10.32.89.11:45958:1,10.32.89.121:51138:1,10.32.89.243:56458:1,10.32.89.93:35798:1
0.0,0.0,0.0,9.557342529296874e-05,9.557342529296874e-05,9.557342529296874e-05,9.557342529296874e-05
102.83,21.428571428571427,,,,,0.0002209815979003906
102.84,22.857142857142858,,,,,0.001900901794433594
107.06,23.57142857142857,,,,,0.0018929824829101564
108.21,24.285714285714285,,,,,4.765414527893067
111.0,25.0,,,,,4.765487369537354
112.9,25.71428571428571,,,,,4.765403427124023
112.95,26.42857142857143,,,,,4.7654221038818365
112.96,26.42857142857143,,,,,4.765463485717773
172.0,40.0,,,,,4.765403427124023
172.48,40.714285714285715,,,,,4.766116626739502
172.49,40.714285714285715,,,,,4.76710078048706
177.5,42.142857142857146,,,,,4.767359344482422
181.83,42.142857142857146,,,,,4.767351425170899
183.06,42.857142857142854,,,,,9.892488899230957
185.91,44.285714285714285,,,,,9.892561740875244
187.68,45.0,,,,,9.892477798461915
187.72,45.714285714285715,,,,,9.892537857055665
246.44,54.99999999999999,,,,,9.892477798461915
246.98,55.714285714285715,,,,,9.894292434692382
251.24,57.14285714285714,,,,,9.894284515380859
252.38,57.857142857142854,,,,,14.657806060791016
255.04,58.57142857142858,,,,,14.657794960021972
255.05,59.285714285714285,,,,,14.657878902435304
256.83,60.0,,,,,14.657794960021972
256.9,60.71428571428571,,,,,14.657855018615724
309.32,73.57142857142857,,,,,14.657794960021972
309.7,74.28571428571429,,,,,14.660111240386964
314.0,75.71428571428571,,,,,14.660103321075441
315.21,75.71428571428571,,,,,19.423624866485596
317.93,75.71428571428571,,,,,19.423697708129882
319.76,77.14285714285714,,,,,19.423613765716553
319.81,77.85714285714286,,,,,19.423673824310303
331.92,79.28571428571428,,,0.001363849639892578,,
336.45,79.28571428571428,,,0.0013559303283691407,,
338.41,80.0,,,6.030415344238281,,
341.45,80.0,,,6.030488185882568,,
343.52,80.71428571428572,,,6.030404243469238,,
343.55,81.42857142857143,,,6.030464302062988,,
343.57,82.14285714285714,0.0019424896240234377,,,,
348.14,82.85714285714285,,,,5.384739898681641,
348.27,82.85714285714285,0.0019345703125,,,,
348.28,83.57142857142857,0.003995338439941406,,,,
351.58,83.57142857142857,,,,5.384812740325928,
351.59,84.28571428571429,,,,5.385378448486328,
352.65,84.28571428571429,0.0040474777221679685,,,,
352.66,85.0,0.007390583038330078,,,,
353.69,85.0,,,,5.385294506072999,
355.54,85.71428571428571,,,,10.148816051483154,
358.92,85.71428571428571,,,,10.149529209136963,
360.79,86.42857142857142,,,,10.149445266723633,
360.83,87.14285714285714,,,,10.149505325317383,
365.9,87.14285714285714,,,,,19.423613765716553
367.66,89.28571428571428,,4.763617118835449,,,19.425913566589355
370.72,89.28571428571428,,,,,19.425905647277833
370.73,90.0,,,,,19.428216228485105
370.89,90.0,,4.763606018066406,,,
370.9,90.71428571428571,,4.7643302536010745,,,
374.92,90.71428571428571,,,,,19.43098801803589
377.43,91.42857142857143,,4.764246311187744,,,
378.83,92.14285714285714,,9.527767856597901,,,
381.71,92.14285714285714,,9.528481079101562,,,
383.59,92.85714285714285,,9.528397136688232,,,
383.65,93.57142857142857,,9.528457195281982,,,
399.62,93.57142857142857,,,6.030404243469238,,
400.14,94.28571428571428,,,6.031948017120362,,
404.94,94.28571428571428,,,6.031940097808838,,
406.58,95.0,,,12.548050189971924,,
406.93,95.0,0.007330524444580077,,,,
409.62,95.71428571428571,0.011961238861083984,,12.548099147796632,,
411.14,96.42857142857143,0.011877296447753906,,,,
421.68,97.14285714285714,,,,10.149445266723633,
443.65,97.85714285714285,,,,,19.430969341278075
443.66,97.85714285714285,,,,,19.430927959442137
445.44,98.57142857142857,,9.528397136688232,,,
457.84,99.28571428571428,,,12.54803908920288,,
458.19,100.0,0.0,0.0,0.0,0.0,0.0
