Global Index,Response Time,Task ID,Task Try ID,Was Dispatched
1,5.21,1,1,1
2,5.21,2,1,1
3,5.21,3,1,1
4,5.21,4,1,1
5,5.21,5,1,1
6,5.21,6,1,1
7,5.21,7,1,1
8,5.25,8,1,1
9,5.3100000000000005,9,1,1
10,5.4,10,1,1
11,5.4,11,1,1
12,5.44,12,1,1
13,5.44,13,1,1
14,5.49,14,1,1
15,5.49,15,1,1
16,5.55,16,1,1
17,5.57,17,1,1
18,5.63,18,1,1
19,5.63,19,1,1
20,12.51,20,1,1
21,12.9,21,1,1
22,13.79,22,1,1
23,14.82,23,1,1
24,14.989999999999998,24,1,1
25,17.21,25,1,1
26,17.27,26,1,1
27,17.56,27,1,1
28,17.76,28,1,1
29,18.74,29,1,1
30,18.76,30,1,1
31,18.93,31,1,1
32,19.5,32,1,1
33,20.28,33,1,1
34,21.4,34,1,1
35,22.23,35,1,1
36,22.87,36,1,1
37,23.52,37,1,1
38,23.73,38,1,1
39,24.14,39,1,1
40,24.25,40,1,1
41,24.45,41,1,1
42,25.09,42,1,1
43,25.29,43,1,1
44,25.509999999999998,44,1,1
45,25.57,45,1,1
46,25.59,46,1,1
47,25.62,47,1,1
48,25.77,48,1,1
49,26.04,49,1,1
50,26.49,50,1,1
51,28.12,51,1,1
52,29.49,52,1,1
53,29.59,53,1,1
54,29.849999999999998,54,1,1
55,30.43,55,1,1
56,30.47,56,1,1
57,30.599999999999998,57,1,1
58,30.95,58,1,1
59,31.24,59,1,1
60,31.27,60,1,1
61,32.22,61,1,1
62,32.47,62,1,1
63,33.300000000000004,63,1,1
64,33.45,64,1,1
65,35.5,65,1,1
66,35.53,66,1,1
67,36.72,67,1,1
68,36.84,68,1,1
69,36.86,69,1,1
70,36.870000000000005,70,1,1
71,37.39,71,1,1
72,37.7,72,1,1
73,38.24,73,1,1
74,38.480000000000004,74,1,1
75,38.63,75,1,1
76,38.63,76,1,1
77,39.160000000000004,77,1,1
78,40.290000000000006,78,1,1
79,41.2,79,1,1
80,41.85,80,1,1
81,41.88,81,1,1
82,41.96,82,1,1
83,42.190000000000005,83,1,1
84,42.650000000000006,84,1,1
85,43.35,85,1,1
86,43.5,86,1,1
87,43.510000000000005,87,1,1
88,43.81,88,1,1
89,44.08,89,1,1
90,45.19,90,1,1
91,45.94,91,1,1
92,46.47,92,1,1
93,46.519999999999996,93,1,1
94,47.15,94,1,1
95,47.269999999999996,95,1,1
96,47.29,96,1,1
97,47.690000000000005,97,1,1
98,48.160000000000004,98,1,1
99,49.02,99,1,1
100,49.370000000000005,100,1,1
101,5.67,101,1,1
102,5.67,102,1,1
103,5.67,103,1,1
104,50.160000000000004,104,1,1
105,50.43,105,1,1
106,50.620000000000005,106,1,1
107,50.68,107,1,1
108,51.1,108,1,1
109,51.89,109,1,1
110,51.940000000000005,110,1,1
111,53.230000000000004,111,1,1
112,53.83,112,1,1
113,53.84,113,1,1
114,54.06,114,1,1
115,54.39,115,1,1
116,54.480000000000004,116,1,1
117,55.32,117,1,1
118,55.410000000000004,118,1,1
119,55.97,119,1,1
120,57.010000000000005,120,1,1
121,57.459999999999994,121,1,1
122,57.709999999999994,122,1,1
123,57.709999999999994,123,1,1
124,58.129999999999995,124,1,1
125,58.91,125,1,1
126,59.209999999999994,126,1,1
127,59.209999999999994,127,1,1
128,59.370000000000005,128,1,1
129,59.4,129,1,1
130,59.76,130,1,1
131,60.71,131,1,1
132,60.75,132,1,1
133,61.19,133,1,1
134,61.24,134,1,1
135,61.26,135,1,1
136,61.37,136,1,1
137,62.18,137,1,1
138,62.82,138,1,1
139,64.06,139,1,1
140,64.45,140,1,1
141,64.55,141,1,1
142,64.65,142,1,1
143,64.88,143,1,1
144,65.07000000000001,144,1,1
145,65.25999999999999,145,1,1
146,65.38,146,1,1
147,65.50999999999999,147,1,1
148,66.28999999999999,148,1,1
149,66.74,149,1,1
150,67.32,150,1,1
151,67.36,151,1,1
152,68.23,152,1,1
153,68.25,153,1,1
154,68.75,154,1,1
155,70.68,155,1,1
156,71.11,156,1,1
157,71.98,157,1,1
158,72.14,158,1,1
159,72.56,159,1,1
160,72.64,160,1,1
161,72.68,161,1,1
162,72.65,162,1,1
163,72.65,163,1,1
164,72.64,164,1,1
165,73.44999999999999,165,1,1
166,73.44999999999999,166,1,1
167,73.44,167,1,1
168,73.44,168,1,1
169,73.85000000000001,169,1,1
170,73.85000000000001,170,1,1
171,73.84,171,1,1
172,73.84,172,1,1
173,73.92999999999999,173,1,1
174,73.92999999999999,174,1,1
175,73.92999999999999,175,1,1
176,73.91999999999999,176,1,1
177,75.31,177,1,1
178,75.31,178,1,1
179,75.31,179,1,1
180,75.31,180,1,1
181,75.31,181,1,1
182,75.31,182,1,1
183,75.31,183,1,1
184,75.3,184,1,1
185,75.72,185,1,1
186,75.72,186,1,1
187,75.72,187,1,1
188,75.72,188,1,1
189,75.84,189,1,1
190,75.84,190,1,1
191,75.84,191,1,1
192,75.84,192,1,1
193,75.9,193,1,1
194,75.9,194,1,1
195,75.89,195,1,1
196,75.89,196,1,1
197,78.31,197,1,1
198,78.31,198,1,1
199,78.31,199,1,1
200,78.31,200,1,1
201,78.39,201,1,1
202,78.39,202,1,1
203,78.39,203,1,1
204,78.39,204,1,1
205,78.92,205,1,1
206,78.92999999999999,206,1,1
207,78.92999999999999,207,1,1
208,78.92,208,1,1
209,79.17,209,1,1
210,79.25,210,1,1
211,79.25,211,1,1
212,79.25,212,1,1
213,79.25,213,1,1
214,79.36,214,1,1
215,98.2,215,1,1
216,79.53,216,1,1
217,79.94,217,1,1
218,85.17,218,1,1
219,81.55999999999999,219,1,1
220,97.69999999999999,220,1,1
221,81.72999999999999,221,1,1
222,98.59,222,1,1
223,83.52999999999999,223,1,1
224,83.8,224,1,1
225,84.11,225,1,1
226,84.11,226,1,1
227,84.11,227,1,1
228,84.10000000000001,228,1,1
229,84.31,229,1,1
230,84.54,230,1,1
231,93.45,231,1,1
232,96.79,232,1,1
233,93.45,233,1,1
234,84.73,234,1,1
235,85.01,235,1,1
236,84.99,236,1,1
237,85.06,237,1,1
238,85.06,238,1,1
239,85.42999999999999,239,1,1
240,85.05,240,1,1
241,18.599999999999994,241,1,1
242,18.840000000000003,242,1,1
243,32.11,243,1,1
244,32.61,244,1,1
245,60.99000000000001,245,1,1
246,69.81,246,1,1
247,81.03999999999999,247,1,1
248,87.80000000000001,248,1,1
249,92.5,249,1,1
250,104.0,250,1,1
251,107.4,251,1,1
252,115.61000000000001,252,1,1
253,148.21,253,1,1
254,136.54,254,1,1
255,143.6,255,1,1
256,152.63,256,1,1
257,155.98000000000002,257,1,1
258,167.62,258,1,1
259,178.76,259,1,1
260,190.39,260,1,1
261,198.55,261,1,1
262,200.67000000000002,262,1,1
263,211.56,263,1,1
264,223.11,264,1,1
265,214.76,265,1,1
266,232.97000000000003,266,1,1
267,222.42999999999998,267,1,1
268,232.88000000000002,268,1,1
269,233.38000000000002,269,1,1
270,246.79999999999998,270,1,1
271,245.79000000000002,271,1,1
272,246.38,272,1,1
273,262.32,273,1,1
274,259.25,274,1,1
275,261.95,275,1,1
276,273.02,276,1,1
277,273.1,277,1,1
278,285.40999999999997,278,1,1
279,288.83,279,1,1
280,296.13,280,1,1
281,301.94,281,1,1
282,324.06,282,1,1
283,325.63,283,1,1
284,336.13,284,1,1
285,340.05,285,1,1
286,348.90999999999997,286,1,1
287,359.59,287,1,1
288,368.74,288,1,1
289,370.03,289,1,1
290,380.75,290,1,1
291,382.28,291,1,1
292,395.54,292,1,1
293,399.25,293,1,1
294,406.35,294,1,1
295,417.36,295,1,1
296,411.64000000000004,296,1,1
297,416.73,297,1,1
298,427.56000000000006,298,1,1
299,430.20000000000005,299,1,1
300,438.23,300,1,1
301,445.28999999999996,301,1,1
302,448.24,302,1,1
303,458.4200000000001,303,1,1
304,458.73,304,1,1
305,468.90999999999997,305,1,1
306,472.68000000000006,306,1,1
307,480.96000000000004,307,1,1
308,491.76,308,1,1
309,503.13,309,1,1
310,507.21999999999997,310,1,1
311,514.88,311,1,1
312,521.1199999999999,312,1,1
313,526.26,313,1,1
314,537.4100000000001,314,1,1
315,538.69,315,1,1
316,549.4699999999999,316,1,1
317,553.61,317,1,1
318,561.13,318,1,1
319,569.43,319,1,1
320,572.3,320,1,1
321,583.47,321,1,1
322,596.53,322,1,1
323,607.84,323,1,1
324,608.11,324,1,1
325,620.5400000000001,325,1,1
326,620.95,326,1,1
327,636.85,327,1,1
328,642.3100000000001,328,1,1
329,653.1,329,1,1
330,655.1400000000001,330,1,1
331,663.96,331,1,1
332,674.3900000000001,332,1,1
333,670.24,333,1,1
334,674.32,334,1,1
335,686.32,335,1,1
336,687.73,336,1,1
337,702.91,337,1,1
338,702.5,338,1,1
339,702.72,339,1,1
340,721.26,340,1,1
341,725.4300000000001,341,1,1
342,737.3,342,1,1
343,753.8699999999999,343,1,1
344,738.61,344,1,1
345,749.85,345,1,1
346,753.5699999999999,346,1,1
347,766.82,347,1,1
348,779.34,348,1,1
349,796.87,349,1,1
350,811.99,350,1,1
351,806.5,351,1,1
352,811.02,352,1,1
353,817.17,353,1,1
354,826.4399999999999,354,1,1
355,853.79,355,1,1
356,826.47,356,1,1
357,846.01,357,1,1
358,852.8499999999999,358,1,1
359,856.1700000000001,359,1,1
360,868.9200000000001,360,1,1
361,874.54,361,1,1
362,880.75,362,1,1
363,893.0699999999999,363,1,1
364,896.6400000000001,364,1,1
365,910.77,365,1,1
366,913.1500000000001,366,1,1
367,933.9399999999998,367,1,1
368,938.0799999999999,368,1,1
369,948.27,369,1,1
370,950.9099999999999,370,1,1
371,960.81,371,1,1
372,971.78,372,1,1
373,975.03,373,1,1
374,985.25,374,1,1
375,987.49,375,1,1
376,997.81,376,1,1
377,998.8,377,1,1
378,1010.76,378,1,1
379,1010.8399999999999,379,1,1
380,1027.17,380,1,1
381,1038.51,381,1,1
382,1041.21,382,1,1
383,1050.23,383,1,1
384,1056.8,384,1,1
385,1071.3,385,1,1
386,1058.96,386,1,1
387,1067.1599999999999,387,1,1
388,1069.9,388,1,1
389,1080.08,389,1,1
390,1092.52,390,1,1
391,1081.83,391,1,1
392,1090.48,392,1,1
393,1092.8999999999999,393,1,1
394,1103.1999999999998,394,1,1
395,1103.28,395,1,1
396,1113.4399999999998,396,1,1
397,1116.74,397,1,1
398,1125.6,398,1,1
399,1129.25,399,1,1
400,1137.52,400,1,1
401,1142.19,401,1,1
402,1153.2,402,1,1
403,1155.02,403,1,1
404,1164.69,404,1,1
405,1167.72,405,1,1
406,1176.0900000000001,406,1,1
407,1184.75,407,1,1
408,1187.8100000000002,408,1,1
409,1200.7800000000002,409,1,1
410,1209.35,410,1,1
411,1226.79,411,1,1
412,1210.7099999999998,412,1,1
413,1221.58,413,1,1
414,1225.78,414,1,1
415,1232.37,415,1,1
416,1239.33,416,1,1
417,1242.82,417,1,1
418,1251.6599999999999,418,1,1
419,1253.3999999999999,419,1,1
420,1264.77,420,1,1
421,1264.1499999999999,421,1,1
422,1279.02,422,1,1
423,1259.3700000000001,423,1,1
424,1270.68,424,1,1
425,1273.64,425,1,1
426,1281.53,426,1,1
427,1288.5,427,1,1
428,1293.01,428,1,1
429,1304.2,429,1,1
430,1304.95,430,1,1
431,1315.02,431,1,1
432,1320.43,432,1,1
433,1326.8500000000001,433,1,1
434,1333.65,434,1,1
435,1337.3700000000001,435,1,1
436,1347.3,436,1,1
437,1348.18,437,1,1
438,1360.8700000000001,438,1,1
439,1361.38,439,1,1
440,1374.24,440,1,1
441,1375.5,441,1,1
442,1386.3700000000001,442,1,1
443,1390.67,443,1,1
444,1400.1200000000001,444,1,1
445,1405.41,445,1,1
446,1411.47,446,1,1
447,1419.92,447,1,1
448,1426.41,448,1,1
449,1435.53,449,1,1
450,1436.91,450,1,1
451,1448.71,451,1,1
452,1449.0900000000001,452,1,1
453,1460.69,453,1,1
454,1462.3,454,1,1
455,1475.3700000000001,455,1,1
456,1482.03,456,1,1
457,1490.6100000000001,457,1,1
458,1492.94,458,1,1
459,1505.01,459,1,1
460,1507.42,460,1,1
461,1522.1200000000001,461,1,1
462,1541.0,462,1,1
463,1519.6699999999998,463,1,1
464,1527.8899999999999,464,1,1
465,1534.86,465,1,1
466,1541.74,466,1,1
467,1548.54,467,1,1
468,1554.08,468,1,1
469,1562.27,469,1,1
470,1577.1399999999999,470,1,1
471,1589.12,471,1,1
472,1590.11,472,1,1
473,1601.35,473,1,1
474,1602.06,474,1,1
475,1612.28,475,1,1
476,1616.26,476,1,1
477,1622.6399999999999,477,1,1
478,1632.09,478,1,1
479,1633.79,479,1,1
480,1644.4199999999998,480,1,1
481,1645.72,481,1,1
482,1660.53,482,1,1
483,1662.8799999999999,483,1,1
484,1671.4199999999998,484,1,1
485,1678.49,485,1,1
486,1682.25,486,1,1
487,1691.4199999999998,487,1,1
488,1693.4099999999999,488,1,1
489,1704.07,489,1,1
490,1704.52,490,1,1
491,1715.77,491,1,1
492,1716.99,492,1,1
493,1728.49,493,1,1
494,1729.55,494,1,1
495,1739.01,495,1,1
496,1741.62,496,1,1
497,1750.08,497,1,1
498,1754.01,498,1,1
499,1761.07,499,1,1
500,1769.6799999999998,500,1,1
501,1771.4199999999998,501,1,1
502,1782.72,502,1,1
503,1783.62,503,1,1
504,1794.07,504,1,1
505,1798.06,505,1,1
506,1806.75,506,1,1
507,1810.6299999999999,507,1,1
508,1817.58,508,1,1
509,1823.84,509,1,1
510,1829.59,510,1,1
511,1841.4299999999998,511,1,1
512,1831.08,512,1,1
513,1835.6,513,1,1
514,1844.43,514,1,1
515,1847.29,515,1,1
516,1857.38,516,1,1
517,1859.38,517,1,1
518,1870.57,518,1,1
519,1884.57,519,1,1
520,1874.3500000000001,520,1,1
521,1877.98,521,1,1
522,1885.3600000000001,522,1,1
523,1891.0700000000002,523,1,1
524,1896.38,524,1,1
525,1906.08,525,1,1
526,1906.9299999999998,526,1,1
527,1918.77,527,1,1
528,1929.6000000000001,528,1,1
529,1931.52,529,1,1
530,1942.6499999999999,530,1,1
531,1946.4499999999998,531,1,1
532,1953.74,532,1,1
533,1964.6000000000001,533,1,1
534,1958.3100000000002,534,1,1
535,1958.52,535,1,1
536,1968.7000000000003,536,1,1
537,1971.8000000000002,537,1,1
538,1980.7399999999998,538,1,1
539,1984.96,539,1,1
540,1992.6699999999998,540,1,1
541,1998.2,541,1,1
542,2006.1000000000001,542,1,1
543,2011.1200000000001,543,1,1
544,2016.2599999999998,544,1,1
545,2024.83,545,1,1
546,2026.77,546,1,1
547,2037.62,547,1,1
548,2038.11,548,1,1
549,2048.18,549,1,1
550,2052.42,550,1,1
551,2058.85,551,1,1
552,2066.04,552,1,1
553,2070.22,553,1,1
554,2080.73,554,1,1
555,2081.9300000000003,555,1,1
556,2091.61,556,1,1
557,2100.27,557,1,1
558,2103.1400000000003,558,1,1
559,2113.81,559,1,1
560,2116.68,560,1,1
561,2130.13,561,1,1
562,2123.4700000000003,562,1,1
563,2129.6800000000003,563,1,1
564,2135.57,564,1,1
565,2143.59,565,1,1
566,2152.12,566,1,1
567,2156.9,567,1,1
568,2164.15,568,1,1
569,2172.42,569,1,1
570,2178.87,570,1,1
571,2187.69,571,1,1
572,2189.81,572,1,1
573,2200.01,573,1,1
574,2203.4100000000003,574,1,1
575,2210.31,575,1,1
576,2219.19,576,1,1
577,2235.77,577,1,1
578,2217.36,578,1,1
579,2230.54,579,1,1
580,2232.83,580,1,1
581,2241.64,581,1,1
582,2252.48,582,1,1
583,2261.86,583,1,1
584,2262.74,584,1,1
585,2273.22,585,1,1
586,2277.0499999999997,586,1,1
587,2283.5899999999997,587,1,1
588,2293.2,588,1,1
589,2294.41,589,1,1
590,2305.83,590,1,1
591,2308.2999999999997,591,1,1
592,2315.79,592,1,1
593,2325.87,593,1,1
594,2320.5099999999998,594,1,1
595,2324.02,595,1,1
596,2334.11,596,1,1
597,2335.3700000000003,597,1,1
598,2344.96,598,1,1
599,2349.67,599,1,1
600,2355.7900000000004,600,1,1
601,2364.3300000000004,601,1,1
602,2367.9,602,1,1
603,2379.2900000000004,603,1,1
604,2379.7599999999998,604,1,1
605,2389.33,605,1,1
606,2393.08,606,1,1
607,2400.5099999999998,607,1,1
608,2406.49,608,1,1
609,2411.02,609,1,1
610,2421.06,610,1,1
611,2421.28,611,1,1
612,2432.17,612,1,1
613,2433.81,613,1,1
614,2443.7599999999998,614,1,1
615,2449.27,615,1,1
616,2454.17,616,1,1
617,2461.69,617,1,1
618,2467.29,618,1,1
619,2474.7299999999996,619,1,1
620,2486.2299999999996,620,1,1
621,2487.8100000000004,621,1,1
622,2497.46,622,1,1
623,2501.5600000000004,623,1,1
624,2513.2299999999996,624,1,1
625,2518.01,625,1,1
626,2525.1899999999996,626,1,1
627,2534.4799999999996,627,1,1
628,2535.41,628,1,1
629,2545.6899999999996,629,1,1
630,2549.2299999999996,630,1,1
631,2557.05,631,1,1
632,2561.9700000000003,632,1,1
633,2568.8100000000004,633,1,1
634,2579.7299999999996,634,1,1
635,2592.9799999999996,635,1,1
636,2604.51,636,1,1
637,2605.8599999999997,637,1,1
638,2616.1800000000003,638,1,1
639,2619.59,639,1,1
640,2628.66,640,1,1
641,2634.68,641,1,1
642,2641.68,642,1,1
643,2653.65,643,1,1
644,2653.86,644,1,1
645,2668.51,645,1,1
646,2676.85,646,1,1
647,2684.95,647,1,1
648,2698.44,648,1,1
649,2699.54,649,1,1
650,2711.23,650,1,1
651,2713.87,651,1,1
652,2722.58,652,1,1
653,2728.88,653,1,1
654,2743.3500000000004,654,1,1
655,2735.0499999999997,655,1,1
656,2742.32,656,1,1
657,2745.46,657,1,1
658,2755.84,658,1,1
659,2756.81,659,1,1
660,2766.63,660,1,1
661,2771.15,661,1,1
662,2777.2400000000002,662,1,1
663,2784.7999999999997,663,1,1
664,2788.49,664,1,1
665,2801.04,665,1,1
666,2804.64,666,1,1
667,2818.71,667,1,1
668,2821.7999999999997,668,1,1
669,2830.2799999999997,669,1,1
670,2838.9199999999996,670,1,1
671,2841.1499999999996,671,1,1
672,2852.16,672,1,1
673,2852.29,673,1,1
674,2862.39,674,1,1
675,2867.29,675,1,1
676,2872.5,676,1,1
677,2882.44,677,1,1
678,2883.08,678,1,1
679,2893.34,679,1,1
680,2896.28,680,1,1
681,2903.86,681,1,1
682,2912.25,682,1,1
683,2914.8900000000003,683,1,1
684,2924.71,684,1,1
685,2926.02,685,1,1
686,2934.68,686,1,1
687,2943.0,687,1,1
688,2956.6,688,1,1
689,2965.85,689,1,1
690,2973.74,690,1,1
691,2976.72,691,1,1
692,2987.0899999999997,692,1,1
693,2992.81,693,1,1
694,2998.02,694,1,1
695,3010.69,695,1,1
696,3021.71,696,1,1
697,3024.7999999999997,697,1,1
698,3035.2799999999997,698,1,1
699,3040.71,699,1,1
700,3046.11,700,1,1
701,3054.77,701,1,1
702,3056.87,702,1,1
703,3067.0499999999997,703,1,1
704,3067.5099999999998,704,1,1
705,3077.68,705,1,1
706,3081.4500000000003,706,1,1
707,3088.08,707,1,1
708,3095.78,708,1,1
709,3098.7400000000002,709,1,1
710,3109.19,710,1,1
711,3109.58,711,1,1
712,3119.92,712,1,1
713,3122.9300000000003,713,1,1
714,3130.46,714,1,1
715,3136.44,715,1,1
716,3141.31,716,1,1
717,3150.09,717,1,1
718,3151.38,718,1,1
719,3163.8,719,1,1
720,3164.34,720,1,1
721,3175.2400000000002,721,1,1
722,3177.92,722,1,1
723,3191.19,723,1,1
724,3192.56,724,1,1
725,3202.02,725,1,1
726,3210.4,726,1,1
727,3212.19,727,1,1
728,3223.33,728,1,1
729,3227.11,729,1,1
730,3237.2599999999998,730,1,1
731,3240.4,731,1,1
732,3248.58,732,1,1
733,3252.61,733,1,1
734,3258.75,734,1,1
735,3269.19,735,1,1
736,3264.67,736,1,1
737,3269.14,737,1,1
738,3277.41,738,1,1
739,3279.19,739,1,1
740,3289.74,740,1,1
741,3292.49,741,1,1
742,3301.66,742,1,1
743,3305.91,743,1,1
744,3320.77,744,1,1
745,3335.29,745,1,1
746,3338.08,746,1,1
747,3355.5099999999998,747,1,1
748,3361.03,748,1,1
749,3375.07,749,1,1
