time,10.32.89.135:59274:1,10.32.89.147:46078:1,10.32.89.153:37696:1,10.32.89.209:55962:1,10.32.89.229:57362:1,10.32.91.41:44590:1,10.32.93.116:42186:1,10.32.93.11:44914:1,10.32.93.188:48914:1,10.32.93.9:39524:1
0.0,2.0,2.0,,2.0,,,,,2.0,
0.04,3.0,,,,,,,,,
0.11,,,,,,,,1.0,,
0.17,,,,,,,,2.0,,
0.2,,,,,1.0,,,,,
0.22,,,,,2.0,,,,,
0.24,,,1.0,,,,,,,
0.28,,,2.0,,,,,,,
0.29,,,,,,1.0,,,,
0.34,,,,,,2.0,,,,
0.35,,,,,,3.0,,,,
0.37,,,,,,,,,,1.0
0.42,,,,,,,,,,2.0
0.43,0.0,0.0,0.0,0.0,0.0,0.0,2.0,0.0,0.0,0.0
0.5,,,,,,,0.0,,,
7.31,0.0,,,,,,,,,
7.7,,,,1.0,,,,,,
7.71,,,,0.0,,,,,,
8.59,,,,,,,,0.0,,
9.62,,,,,,,,,0.0,
9.79,,,,,,,0.0,,,
12.01,,,,,,0.0,,,,
12.07,0.0,,,,,,,,,
12.36,,,,,,,,1.0,,
12.37,,,,,,,,0.0,,
12.56,,,,0.0,,,,,,
13.56,,,,,,,1.0,,,
13.57,,,,,,,0.0,,,
13.73,,,,,,,,,0.0,
15.07,,,,,,,,1.0,,
15.08,,,,,,,,0.0,,
16.2,,,,0.0,,,,,,
17.03,,,,,,,,,0.0,
17.67,0.0,,,,,,,,,
18.32,,,,,,,0.0,,,
19.25,,,,,,0.0,,,,
19.86,,,,,,,,,,1.0
19.89,,,,,,,,,,0.0
20.09,,,,0.0,,,,,,
20.37,,1.0,,,,,,,,
20.39,,0.0,,,,,,,,
20.42,,,,,0.0,,,,,
20.82,,,,,,,1.0,,,
20.84,,,,,,,0.0,,,
21.29,,,,,,,,0.0,,
22.92,,,,,,0.0,,,,
24.25,1.0,,,,,,,,,
24.29,0.0,,,,,,,,,
24.39,,,,0.0,,,,,,
24.65,,,,,,,,,0.0,
25.4,,,,,,,0.0,,,
25.75,,,,,,,,0.0,,
26.03,1.0,,,,,,,,,
26.04,0.0,,,,,,,,,
26.07,,,,,,0.0,,,,
28.1,,0.0,,,,,,,,
28.25,,,,0.0,,,,,,
30.29,,,,,,1.0,,,,
30.3,,,,,,0.0,,,,
30.33,0.0,,,,,,,,,
31.52,,,,,,,,0.0,,
31.64,,,,0.0,,,,,,
31.65,,,,,1.0,,,,,
31.66,,,,,0.0,,1.0,,,
31.67,,,,,,,0.0,,,
32.19,,,,,,,,,0.0,
33.04,,,,,,,,0.0,,
33.28,,0.0,,,,,,,,
33.41,,,,,,,,,1.0,
33.43,,,,,,,,,0.0,
33.96,,,,,,1.0,,,,
33.97,,,,,,0.0,,,,
35.09,,,,0.0,,,,,,
36.0,0.0,,,,,,,,,
36.65,,,,,,,0.0,,,
36.68,,,0.0,,,,,,,
36.75,,1.0,,,,,,,,
36.76,,0.0,,,,,,,,
36.99,,,,,,,,0.0,,
38.15,,,,1.0,,,,,,
38.16,,,,0.0,,,,,,
38.3,,,,,,1.0,,,,
38.31,0.0,,,,,0.0,,,,
38.89,,,,,,,,,0.0,
40.75,,,,0.0,,,,,,
41.28,,,,,,0.0,,,,
41.33,,1.0,,,,,,,,
41.34,,0.0,,,,,,,,
41.96,0.0,,,,,,,,,
42.08,,,,,,,0.0,,,
42.52,,,,,,,,0.0,,
43.85,,,,1.0,,,,,,
43.86,,,,0.0,,,,,,
44.2,0.0,,,,,,,,,
44.99,,,,,,1.0,,,,
45.0,,,,,,0.0,,,,
45.25,,,,,,,,1.0,,
45.26,,,,,,,,0.0,,
45.44,,1.0,,,,,,,,
45.45,,0.0,,,,,,,,
45.93,,,,,,,,,0.0,
46.72,,,,1.0,,,,,,
46.73,,,,0.0,,,,,,
48.05,1.0,,,,,,,,,
48.06,0.0,,,,,,,,,
48.67,,,,,,0.0,,,,
48.89,,,,,,,0.0,,,
49.31,,0.0,,,,,,,,
50.24,0.0,,,,,,,,,
50.8,,,,0.0,,,,,,
51.84,,,,,,,,0.0,,
52.3,,0.0,,,,,,,,
52.47,,,,,,1.0,,,,
52.55,,,,,,0.0,,,,
52.97,,,1.0,,,,,,,
52.98,,,0.0,,,,,,,
53.75,,,,0.0,,,,,,
54.05,,,,,,,,,0.0,
54.24,1.0,,,,,,,,,
54.25,0.0,,,,,,,,,
54.61,,,,,,,,0.0,,
55.56,,,,,,0.0,,,,
55.59,,,,,,,1.0,,,
55.6,,,,,,,0.0,,,
56.04,,0.0,,,,,,,,
56.11,,,,,,,,,,1.0
56.12,,,,,,,,,,0.0
57.02,,,,1.0,,,,,,
57.03,,,,0.0,,,,,,
57.67,,,,,,,0.0,,,
58.91,,,,,,,,0.0,,
59.25,,,,,,,,,,1.0
59.3,,1.0,,,,,,,,0.0
59.41,,0.0,,,1.0,,,,,
59.5,,,,,0.0,,,,,
59.92,,,,,,1.0,,,,
59.93,,,,,,0.0,,,,
60.1,,,,1.0,,,,,,
60.12,,,,0.0,,,,,,
60.24,0.0,,,,,,,,,
60.37,,,,,,,,0.0,,
61.15,,,,,,,,,1.0,
61.16,,,,,,,,,0.0,
62.22,,,,,,,0.0,,,
63.09,,,,,,0.0,,,,
63.11,,,,,,,0.0,,,
63.61,,0.0,,,,,,,,
65.53,,,,,,,,1.0,,
65.54,,,,,,,,0.0,,
65.95,,,1.0,,,,,,,
65.97,,,0.0,,,,,,,
66.84,,,,0.0,,,,,,
67.5,1.0,,,,,,,,,
67.51,0.0,,,,,,,,,
67.54,,0.0,,,,,,,,
68.35,,,,,,5.0,,,,
68.36,,,,,,0.0,,,,
68.76,0.0,,,,,,,,,
68.85,,,,0.0,,,,,,
70.24,,,0.0,,,,,,,
70.25,,,,,,,,,2.0,
70.26,,,,,,,,,0.0,
70.67,,,,,,,,,1.0,
70.68,,,,,,,,,0.0,
70.79,,,,,9.0,,,,,
70.8,,,,,0.0,,,,,
70.86,,0.0,,,,,,,,
73.28,,,,6.0,,,,,,
73.29,,,,0.0,,,,,,
73.36,,,,,,,,0.0,,
73.9,4.0,,,,,,,,,
73.91,0.0,,,,,,,,,
74.16,0.0,,,,,,,,,
74.25,,,,,,,,0.0,,
74.36,1.0,,,,,,,,,
74.37,0.0,,,,,,,,,
74.53,0.0,,,,,,,,,
74.94,,0.0,,,,,,,,
76.57,,,,0.0,,,,,,
76.74,,,,0.0,,,,,,
78.57,,,,,,,,,0.0,
78.84,,,,,,,,,0.0,
79.15,,,7.0,,,,,,,
79.16,,,0.0,,,,,,,
79.36,2.0,,,,,,,,,
79.37,0.0,,,,,,,,,
79.59,,0.0,,,,,,,,
80.06,,,,0.0,,,,,,
80.08,,,0.0,,,,,,,
80.17,,,0.0,,,,0.0,,,
80.55,,,0.0,,,,,,,
88.5,,,,,,,0.0,,,
91.84,0.0,,,,,,,,,
92.71,,,,,,1.0,,,,
92.72,,,,,,0.0,,,,
93.2,,,,,,,,,1.0,
93.21,,,,,,,,,0.0,
93.62,,,,,0.0,,,,,
99.51,,,,,,,2.0,,,
99.52,,,,,,,3.0,,,
99.53,,,,,,,4.0,,,
99.58,,,,,,,5.0,,,
99.59,,,,,,,7.0,,,
99.6,,,,,,,0.0,,,
99.81,,3.0,,,,,,,,
99.82,,4.0,,,,,,,,
99.84,,0.0,,,,,,,,
113.07,,,,,,,1.0,,,
113.08,,,,,,,2.0,,,
113.09,,,,,,,3.0,,,
113.1,,,,,,,7.0,,,
113.11,,,,,,,0.0,,,
113.53,,2.0,,,,,,,,
113.56,,3.0,,,,,,,,
113.61,,0.0,,,,,,,,
141.98,,,,,,,3.0,,,
141.99,,,,,,,0.0,,,
150.8,,3.0,,,,,,,,
150.81,,0.0,,,,,,,,
161.98,,5.0,,,,,,,,
162.0,,6.0,,,,,,,,
162.04,,0.0,,,,,,,,
168.75,,,,,,,2.0,,,
168.77,,,,,,,3.0,,,
168.78,,,,,,,6.0,,,
168.79,,,,,,,7.0,,,
168.8,,,,,,,0.0,,,
173.42,,4.0,,,,,,,,
173.45,,5.0,,,,,,,,
173.49,,7.0,,,,,,,,
173.5,,0.0,,,,,,,,
184.99,,4.0,,,,,,,,
185.0,,0.0,,,,,,,,
188.33,,,,,,,3.0,,,
188.35,,,,,,,5.0,,,
188.36,,,,,,,6.0,,,
188.4,,,,,,,7.0,,,
188.41,,,,,,,0.0,,,
196.56,,1.0,,,,,,,,
196.58,,2.0,,,,,,,,
196.59,,3.0,,,,,,,,
196.61,,0.0,,,,,,,,
222.02,,,,,,,1.0,,,
222.03,,,,,,,2.0,,,
222.05,,,,,,,3.0,,,
222.08,,,,,,,4.0,,,
222.1,,,,,,,5.0,,,
222.11,,,,,,,6.0,,,
222.12,,,,,,,7.0,,,
222.14,,,,,,,0.0,,,
229.17,,2.0,,,,,,,,
229.18,,3.0,,,,,,,,
229.2,,7.0,,,,,,,,
229.21,,0.0,,,12.0,,,,,
229.23,,,,,11.0,,,,,
229.24,,,,,8.0,,,,,
229.25,,,,,0.0,,,,,
238.2,,,,,,,2.0,,,
238.21,,,,,,,3.0,,,
238.23,,,,,,,7.0,,,
238.24,,,,,,,0.0,,,
241.54,,4.0,,,,,,,,
241.56,,6.0,,,,,,,,
241.57,,7.0,,,,,,,,
241.58,,0.0,,,,,,,,
253.12,,3.0,,,,,,,,
253.14,,4.0,,,,,,,,
253.2,,5.0,,,,,,,,
253.22,,6.0,,,,,,,,
253.23,,0.0,,,,,,,,
264.32,,3.0,,,,,,,,
264.33,,4.0,,,,,,,,
264.35,,5.0,,,,,,,,
264.37,,0.0,,,,,,,,
275.91,,2.0,,,,,,,,
275.92,,3.0,,,,,,,,
275.93,,5.0,,,,,,,,
275.98,,6.0,,,,,,,,
276.0,,0.0,,,,,,,,
284.11,,,,,,,1.0,,,
284.12,,,,,,,3.0,,,
284.14,,,,,,,4.0,,,
284.15,,,,,,,6.0,,,
284.17,,,,,,,3.0,,,
284.18,,,,,,,1.0,,,
284.19,,,,,,,0.0,,,
286.28,,4.0,,,,,,,,
286.29,,3.0,,,,,,,,
286.3,,0.0,,,,,,,,
297.07,,1.0,,,,,,,,
297.12,,2.0,,,,,,,,
297.17,,3.0,,,,,,,,
297.19,,4.0,,,,,,,,
297.2,,2.0,,,,,,,,
297.21,,0.0,,,,,,,,
300.97,,,,,,,4.0,,,
300.99,,,,,,,5.0,,,
301.0,,,,,,,6.0,,,
301.01,,,,,,,7.0,,,
301.02,,,,,,,0.0,,,
308.66,,1.0,,,,,,,,
308.69,,2.0,,,,,,,,
308.75,,3.0,,,,,,,,
308.78,,0.0,,,,,,,,
308.79,,,,,10.0,,,,,
308.81,,,,,7.0,,,,,
308.82,,,,,6.0,,,,,
308.83,,,,,0.0,,,,,
319.09,,,,,,,3.0,,,
319.1,,,,,,,4.0,,,
319.12,,,,,,,5.0,,,
319.15,,,,,,,6.0,,,
319.18,,,,,,,7.0,,,
319.24,,,,,,,0.0,1.0,,
319.25,,,,,,,,0.0,,
319.71,,3.0,,,,,,,,
319.72,,4.0,,,,,,,,
319.73,,0.0,,,,,,,,
332.51,,,,,,,1.0,,,
332.52,,,,,,,2.0,,,
332.53,,,,,,,3.0,,,
332.54,,,,,,,6.0,,,
332.55,,,,,,,7.0,,,
332.56,,,,,,,0.0,,,
333.06,,3.0,,,,,,,,
333.08,,4.0,,,,,,,,
333.09,,5.0,,,,,,,,
333.11,,6.0,,,,,,,,
333.12,,7.0,,,,,,,,
333.14,,0.0,,,,,,,,
333.15,,,,,3.0,,,,,
333.16,,,,,0.0,,,,,
346.25,,,,,,,1.0,,,
346.27,,,,,,,2.0,,,
346.28,,,,,,,4.0,,,
346.33,,,,,,,5.0,,,
346.36,,,,,,,6.0,,,
346.37,,,,,,,0.0,,,
349.06,,4.0,,,,,,,,
349.07,,0.0,,,,,,,,
349.08,,,,,2.0,,,,,
349.09,,,,,0.0,,,,,
360.08,,3.0,,,,,,,,
360.12,,6.0,,,,,,,,
360.14,,0.0,,,,,,,,
360.21,,,,,,,4.0,,,
360.22,,,,,,,0.0,,,
372.48,,2.0,,,,,,,,
372.49,,3.0,,,,,,,,
372.5,,4.0,,,,,,,,
372.51,,5.0,,,,,,,,
372.52,,7.0,,,,,,,,
372.53,,0.0,,,,,,,,
375.92,,,,,,,3.0,,,
375.94,,,,,,,5.0,,,
375.95,,,,,,,0.0,,,
383.18,,2.0,,,,,,,,
383.19,,3.0,,,,,,,,
383.23,,4.0,,,,,,,,
383.24,,5.0,,,,,,,,
383.25,,0.0,,,,,,,,
388.91,,,,,,,1.0,,,
388.92,,,,,,,2.0,,,
388.94,,,,,,,4.0,,,
388.95,,,,,,,5.0,,,
388.96,,,,,,,6.0,,,
389.0,,,,,,,7.0,,,
389.06,,,,,,,0.0,,,
411.16,,3.0,,,,,,,,
411.18,,7.0,,,,,,,,
411.19,,0.0,,,,,,,,
412.74,,,,,,,6.0,,,
412.75,,,,,,,0.0,,,
423.24,,3.0,,,,,,,,
423.25,,7.0,,,,,,,,
423.26,,0.0,,,,,,,,
427.05,,,,,,,1.0,,,
427.06,,,,,,,4.0,,,
427.08,,,,,,,5.0,,,
427.15,,,,,,,6.0,,,
427.16,,,,,,,7.0,,,
427.18,,,,,,,0.0,,,
435.99,,1.0,,,,,,,,
436.0,,3.0,,,,,,,,
436.01,,4.0,,,,,,,,
436.03,,0.0,,,,,,,,
446.65,,3.0,,,,,,,,
446.67,,5.0,,,,,,,,
446.7,,6.0,,,,,,,,
446.71,,0.0,,,,,,,,
455.71,,,,,,,1.0,,,
455.75,,,,,,,2.0,,,
455.78,,,,,,,3.0,,,
455.81,,,,,,,4.0,,,
455.83,,,,,,,5.0,,,
455.84,,,,,,,7.0,,,
455.87,,,,,,,0.0,,,
457.12,,1.0,,,,,,,,
457.14,,4.0,,,,,,,,
457.15,,0.0,,,,,,,,
467.76,,3.0,,,,,,,,
467.86,,5.0,,,,,,,,
467.87,,0.0,,,,,,,,
469.25,,,,,,,4.0,,,
469.27,,,,,,,5.0,,,
469.36,,,,,,,6.0,,,
469.39,,,,,,,7.0,,,
469.4,,,,,,,0.0,,,
482.55,,1.0,,,,,,,,
482.58,,2.0,,,,,,,,
482.61,,3.0,,,,,,,,
482.65,,4.0,,,,,,,,
482.66,,0.0,,,,,,,,
486.29,,,,,,,3.0,,,
486.33,,,,,,,6.0,,,
486.37,,,,,,,7.0,,,
486.39,,,,,,,0.0,,,
493.48,,3.0,,,,,,,,
493.49,,0.0,,,,,,,,
499.32,,,,,,,2.0,,,
499.37,,,,,,,3.0,,,
499.39,,,,,,,6.0,,,
499.4,,,,,,,7.0,,,
499.41,,,,,,,0.0,,,
504.47,,3.0,,,,,,,,
504.49,,4.0,,,,,,,,
504.5,,0.0,,,21.0,,,,,
504.52,,,,,17.0,,,,,
504.53,,,,,15.0,,,,,
504.54,,,,,13.0,,,,,
504.55,,,,,9.0,,,,,
504.56,,,,,8.0,,,,,
504.57,,,,,4.0,,,,,
504.58,,,,,0.0,,,,,
515.31,,4.0,,,,,,,,
515.32,,6.0,,,,,,,,
515.33,,0.0,,,,,,,,
517.96,,,,,,,3.0,,,
517.97,,,,,,,0.0,,,
525.98,,1.0,,,,,,,,
526.0,,0.0,,,,,,,,
533.05,,,,,,,4.0,,,
533.06,,,,,,,0.0,,,
536.0,,4.0,,,,,,,,
536.01,,0.0,,,,,,,,
546.15,,2.0,,,,,,,,
546.16,,4.0,,,,,,,,
546.19,,0.0,,,,,,,,
546.47,,,,,,,3.0,,,
546.49,,,,,,,4.0,,,
546.5,,,,,,,0.0,,,
556.66,,2.0,,,,,,,,
556.67,,3.0,,,,,,,,
556.68,,0.0,,,,,,,,
560.12,,,,,,,2.0,,,
560.19,,,,,,,3.0,,,
560.25,,,,,,,4.0,,,
560.3,,,,,,,5.0,,,
560.41,,,,,,,6.0,,,
560.43,,,,,,,7.0,,,
560.45,,,,,,,0.0,,,
568.71,,3.0,,,,,,,,
568.72,,5.0,,,,,,,,
568.73,,4.0,,,,,,,,
568.74,,0.0,,,,,,,,
579.52,,4.0,,,,,,,,
579.53,,0.0,,,,,,,,
590.9,,1.0,,,,,,,,
590.91,,7.0,,,,,,,,
590.92,,0.0,,,,,,,,
595.0,,,,,,,3.0,,,
595.01,,,,,,,0.0,,,
602.65,,3.0,,,,,,,,
602.66,,4.0,,,,,,,,
602.68,,0.0,,,,,,,,
608.91,,,,,,,1.0,,,
608.92,,,,,,,5.0,,,
608.93,,,,,,,0.0,,,
614.05,,4.0,,,,,,,,
614.07,,0.0,,,,,,,,
625.21,,2.0,,,,,,,,
625.22,,4.0,,,,,,,,
625.23,,7.0,,,,,,,,
625.24,,0.0,,,,,,,,
626.5,,,,,,,4.0,,,
626.51,,,,,,,0.0,,,
637.29,,6.0,,,,,,,,
637.3,,0.0,,,,,,,,
641.44,,,,,,,5.0,,,
641.45,,,,,,,0.0,,,
648.96,,4.0,,,,,,,,
648.97,,0.0,,,,,,,,
657.22,,,,,,,4.0,,,
657.23,,,,,,,5.0,,,
657.24,,,,,,,6.0,,,
657.25,,,,,,,7.0,,,
657.28,,,,,,,0.0,,,
660.14,,2.0,,,,,,,,
660.15,,7.0,,,,,,,,
660.16,,0.0,,,,,,,,
671.2,,1.0,,,,,,,,
671.22,,2.0,,,,,,,,
671.25,,3.0,,,,,,,,
671.33,,7.0,,,,,,,,
671.34,,0.0,,,,,,,,
684.37,,4.0,,,,,,,,
684.39,,0.0,,,,,,,,
695.69,,,,,,,4.0,,,
695.7,,,,,,,0.0,,,
695.99,,5.0,,,,,,,,
696.0,,0.0,,,,,,,,
708.42,,4.0,,,,,,,,
708.43,,6.0,,,,,,,,
708.44,,0.0,,,,,,,,
708.82,,,,,,,1.0,,,
708.83,,,,,,,3.0,,,
708.84,,,,,,,7.0,,,
708.85,,,,,,,0.0,,,
724.74,,,,,,,4.0,,,
724.75,,,,,,,0.0,,,
730.21,,5.0,,,,,,,,
730.22,,0.0,,,,,,,,
740.99,,2.0,,,,,,,,
741.0,,4.0,,,,,,,,
741.01,,0.0,,,,,,,,
743.05,,,,,,,5.0,,,
743.06,,,,,,,6.0,,,
743.07,,,,,,,0.0,,,
751.87,,4.0,,,,,,,,
751.89,,0.0,,,,,,,,
758.19,,,,,,,1.0,,,
758.2,,,,,,,3.0,,,
758.22,,,,,,,4.0,,,
758.24,,,,,,,3.0,,,
758.25,,,,,,,0.0,,,
762.29,,2.0,,,,,,,,
762.3,,3.0,,,,,,,,
762.31,,4.0,,,,,,,,
762.32,,7.0,,,,,,,,
762.33,,0.0,,,36.0,,,,,
762.35,,,,,34.0,,,,,
762.36,,,,,32.0,,,,,
762.37,,,,,30.0,,,,,
762.39,,,,,26.0,,,,,
762.4,,,,,24.0,,,,,
762.41,,,,,20.0,,,,,
762.42,,,,,17.0,,,,,
762.43,,,,,16.0,,,,,
762.44,,,,,13.0,,,,,
762.45,,,,,10.0,,,,,
762.46,,,,,7.0,,,,,
762.47,,,,,4.0,,,,,
762.48,,,,,0.0,,,,,
774.18,,3.0,,,,,,,,
774.22,,4.0,,,,,,,,
774.26,,5.0,,,,,,,,
774.29,,6.0,,,,,,,,
774.32,,0.0,,,,,,,,
775.69,,,,,,,1.0,,,
775.7,,,,,,,2.0,,,
775.71,,,,,,,3.0,,,
775.73,,,,,,,7.0,,,
775.74,,,,,,,0.0,,,
790.65,,,,,,,4.0,,,
790.66,,,,,,,0.0,,,
790.89,,2.0,,,,,,,,
790.9,,7.0,,,,,,,,
790.91,,0.0,,,4.0,,,,,
790.93,,,,,0.0,,,,,
809.33,,,,,,,1.0,,,
809.35,,,,,,,2.0,,,
809.36,,,,,,,3.0,,,
809.37,,,,,,,4.0,,,
809.4,,,,,,,5.0,,,
809.41,,,,,,,6.0,,,
809.45,,,,,,,0.0,,,
813.6,,1.0,,,,,,,,
813.61,,4.0,,,,,,,,
813.62,,0.0,,,,,,,,
825.48,,,,,,,4.0,,,
825.49,,,,,,,0.0,,,
827.08,,4.0,,,,,,,,
827.09,,0.0,,,,,,,,
838.32,,3.0,,,,,,,,
838.33,,0.0,,,,,,,,
842.04,,,,,,,3.0,,,
842.05,,,,,,,0.0,,,
842.06,,,,,5.0,,,,,
842.07,,,,,4.0,,,,,
842.08,,,,,0.0,,,,,
855.31,,,,,,,4.0,,,
855.32,,,,,,,0.0,,,
867.83,,,,,,,6.0,,,
867.84,,,,,,,0.0,,,
885.36,,6.0,,,,,,,,
885.37,,0.0,,,,,,,,
895.95,,4.0,,,,,,,,
895.96,,0.0,,,,,,,,
900.42,,,,,,,1.0,,,
900.46,,,,,,,3.0,,,
900.47,,,,,,,4.0,,,
900.48,,,,,,,7.0,,,
900.49,,,,,6.0,,0.0,,,
900.5,,,,,2.0,,,,,
900.51,,,,,0.0,,,,,
906.62,,4.0,,,,,,,,
906.64,,0.0,,,,,,,,
915.87,,,,,,,3.0,,,
915.89,,,,,,,4.0,,,
915.92,,,,,,,0.0,,,
916.86,,3.0,,,,,,,,
916.89,,4.0,,,,,,,,
916.9,,7.0,,,,,,,,
916.91,,0.0,,,,,,,,
936.34,,4.0,,,,,,,,
936.39,,5.0,,,,,,,,
936.43,,6.0,,,,,,,,
936.44,,0.0,,,,,,,,
943.27,,,,,,,7.0,,,
943.28,,,,,4.0,,0.0,,,
943.3,,,,,0.0,,,,,
946.59,,3.0,,,,,,,,
946.6,,0.0,,,,,,,,
959.34,,3.0,,,,,,,,
959.35,,7.0,,,,,,,,
959.36,,0.0,,,,,,,,
964.96,,,,,,,4.0,,,
964.97,,,,,,,0.0,,,
971.11,,3.0,,,,,,,,
971.14,,5.0,,,,,,,,
971.16,,6.0,,,,,,,,
971.17,,7.0,,,,,,,,
971.18,,0.0,,,,,,,,
983.49,,,,,,,7.0,,,
983.5,,,,,,,0.0,,,
987.06,,2.0,,,,,,,,
987.07,,7.0,,,,,,,,
987.08,,0.0,,,,,,,,
1001.04,,,,,,,1.0,,,
1001.07,,,,,,,2.0,,,
1001.08,,,,,,,3.0,,,
1001.15,,,,,,,4.0,,,
1001.2,,,,,,,0.0,,,
1003.54,,2.0,,,,,,,,
1003.55,,3.0,,,,,,,,
1003.58,,7.0,,,,,,,,
1003.59,,0.0,,,,,,,,
1024.36,,5.0,,,,,,,,
1024.37,,0.0,,,,,,,,
1028.51,,,,,,,3.0,,,
1028.52,,,,,,,0.0,,,
1038.69,,2.0,,,,,,,,
1038.7,,4.0,,,,,,,,
1038.71,,7.0,,,,,,,,
1038.72,,0.0,,,,,,,,
1041.34,,,,,,,3.0,,,
1041.35,,,,,,,0.0,,,
1051.23,,1.0,,,,,,,,
1051.24,,6.0,,,,,,,,
1051.25,,0.0,,,,,,,,
1062.21,,,,,,,4.0,,,
1062.22,,,,,,,0.0,,,
1065.28,,1.0,,,,,,,,
1065.33,,2.0,,,,,,,,
1065.37,,3.0,,,,,,,,
1065.47,,0.0,,,,,,,,
1075.68,,,,,,,3.0,,,
1075.69,,,,,,,0.0,,,
1077.92,,4.0,,,,,,,,
1077.93,,0.0,,,,,,,,
1088.25,,,,,,,0.0,,,
1089.24,,4.0,,,,,,,,
1089.25,,0.0,,,,,,,,
1101.21,,,,,,,3.0,,,
1101.22,,,,,,,0.0,,,
1101.29,,6.0,,,,,,,,
1101.3,,0.0,,,,,,,,
1117.6,,,,,,,2.0,,,
1117.61,,,,,,,4.0,,,
1117.62,,,,,,,5.0,,,
1117.64,,,,,,,0.0,,,
1128.97,,4.0,,,,,,,,
1128.98,,0.0,,,,,,,,
1131.67,,,,,,,3.0,,,
1131.68,,,,,,,6.0,,,
1131.69,,,,,,,0.0,,,
1140.7,,3.0,,,,,,,,
1140.71,,0.0,,,,,,,,
1147.24,,,,,,,2.0,,,
1147.25,,,,,,,6.0,,,
1147.27,,,,,,,7.0,,,
1147.28,,,,,,,0.0,,,
1153.56,,5.0,,,,,,,,
1153.57,,6.0,,,,,,,,
1153.58,,0.0,,,,,,,,
1161.76,,,,,,,1.0,,,
1161.77,,,,,,,6.0,,,
1161.78,,,29.0,,,,0.0,,,
1161.8,,,26.0,,,,,,,
1161.81,,,25.0,,,,,,,
1161.82,,,23.0,,,,,,,
1161.83,,,17.0,,,,,,,
1161.84,,,16.0,,,,,,,
1161.85,,,14.0,,,,,,,
1161.86,,,9.0,,,,,,,
1161.87,,,8.0,,,,,,,
1161.89,,,7.0,,,,,,,
1161.9,,,0.0,,,,,,,
1164.5,,1.0,,,,,,,,
1164.51,,4.0,,,,,,,,
1164.52,,0.0,,,,,,,,
1174.69,,,,,,,3.0,,,
1174.7,,,,,,,0.0,,,
1178.44,,3.0,,,,,,,,
1178.45,,5.0,,,,,,,,
1178.46,,6.0,,,,,,,,
1178.47,,0.0,,,,,,,,
1187.12,,,,,,,4.0,,,
1187.14,,,4.0,,,,0.0,,,
1187.15,,,3.0,,,,,,,
1187.16,,,0.0,,,,,,,
1189.54,,4.0,,,,,,,,
1189.55,,7.0,,,,,,,,
1189.56,,0.0,,,,,,,,
1199.86,,4.0,,,,,,,,
1199.87,,0.0,,,,,,,,
1199.95,,,,,,,4.0,,,
1199.96,,,,,,,0.0,,,
1210.11,,4.0,,,,,,,,
1210.12,,0.0,,,,,,,,
1213.29,,,,,,,2.0,,,
1213.3,,,,,,,3.0,,,
1213.31,,,,,,,4.0,,,
1213.36,,,,,,,5.0,,,
1213.4,,,,,,,6.0,,,
1213.41,,,,,,,7.0,,,
1213.42,,,,,,,0.0,,,
1222.26,,3.0,,,,,,,,
1222.28,,0.0,,,,,,,,
1225.93,,,,,,,2.0,,,
1225.94,,,,,,,4.0,,,
1225.95,,,,,,,5.0,,,
1225.96,,,,,,,6.0,,,
1225.97,,,,,,,7.0,,,
1225.99,,,,,,,0.0,,,
1234.23,,3.0,,,,,,,,
1234.27,,0.0,,,,,,,,
1238.93,,,,,,,3.0,,,
1238.94,,,,,,,4.0,,,
1238.96,,,,,,,0.0,,,
1249.98,,1.0,,,,,,,,
1249.99,,7.0,,,,,,,,
1250.0,,0.0,,,,,,,,
1251.74,,,,,,,1.0,,,
1251.75,,,,,,,2.0,,,
1251.77,,,,,,,3.0,,,
1251.84,,,,,,,7.0,,,
1251.85,,,,,,,0.0,,,
1261.5,,3.0,,,,,,,,
1261.51,,0.0,,,,,,,,
1264.53,,,,,,,2.0,,,
1264.54,,,,,,,7.0,,,
1264.55,,,,,,,0.0,,,
1272.89,,3.0,,,,,,,,
1272.9,,4.0,,,,,,,,
1272.91,,5.0,,,,,,,,
1272.92,,0.0,,,,,,,,
1281.51,,,,,,,1.0,,,
1281.52,,,,,,,4.0,,,
1281.55,,,,,,,5.0,,,
1281.58,,,,,,,6.0,,,
1281.59,,,,,,,0.0,,,
1284.65,,4.0,,,,,,,,
1284.66,,0.0,,,,,,,,
1297.64,,4.0,,,,,,,,
1297.65,,0.0,,,,,,,,
1306.21,,,,,,,3.0,,,
1306.22,,,,,,,0.0,,,
1308.59,,3.0,,,,,,,,
1308.6,,7.0,,,,,,,,
1308.61,,0.0,,,,,,,,
1319.45,,3.0,,,,,,,,
1319.46,,6.0,,,,,,,,
1319.47,,0.0,,,,,,,,
1323.65,,,,,,,3.0,,,
1323.67,,,,,,,0.0,,,
1323.68,,,20.0,,,,,,,
1323.7,,,16.0,,,,,,,
1323.72,,,13.0,,,,,,,
1323.73,,,7.0,,,,,,,
1323.75,,,0.0,,,,,,,
1330.25,,3.0,,,,,,,,
1330.26,,0.0,,,,,,,,
1337.21,,,,,,,2.0,,,
1337.22,,,,,,,7.0,,,
1337.23,,,,,,,0.0,,,
1340.71,,3.0,,,,,,,,
1340.72,,0.0,,,,,,,,
1349.55,,,,,,,3.0,,,
1349.56,,,,,,,7.0,,,
1349.57,,,,,,,0.0,,,
1351.25,,3.0,,,,,,,,
1351.26,,4.0,,,,,,,,
1351.28,,5.0,,,,,,,,
1351.29,,6.0,,,,,,,,
1351.3,,0.0,,,,,,,,
1362.07,,,,,,,3.0,,,
1362.08,,,,,,,7.0,,,
1362.09,,,,,,,0.0,,,
1362.65,,4.0,,,,,,,,
1362.66,,0.0,8.0,,,,,,,
1362.69,,,3.0,,,,,,,
1362.7,,,0.0,,,,,,,
1373.8,,1.0,,,,,,,,
1373.89,,2.0,,,,,,,,
1373.93,,3.0,,,,,,,,
1373.97,,0.0,,,,,,,,
1376.41,,,,,,,2.0,,,
1376.44,,,,,,,3.0,,,
1376.67,,,,,,,4.0,,,
1376.75,,,,,,,5.0,,,
1376.82,,,,,,,6.0,,,
1376.91,,,,,,,7.0,,,
1376.94,,,,,,,0.0,,,
1376.95,,,,,,0.0,,,,
1384.79,,3.0,,,,,,,,
1384.82,,6.0,,,,,,,,
1384.83,,0.0,,,,,,,,
1391.79,,,,,,,4.0,,,
1391.8,,,,,,,0.0,,,
1396.2,,1.0,,,,,,,,
1396.25,,2.0,,,,,,,,
1396.3,,3.0,,,,,,,,
1396.31,,0.0,,,,,,,,
1407.49,,3.0,,,,,,,,
1407.5,,0.0,,,,,,,,
1408.0,,,,,,,1.0,,,
1408.2,,,,,,,2.0,,,
1408.21,,,,,,,4.0,,,
1408.22,,,,,,,5.0,,,
1408.23,,,,,,,6.0,,,
1408.25,,,,,,,7.0,,,
1408.26,,,,,,,0.0,,,
1418.31,,3.0,,,,,,,,
1418.32,,0.0,,,,,,,,
1423.72,,,,,,,6.0,,,
1423.73,,,,,,,0.0,,,
1429.93,,1.0,,,,,,,,
1429.95,,2.0,,,,,,,,
1429.99,,3.0,,,,,,,,
1430.03,,4.0,,,,,,,,
1430.05,,5.0,,,,,,,,
1430.12,,7.0,,,,,,,,
1430.15,,0.0,,,,,,,,
1436.94,,,,,,,3.0,,,
1436.95,,,,,,,7.0,,,
1436.96,,,,,,,0.0,,,
1440.6,,3.0,,,,,,,,
1440.61,,4.0,,,,,,,,
1440.62,,6.0,,,,,,,,
1440.65,,7.0,,,,,,,,
1440.67,,0.0,,,,,,,,
1450.59,,,,,,,3.0,,,
1450.6,,,,,,,0.0,,,
1451.47,,4.0,,,,,,,,
1451.48,,0.0,,,,,,,,
1464.14,,1.0,,,,,,,,
1464.15,,3.0,,,,,,,,
1464.16,,4.0,,,,,,,,
1464.17,,0.0,,,,,,,,
1464.67,,,,,,,4.0,,,
1464.68,,,,,,,0.0,,,
1477.53,,2.0,,,,,,,,
1477.54,,7.0,,,,,,,,
1477.55,,0.0,,,,,,,,
1478.61,,,,,,,1.0,,,
1478.64,,,,,,,2.0,,,
1478.67,,,,,,,3.0,,,
1478.75,,,,,,,4.0,,,
1478.78,,,,,,,6.0,,,
1478.79,,,,,,,7.0,,,
1478.8,,,,,,,0.0,,,
1489.6,,1.0,,,,,,,,
1489.62,,2.0,,,,,,,,
1489.65,,3.0,,,,,,,,
1489.66,,4.0,,,,,,,,
1489.67,,7.0,,,,,,,,
1489.68,,0.0,,,,,,,,
1493.75,,,,,,,1.0,,,
1493.79,,,,,,,2.0,,,
1493.82,,,,,,,3.0,,,
1493.95,,,,,,,4.0,,,
1493.97,,,,,,,0.0,,,
1503.41,,3.0,,,,,,,,
1503.42,,0.0,,,,,,,,
1508.7,,,,,,,4.0,,,
1508.71,,,,,,,0.0,,,
1514.76,,3.0,,,,,,,,
1514.77,,0.0,,,,,,,,
1523.21,,,,,,,5.0,,,
1523.22,,,,,,,0.0,,,
1529.68,,1.0,,,,,,,,
1529.69,,2.0,,,,,,,,
1529.71,,7.0,,,,,,,,
1529.72,,0.0,,,,,,,,
1538.83,,,,,,,4.0,,,
1538.84,,,,,,,0.0,,,
1540.12,,2.0,,,,,,,,
1540.17,,3.0,,,,,,,,
1540.2,,5.0,,,,,,,,
1540.21,,6.0,,,,,,,,
1540.22,,0.0,,,,,,,,
1552.0,,2.0,,,,,,,,
1552.02,,7.0,,,,,,,,
1552.03,,0.0,,,,,,,,
1552.39,,,,,,,5.0,,,
1552.4,,,,,,,0.0,,,
1563.99,,3.0,,,,,,,,
1564.0,,0.0,,,,,,,,
1565.6,,,,,,,4.0,,,
1565.61,,,,,,,0.0,,,
1578.67,,,,,,,6.0,,,
1578.68,,,,,,,0.0,,,
1585.33,,4.0,,,,,,,,
1585.34,,0.0,,,,,,,,
1593.91,,,,,,,2.0,,,
1593.92,,,,,,,7.0,,,
1593.93,,,,,,,0.0,,,
1596.25,,0.0,,,,,,,,
1608.12,,1.0,,,,,,,,
1608.16,,4.0,,,,,,,,
1608.2,,5.0,,,,,,,,
1608.28,,6.0,,,,,,,,
1608.3,,7.0,,,,,,,,
1608.33,,0.0,,,,,,,,
1610.71,,,,,,,2.0,,,
1610.72,,,,,,,3.0,,,
1610.73,,,,,,,0.0,,,
1625.42,,1.0,,,,,,,,
1625.43,,7.0,,,,,,,,
1625.44,,0.0,,,,,,,,
1636.08,,,,,,,4.0,,,
1636.09,,,,,,,0.0,,,
1644.25,,4.0,,,,,,,,
1644.27,,6.0,,,,,,,,
1644.31,,0.0,39.0,,,,,,,
1644.33,,,38.0,,,,,,,
1644.34,,,35.0,,,,,,,
1644.35,,,32.0,,,,,,,
1644.36,,,31.0,,,,,,,
1644.37,,,28.0,,,,,,,
1644.39,,,22.0,,,,,,,
1644.4,,,20.0,,,,,,,
1644.41,,,19.0,,,,,,,
1644.42,,,18.0,,,,,,,
1644.43,,,11.0,,,,,,,
1644.44,,,10.0,,,,,,,
1644.45,,,9.0,,,,,,,
1644.46,,,3.0,,,,,,,
1644.47,,,0.0,,,,,,,
1651.25,,,,,,,3.0,,,
1651.27,,,,,,,4.0,,,
1651.28,,,,,,,0.0,,,
1658.15,,1.0,,,,,,,,
1658.16,,7.0,,,,,,,,
1658.17,,0.0,,,,,,,,
1664.95,,,,,,,6.0,,,
1664.96,,,,,,,0.0,,,
1670.48,,1.0,,,,,,,,
1670.49,,6.0,,,,,,,,
1670.5,,0.0,,,,,,,,
1678.68,,,,,,,4.0,,,
1678.69,,,,,,,0.0,,,
1693.54,,1.0,,,,,,,,
1693.55,,4.0,,,,,,,,
1693.56,,0.0,,,,,,,,
1705.53,,,,,,,4.0,,,
1705.54,,,,,,,0.0,,,
1706.51,,2.0,,,,,,,,
1706.52,,5.0,,,,,,,,
1706.53,,7.0,,,,,,,,
1706.54,,0.0,,,,,,,,
1717.75,,4.0,,,,,,,,
1717.76,,6.0,,,,,,,,
1717.77,,0.0,,,,,,,,
1718.43,,,,,,,2.0,,,
1718.44,,,,,,,3.0,,,
1718.48,,,,,,,0.0,,,
1728.69,,3.0,,,,,,,,
1728.7,,0.0,,,,,,,,
1732.67,,,,,,,4.0,,,
1732.68,,,,,,,0.0,,,
1739.05,,2.0,,,,,,,,
1739.06,,7.0,,,,,,,,
1739.07,,0.0,,,,,,,,
1748.5,,,,,,,4.0,,,
1748.51,,,,,,,0.0,,,
1750.2,,4.0,,,,,,,,
1750.21,,0.0,,,,,,,,
1760.83,,4.0,,,,,,,,
1760.84,,0.0,,,,,,,,
1762.12,,,,,,,7.0,,,
1762.14,,,,,,,0.0,,,
1776.94,,4.0,,,,,,,,
1776.95,,0.0,,,,,,,,
1779.28,,,,,,,2.0,,,
1779.29,,,,,,,3.0,,,
1779.3,,,,,,,0.0,,,
1787.83,,4.0,,,,,,,,
1787.84,,0.0,,,,,,,,
1794.9,,,,,,,2.0,,,
1794.91,,,,,,,3.0,,,
1794.92,,,,,,,0.0,,,
1798.67,,4.0,,,,,,,,
1798.68,,0.0,,,,,,,,
1807.75,,,,,,,3.0,,,
1807.77,,,,,,,5.0,,,
1807.78,,,,,,,6.0,,,
1807.8,,,,,,,7.0,,,
1807.85,,,,,,,0.0,,,
1809.83,,3.0,,,,,,,,
1809.84,,0.0,,,,,,,,
1820.46,,,,,,,2.0,,,
1820.47,,,,,,,3.0,,,
1820.49,,,,,,,4.0,,,
1820.5,,,,,,,7.0,,,
1820.51,,,,,,,0.0,,,
1820.94,,4.0,,,,,,,,
1820.95,,0.0,,,,,,,,
1832.09,,1.0,,,,,,,,
1832.14,,2.0,,,,,,,,
1832.18,,3.0,,,,,,,,
1832.19,,4.0,,,,,,,,
1832.2,,0.0,,,,,,,,
1833.4,,,,,,,4.0,,,
1833.42,,,,,,,0.0,,,
1844.91,,3.0,,,,,,,,
1844.92,,0.0,,,,,,,,
1845.97,,,,,,,4.0,,,
1845.98,,,,,,,0.0,,,
1855.43,,3.0,,,,,,,,
1855.44,,0.0,,,,,,,,
1857.9,,,,,,,3.0,,,
1857.91,,,,,,,4.0,,,
1858.0,,,,,,,6.0,,,
1858.01,,,,,,,7.0,,,
1858.05,,,,,,,0.0,,,
1866.5,,4.0,,,,,,,,
1866.51,,0.0,,,,,,,,
1870.43,,,,,,,3.0,,,
1870.44,,,,,,,0.0,,,
1877.49,,4.0,,,,,,,,
1877.5,,0.0,,,,,,,,
1885.96,,,,,,,3.0,,,
1886.04,,,,,,,4.0,,,
1886.07,,,,,,,6.0,,,
1886.09,,,,,,,7.0,,,
1886.11,,,,,,,0.0,,,
1887.84,,5.0,,,,,,,,
1887.85,,0.0,,,,,,,,
1899.14,,2.0,,,,,,,,
1899.15,,7.0,,,,,,,,
1899.16,,0.0,,,,,,,,
1900.04,,,,,,,6.0,,,
1900.05,,,,,,,0.0,,,
1910.49,,2.0,,,,,,,,
1910.5,,7.0,,,,,,,,
1910.51,,0.0,,,,,,,,
1914.5,,,,,,,7.0,,,
1914.51,,,,,,,0.0,,,
1923.18,,4.0,,,,,,,,
1923.19,,0.0,,,,,,,,
1927.01,,,,,,,1.0,,,
1927.03,,,,,,,2.0,,,
1927.06,,,,,,,3.0,,,
1927.07,,,,,,,0.0,,,
1933.72,,1.0,,,,,,,,
1933.78,,2.0,,,,,,,,
1934.0,,3.0,,,,,,,,
1934.01,,6.0,,,,,,,,
1934.02,,0.0,,,,,,,,
1940.27,,,,,,,3.0,,,
1940.28,,,,,,,0.0,,,
1946.02,,3.0,,,,,,,,
1946.03,,0.0,,,,,,,,
1953.26,,,,,,,1.0,,,
1953.28,,,,,,,3.0,,,
1953.31,,,,,,,4.0,,,
1953.33,,,,,,,7.0,,,
1953.34,,,,,,,0.0,,,
1957.85,,3.0,,,,,,,,
1957.86,,0.0,,,,,,,,
1957.87,,,48.0,,,,,,,
1957.89,,,47.0,,,,,,,
1957.9,,,44.0,,,,,,,
1957.91,,,43.0,,,,,,,
1957.92,,,41.0,,,,,,,
1957.93,,,36.0,,,,,,,
1957.94,,,34.0,,,,,,,
1957.95,,,30.0,,,,,,,
1957.96,,,29.0,,,,,,,
1957.97,,,28.0,,,,,,,
1957.98,,,22.0,,,,,,,
1957.99,,,20.0,,,,,,,
1958.0,,,14.0,,,,,,,
1958.01,,,12.0,,,,,,,
1958.02,,,10.0,,,,,,,
1958.03,,,6.0,,,,,,,
1958.04,,,2.0,,,,,,,
1958.05,,,0.0,,,,,,,
1966.59,,,,,,,1.0,,,
1966.61,,,,,,,2.0,,,
1966.64,,,,,,,4.0,,,
1966.66,,,,,,,5.0,,,
1966.67,,,,,,,6.0,,,
1966.69,,,,,,,0.0,,,
1969.54,,6.0,,,,,,,,
1969.55,,0.0,,,,,,,,
1979.62,,,,,,,6.0,,,
1979.64,,,,,,,0.0,,,
1981.59,,3.0,,,,,,,,
1981.61,,4.0,,,,,,,,
1981.64,,0.0,,,,,,,,
1992.82,,,,,,,2.0,,,
1992.83,,,,,,,7.0,,,
1992.84,,,,,,,0.0,,,
2003.16,,3.0,,,,,,,,
2003.17,,6.0,,,,,,,,
2003.18,,0.0,,,,,,,,
2006.79,,,,,,,2.0,,,
2006.8,,,,,,,3.0,,,
2006.81,,,,,,,4.0,,,
2006.82,,,,,,,0.0,,,
2006.83,,,7.0,,,,,,,
2006.85,,,2.0,,,,,,,
2006.86,,,0.0,,,,,,,
2014.21,,4.0,,,,,,,,
2014.22,,0.0,,,,,,,,
2019.92,,,,,,,4.0,,,
2019.93,,,,,,,0.0,,,
2025.24,,3.0,,,,,,,,
2025.25,,0.0,,,,,,,,
2034.96,,,,,,,2.0,,,
2034.97,,,,,,,7.0,,,
2034.98,,,,,,,0.0,,,
2035.83,,3.0,,,,,,,,
2035.84,,6.0,,,,,,,,
2035.85,,0.0,,,,,,,,
2047.69,,4.0,,,,,,,,
2047.7,,0.0,,,,,,,,
2058.52,,6.0,,,,,,,,
2058.53,,0.0,,,,,,,,
2060.45,,,,,,,3.0,,,
2060.46,,,,,,,0.0,,,
2071.0,,2.0,,,,,,,,
2071.02,,3.0,,,,,,,,
2071.19,,4.0,,,,,,,,
2071.37,,5.0,,,,,,,,
2071.56,,6.0,,,,,,,,
2071.57,,7.0,,,,,,,,
2071.6,,0.0,,,,,,,,
2075.4,,,,,,,4.0,,,
2075.41,,,,,,,0.0,,,
2082.7,,4.0,,,,,,,,
2082.71,,0.0,,,,,,,,
2093.33,,,,,,,3.0,,,
2093.34,,,,,,,0.0,,,
2093.57,,3.0,,,,,,,,
2093.58,,0.0,,,,,,,,
2093.59,,,13.0,,,,,,,
2093.61,,,9.0,,,,,,,
2093.62,,,7.0,,,,,,,
2093.64,,,3.0,,,,,,,
2093.65,,,0.0,,,,,,,
2103.72,,3.0,,,,,,,,
2103.74,,4.0,,,,,,,,
2103.76,,0.0,,,,,,,,
2106.86,,,,,,,2.0,,,
2106.87,,,,,,,3.0,,,
2106.89,,,,,,,5.0,,,
2106.9,,,,,,,0.0,,,
2115.84,,3.0,,,,,,,,
2115.85,,0.0,,,,,,,,
2120.07,,,,,,,3.0,,,
2120.09,,,,,,,7.0,,,
2120.1,,,,,,,0.0,,,
2127.82,,3.0,,,,,,,,
2127.83,,0.0,,,,,,,,
2133.35,,,,,,,3.0,,,
2133.36,,,,,,,0.0,,,
2141.25,,3.0,,,,,,,,
2141.27,,6.0,,,,,,,,
2141.28,,0.0,,,,,,,,
2146.29,,,,,,,4.0,,,
2146.3,,,,,,,0.0,,,
2151.46,,3.0,,,,,,,,
2151.47,,7.0,,,,,,,,
2151.48,,0.0,,,,,,,,
2160.03,,,,,,,1.0,,,
2160.04,,,,,,,7.0,,,
2160.05,,,,,,,0.0,,,
2161.96,,1.0,,,,,,,,
2161.97,,6.0,,,,,,,,
2161.98,,0.0,,,,,,,,
2172.86,,4.0,,,,,,,,
2172.87,,0.0,,,,,,,,
2173.36,,,,,,,4.0,,,
2173.37,,,,,,,0.0,,,
2183.42,,1.0,,,,,,,,
2183.45,,2.0,,,,,,,,
2183.46,,4.0,,,,,,,,
2183.47,,0.0,,,,,,,,
2187.71,,,,,,,1.0,,,
2187.72,,,,,,,2.0,,,
2187.73,,,,,,,7.0,,,
2187.74,,,,,,,0.0,,,
2194.09,,1.0,,,,,,,,
2194.1,,2.0,,,,,,,,
2194.11,,3.0,,,,,,,,
2194.14,,4.0,,,,,,,,
2194.17,,0.0,,,,,,,,
2201.36,,,,,,,3.0,,,
2201.37,,,,,,,0.0,,,
2205.57,,3.0,,,,,,,,
2205.58,,0.0,,,,,,,,
2216.08,,5.0,,,,,,,,
2216.09,,0.0,,,,,,,,
2217.29,,,,,,,3.0,,,
2217.3,,,,,,,0.0,,,
2226.98,,3.0,,,,,,,,
2227.02,,7.0,,,,,,,,
2227.03,,0.0,,,,,,,,
2235.66,,,,,,,1.0,,,
2235.67,,,,,,,7.0,,,
2235.68,,,,,,,0.0,,,
2238.54,,3.0,,,,,,,,
2238.55,,0.0,,,,,,,,
2249.22,,6.0,,,,,,,,
2249.23,,0.0,,,,,,,,
2252.09,,,,,,,3.0,,,
2252.1,,,,,,,0.0,,,
2259.32,,1.0,,,,,,,,
2259.33,,7.0,,,,,,,,
2259.34,,0.0,,,,,,,,
2265.53,,,,,,,1.0,,,
2265.54,,,,,,,6.0,,,
2265.55,,,27.0,,,,0.0,,,
2265.57,,,24.0,,,,,,,
2265.58,,,23.0,,,,,,,
2265.59,,,18.0,,,,,,,
2265.6,,,17.0,,,,,,,
2265.61,,,16.0,,,,,,,
2265.62,,,10.0,,,,,,,
2265.64,,,7.0,,,,,,,
2265.65,,,5.0,,,,,,,
2265.66,,,0.0,,,,,,,
2271.26,,1.0,,,,,,,,
2271.27,,2.0,,,,,,,,
2271.29,,3.0,,,,,,,,
2271.35,,4.0,,,,,,,,
2271.36,,5.0,,,,,,,,
2271.37,,6.0,,,,,,,,
2271.4,,7.0,,,,,,,,
2271.44,,0.0,,,,,,,,
2279.45,,,,,,,3.0,,,
2279.46,,,,,,,0.0,,,
2287.98,,4.0,,,,,,,,
2287.99,,0.0,,,,,,,,
2292.76,,,,,,,3.0,,,
2292.77,,,,,,,7.0,,,
2292.78,,,,,,,0.0,,,
2300.0,,1.0,,,,,,,,
2300.01,,3.0,,,,,,,,
2300.02,,0.0,,,,,,,,
2308.28,,,,,,,3.0,,,
2308.29,,,,,,,0.0,,,
2314.73,,4.0,,,,,,,,
2314.74,,0.0,,,,,,,,
2323.55,,,,,,,3.0,,,
2323.56,,,,,,,0.0,,,
2325.69,,3.0,,,,,,,,
2325.7,,0.0,,,,,,,,
2335.89,,3.0,,,,,,,,
2335.9,,0.0,,,,,,,,
2339.29,,,,,,,4.0,,,
2339.3,,,,,,,0.0,,,
2346.19,,3.0,,,,,,,,
2346.22,,0.0,,,,,,,,
2355.09,,,,,,,2.0,,,
2355.1,,,,,,,0.0,,,
2356.2,,3.0,,,,,,,,
2356.21,,0.0,,,,,,,,
2369.35,,1.0,,,,,,,,
2369.36,,2.0,,,,,,,,
2369.37,,6.0,,,,,,,,
2369.39,,0.0,,,,,,,,
2371.66,,,,,,,1.0,,,
2371.67,,,,,,,6.0,,,
2371.68,,,15.0,,,,0.0,,,
2371.7,,,13.0,,,,,,,
2371.71,,,10.0,,,,,,,
2371.72,,,5.0,,,,,,,
2371.73,,,4.0,,,,,,,
2371.74,,,0.0,,,,,,,
2380.48,,3.0,,,,,,,,
2380.49,,7.0,,,,,,,,
2380.5,,0.0,,,,,,,,
2391.32,,3.0,,,,,,,,
2391.33,,0.0,,,,,,,,
2400.7,,,,,,,1.0,,,
2400.71,,,,,,,7.0,,,
2400.72,,,,,,,0.0,,,
2401.59,,5.0,,,,,,,,
2401.6,,0.0,,,,,,,,
2412.07,,4.0,,,,,,,,
2412.08,,0.0,,,,,,,,
2415.9,,,,,,,5.0,,,
2415.91,,,,,,,0.0,,,
2422.44,,3.0,,,,,,,,
2422.45,,0.0,,,,,,,,
2432.05,,,,,,,3.0,,,
2432.06,,,,,,,0.0,,,
2433.26,,4.0,,,,,,,,
2433.27,,0.0,,,,,,,,
2444.68,,6.0,,,,,,,,
2444.69,,0.0,,,,,,,,
2447.15,,,,,,,3.0,,,
2447.16,,,,,,,0.0,,,
2454.64,,7.0,,,,,,,,
2454.65,,0.0,,,,,,,,
2461.21,,,,,,,3.0,,,
2461.22,,,,,,,0.0,,,
2464.72,,4.0,,,,,,,,
2464.73,,0.0,15.0,,,,,,,
2464.75,,,10.0,,,,,,,
2464.76,,,9.0,,,,,,,
2464.77,,,7.0,,,,,,,
2464.78,,,0.0,,,,,,,
2474.81,,3.0,,,,,,,,
2474.82,,0.0,,,,,,,,
2476.08,,,,,,,7.0,,,
2476.09,,,,,,,0.0,,,
2484.74,,1.0,,,,,,,,
2484.75,,2.0,,,,,,,,
2485.25,,3.0,,,,,,,,
2485.68,,7.0,,,,,,,,
2485.69,,0.0,,,,,,,,
2490.37,,,,,,,4.0,,,
2490.39,,,,,,,0.0,,,
2496.5,,2.0,,,,,,,,
2496.51,,7.0,,,,,,,,
2496.52,,0.0,,,,,,,,
2505.04,,,,,,,3.0,,,
2505.05,,,,,,,7.0,,,
2505.06,,,,,,,0.0,,,
2508.59,,2.0,,,,,,,,
2508.6,,3.0,,,,,,,,
2508.61,,6.0,,,,,,,,
2508.62,,0.0,,,,,,,,
2520.0,,7.0,,,,,,,,
2520.01,,0.0,,,,,,,,
2520.48,,,,,,,2.0,,,
2520.49,,,,,,,7.0,,,
2520.5,,,,,,,0.0,,,
2530.0,,1.0,,,,,,,,
2530.01,,2.0,,,,,,,,
2530.03,,3.0,,,,,,,,
2530.04,,6.0,,,,,,,,
2530.06,,7.0,,,,,,,,
2530.07,,0.0,,,,,,,,
2533.79,,,,,,,1.0,,,
2533.8,,,,,,,7.0,,,
2533.81,,,,,,,0.0,,,
2540.76,,2.0,,,,,,,,
2540.78,,3.0,,,,,,,,
2540.96,,4.0,,,,,,,,
2541.24,,0.0,,,,,,,,
2547.21,,,,,,,2.0,,,
2547.22,,,,,,,7.0,,,
2547.23,,,,,,,0.0,,,
2551.74,,1.0,,,,,,,,
2551.75,,0.0,,,,,,,,
2561.78,,,,,,,4.0,,,
2561.79,,,,,,,0.0,,,
2562.0,,3.0,,,,,,,,
2562.01,,0.0,,,,,,,,
2572.65,,3.0,,,,,,,,
2572.69,,4.0,,,,,,,,
2572.71,,5.0,,,,,,,,
2572.8,,6.0,,,,,,,,
2572.86,,7.0,,,,,,,,
2572.91,,0.0,,,,,,,,
2574.52,,,,,,,2.0,,,
2574.53,,,,,,,3.0,,,
2574.54,,,,,,,0.0,,,
2584.32,,1.0,,,,,,,,
2584.45,,2.0,,,,,,,,
2584.48,,3.0,,,,,,,,
2584.49,,7.0,,,,,,,,
2584.5,,0.0,,,,,,,,
2589.99,,,,,,,3.0,,,
2590.0,,,,,,,0.0,,,
2594.89,,6.0,,,,,,,,
2594.9,,0.0,,,,,,,,
2602.41,,,,,,,3.0,,,
2602.42,,,,,,,0.0,,,
2608.02,,3.0,,,,,,,,
2608.03,,0.0,,,,,,,,
2615.46,,,,,,,4.0,,,
2615.47,,,,,,,0.0,,,
2626.96,,3.0,,,,,,,,
2626.97,,0.0,,,,,,,,
2628.39,,,,,,,1.0,,,
2628.4,,,,,,,2.0,,,
2628.46,,,,,,,3.0,,,
2628.5,,,,,,,4.0,,,
2628.52,,,,,,,5.0,,,
2628.53,,,,,,,6.0,,,
2628.55,,,,,,,0.0,,,
2638.19,,3.0,,,,,,,,
2638.2,,0.0,,,,,,,,
2642.29,,,,,,,5.0,,,
2642.3,,,,,,,0.0,,,
2653.96,,5.0,,,,,,,,
2653.97,,0.0,,,,,,,,
2658.73,,,,,,,2.0,,,
2658.74,,,,,,,5.0,,,
2658.75,,,,,,,0.0,,,
2665.92,,4.0,,,,,,,,
2665.93,,0.0,,,,,,,,
2675.21,,,,,,,2.0,,,
2675.22,,,,,,,7.0,,,
2675.23,,,,,,,0.0,,,
2676.14,,3.0,,,,,,,,
2676.15,,0.0,,,,,,,,
2686.42,,3.0,,,,,,,,
2686.43,,0.0,,,,,,,,
2689.96,,,,,,,3.0,,,
2689.97,,,,,,,0.0,,,
2697.78,,5.0,,,,,,,,
2697.79,,0.0,,,,,,,,
2702.58,,,,,,,1.0,,,
2702.62,,,,,,,2.0,,,
2702.68,,,,,,,4.0,,,
2702.7,,,,,,,6.0,,,
2702.71,,,,,,,0.0,,,
2709.54,,3.0,,,,,,,,
2709.55,,0.0,,,,,,,,
2720.46,,4.0,,,,,,,,
2720.47,,0.0,,,,,,,,
2733.71,,2.0,,,,,,,,
2733.72,,7.0,,,,,,,,
2733.73,,0.0,,,,,,,,
2745.24,,3.0,,,,,,,,
2745.25,,0.0,,,,,,,,
2746.59,,,,,,,5.0,,,
2746.6,,,,,,,0.0,,,
2756.42,,1.0,,,,,,,,
2756.85,,2.0,,,,,,,,
2756.89,,3.0,,,,,,,,
2756.91,,6.0,,,,,,,,
2756.92,,0.0,,,,,,,,
2760.32,,,,,,,6.0,,,
2760.33,,,,,,,0.0,,,
2769.39,,6.0,,,,,,,,
2769.4,,0.0,,,,,,,,
2775.42,,,,,,,4.0,,,
2775.43,,,,,,,0.0,,,
2782.42,,4.0,,,,,,,,
2782.43,,0.0,,,,,,,,
2794.39,,5.0,,,,,,,,
2794.4,,0.0,,,,,,,,
2794.6,,,,,,,4.0,,,
2794.61,,,,,,,0.0,,,
2809.25,,,,,,,3.0,,,
2809.26,,,,,,,0.0,,,
2817.59,,6.0,,,,,,,,
2817.6,,0.0,,,,,,,,
2825.69,,,,,,,4.0,,,
2825.7,,,,,,,0.0,,,
2839.14,,3.0,,,,,,,,
2839.15,,4.0,,,,,,,,
2839.17,,6.0,,,,,,,,
2839.18,,7.0,,,,,,,,
2839.19,,0.0,,,,,,,,
2840.25,,,,,,,3.0,,,
2840.26,,,,,,,4.0,,,
2840.29,,,,,,,0.0,,,
2851.97,,4.0,,,,,,,,
2851.98,,0.0,,,,,,,,
2854.61,,,,,,,4.0,,,
2854.62,,,,,,,0.0,,,
2863.32,,3.0,,,,,,,,
2863.33,,6.0,,,,,,,,
2863.34,,0.0,,,,,,,,
2869.62,,,,,,,4.0,,,
2869.64,,,,,,,0.0,,,
2876.82,,7.0,,,,,,,,
2876.83,,0.0,,,,,,,,
2884.1,,,,,,,3.0,,,
2884.11,,,60.0,,,,0.0,,,
2884.14,,,57.0,,,,,,,
2884.16,,,54.0,,,,,,,
2884.17,,,49.0,,,,,,,
2884.18,,,48.0,,,,,,,
2884.19,,,44.0,,,,,,,
2884.2,,,41.0,,,,,,,
2884.21,,,40.0,,,,,,,
2884.22,,,35.0,,,,,,,
2884.23,,,34.0,,,,,,,
2884.24,,,33.0,,,,,,,
2884.25,,,25.0,,,,,,,
2884.26,,,23.0,,,,,,,
2884.27,,,20.0,,,,,,,
2884.28,,,17.0,,,,,,,
2884.29,,,14.0,,,,,,,
2884.3,,,12.0,,,,,,,
2884.31,,,9.0,,,,,,,
2884.32,,,6.0,,,,,,,
2884.33,,,3.0,,,,,,,
2884.34,,,0.0,,,,,,,
2887.22,,2.0,,,,,,,,
2887.23,,3.0,,,,,,,,
2887.24,,4.0,,,,,,,,
2887.25,,0.0,,,,,,,,
2897.62,,3.0,,,,,,,,
2897.64,,7.0,,,,,,,,
2897.65,,0.0,,,,,,,,
2898.61,,,,,,,3.0,,,
2898.62,,,,,,,0.0,,,
2908.39,,2.0,,,,,,,,
2908.4,,4.0,,,,,,,,
2908.43,,6.0,,,,,,,,
2908.44,,0.0,,,,,,,,
2912.95,,,,,,,3.0,,,
2912.96,,,,,,,0.0,,,
2918.66,,1.0,,,,,,,,
2918.72,,2.0,,,,,,,,
2918.75,,3.0,,,,,,,,
2918.89,,4.0,,,,,,,,
2919.04,,5.0,,,,,,,,
2919.05,,0.0,,,,,,,,
2926.61,,,,,,,3.0,,,
2926.62,,,,,,,0.0,,,
2930.3,,3.0,,,,,,,,
2930.31,,0.0,,,,,,,,
2942.85,,4.0,,,,,,,,
2942.86,,0.0,,,,,,,,
2946.45,,,,,,,3.0,,,
2946.46,,,,,,,0.0,,,
2960.52,,1.0,,,,,,,,
2960.53,,7.0,,,,,,,,
2960.54,,0.0,,,,,,,,
2963.61,,,,,,,4.0,,,
2963.62,,,,,,,0.0,,,
2972.08,,2.0,,,,,,,,
2972.09,,4.0,,,,,,,,
2972.1,,0.0,,,,,,,,
2980.73,,,,,,,5.0,,,
2980.74,,,,,,,0.0,,,
2982.96,,6.0,,,,,,,,
2982.97,,0.0,,,,,,,,
2993.59,,1.0,,,,,,,,
2993.61,,2.0,,,,,,,,
2993.64,,3.0,,,,,,,,
2993.69,,4.0,,,,,,,,
2993.75,,5.0,,,,,,,,
2993.91,,6.0,,,,,,,,
2993.96,,7.0,,,,,,,,
2993.98,,0.0,,,,,1.0,,,
2994.05,,,,,,,3.0,,,
2994.08,,,,,,,4.0,,,
2994.09,,,,,,,6.0,,,
2994.1,,,,,,,7.0,,,
2994.11,,,,,,,0.0,,,
3004.22,,3.0,,,,,,,,
3004.23,,0.0,,,,,,,,
3009.15,,,,,,,5.0,,,
3009.16,,,,,,,0.0,,,
3014.37,,4.0,,,,,,,,
3014.39,,0.0,,,,,,,,
3024.32,,,,,,,5.0,,,
3024.33,,,,,,,0.0,,,
3024.85,,3.0,,,,,,,,
3024.86,,4.0,,,,,,,,
3024.9,,5.0,,,,,,,,
3024.93,,6.0,,,,,,,,
3024.94,,7.0,,,,,,,,
3024.97,,0.0,,,,,,,,
3035.21,,1.0,,,,,,,,
3035.22,,7.0,,,,,,,,
3035.23,,0.0,,,,,,,,
3038.16,,,,,,,1.0,,,
3038.17,,,,,,,7.0,,,
3038.18,,,,,,,0.0,,,
3045.75,,0.0,,,,,,,,
3054.07,,,,,,,3.0,,,
3054.08,,,,,,,5.0,,,
3054.12,,,,,,,7.0,,,
3054.15,,,,,,,0.0,,,
3056.77,,1.0,,,,,,,,
3056.78,,7.0,,,,,,,,
3056.79,,0.0,,,,,,,,
3066.59,,2.0,,,,,,,,
3066.6,,4.0,,,,,,,,
3066.61,,2.0,,,,,,,,
3066.62,,0.0,,,,,,,,
3067.91,,,,,,,3.0,,,
3067.92,,,,,,,2.0,,,
3067.93,,,,,,,0.0,,,
3076.57,,5.0,,,,,,,,
3076.58,,0.0,,,,,,,,
3084.89,,,,,,,4.0,,,
3084.9,,,,,,,0.0,,,
3098.5,,,,,,,0.0,,,
3107.72,,1.0,,,,,,,,
3107.73,,3.0,,,,,,,,
3107.74,,6.0,,,,,,,,
3107.75,,2.0,,,,,,,,
3107.76,,0.0,,,,,,,,
3115.62,,,,,,,3.0,,,
3115.64,,,,,,,0.0,,,
3118.61,,3.0,,,,,,,,
3118.62,,0.0,,,,,,,,
3128.98,,2.0,,,,,,,,
3128.99,,6.0,,,,,,,,
3129.0,,0.0,,,,,,,,
3134.7,,,,,,,4.0,,,
3134.71,,,,,,,0.0,,,
3139.91,,3.0,,,,,,,,
3139.92,,0.0,,,,,,,,
3152.58,,4.0,,,,,,,,
3152.59,,0.0,,,,,,,,
3163.6,,3.0,,,,,,,,
3163.61,,0.0,,,,,,,,
3166.69,,,,,,,5.0,,,
3166.7,,,,,,,0.0,,,
3177.14,,1.0,,,,,,,,
3177.15,,2.0,,,,,,,,
3177.17,,3.0,,,,,,,,
3177.18,,0.0,,,,,,,,
3182.57,,,,,,,3.0,,,
3182.59,,,,,,,4.0,,,
3182.6,,,,,,,5.0,,,
3182.61,,,,,,,0.0,,,
3188.0,,4.0,,,,,,,,
3188.01,,0.0,,,,,,,,
3196.66,,,,,,,1.0,,,
3196.67,,,,,,,7.0,,,
3196.68,,,,,,,0.0,,,
3198.76,,3.0,,,,,,,,
3198.77,,0.0,,,,,,,,
3208.93,,3.0,,,,,,,,
3208.94,,6.0,,,,,,,,
3208.95,,0.0,,,,,,,,
3209.4,,,,,,,4.0,,,
3209.41,,,,,,,0.0,,,
3219.52,,1.0,,,,,,,,
3219.54,,2.0,,,,,,,,
3219.55,,3.0,,,,,,,,
3219.56,,5.0,,,,,,,,
3219.57,,7.0,,,,,,,,
3219.58,,0.0,,,,,,,,
3223.35,,,,,,,3.0,,,
3223.36,,,,,,,0.0,,,
3229.97,,3.0,,,,,,,,
3229.98,,6.0,,,,,,,,
3229.99,,0.0,,,,,,,,
3237.68,,,,,,,3.0,,,
3237.69,,,,,,,0.0,,,
3240.57,,1.0,,,,,,,,
3240.58,,2.0,,,,,,,,
3240.6,,3.0,,,,,,,,
3240.61,,4.0,,,,,,,,
3240.62,,5.0,,,,,,,,
3240.64,,7.0,,,,,,,,
3240.65,,0.0,,,,,,,,
3251.09,,,,,,,1.0,,,
3251.1,,,,,,,7.0,,,
3251.11,,,,,,,0.0,,,
3251.42,,3.0,,,,,,,,
3251.48,,4.0,,,,,,,,
3251.49,,0.0,,,,,,,,
3261.61,,2.0,,,,,,,,
3261.65,,3.0,,,,,,,,
3261.7,,4.0,,,,,,,,
3261.73,,5.0,,,,,,,,
3261.75,,6.0,,,,,,,,
3261.77,,7.0,,,,,,,,
3261.83,,0.0,,,,,,,,
3264.83,,,,,,,3.0,,,
3264.84,,,,,,,0.0,,,
3272.34,,1.0,,,,,,,,
3272.36,,4.0,,,,,,,,
3272.37,,0.0,,,,,,,,
3278.34,,,,,,,4.0,,,
3278.35,,,,,,,0.0,,,
3283.21,,2.0,,,,,,,,
3283.22,,0.0,,,,,,,,
3291.99,,,,,,,2.0,,,
3292.0,,,,,,,0.0,,,
3293.27,,4.0,,,,,,,,
3293.28,,7.0,,,,,,,,
3293.29,,0.0,,,,,,,,
3305.7,,,,,,,3.0,,,
3305.71,,,,,,,0.0,,,
3306.24,,7.0,,,,,,,,
3306.25,,0.0,,,,,,,,
3317.14,,6.0,,,,,,,,
3317.15,,0.0,,,,,,,,
3319.41,,,,,,,1.0,,,
3319.78,,,,,,,2.0,,,
3319.79,,,,,,,3.0,,,
3319.81,,,,,,,4.0,,,
3319.83,,,,,,,5.0,,,
3319.84,,,,,,,0.0,,,
3333.1,,3.0,,,,,,,,
3333.11,,0.0,,,,,,,,
3334.35,,,,,,,3.0,,,
3334.44,,,,,,,4.0,,,
3334.48,,,,,,,0.0,,,
3343.93,,3.0,,,,,,,,
3343.94,,0.0,,,,,,,,
3352.31,,,,,,,4.0,,,
3352.32,,,,,,,0.0,,,
3354.1,,6.0,,,,,,,,
3354.11,,0.0,,,,,,,,
3365.25,,0.0,,,,,,,,
3369.02,,,,,,,4.0,,,
3369.03,,,,,,,0.0,,,
3379.16,,1.0,,,,,,,,
3379.17,,7.0,,,,,,,,
3379.18,,0.0,,,,,,,,
3382.31,,,,,,,4.0,,,
3382.32,,,,,,,0.0,,,
3390.5,,0.0,,,,,,,,
3394.52,,,,,,,3.0,,,
3394.53,,,,,,,0.0,,,
3400.66,,1.0,,,,,,,,
3400.67,,7.0,,,,,,,,
3400.68,,0.0,,,,,,,,
3406.62,,,,,,,4.0,,,
3406.64,,,,,,,0.0,,,
3411.11,,4.0,80.0,,,,,,,
3411.12,,0.0,79.0,,,,,,,
3411.14,,,77.0,,,,,,,
3411.15,,,74.0,,,,,,,
3411.16,,,71.0,,,,,,,
3411.17,,,68.0,,,,,,,
3411.18,,,67.0,,,,,,,
3411.19,,,63.0,,,,,,,
3411.2,,,60.0,,,,,,,
3411.21,,,58.0,,,,,,,
3411.22,,,54.0,,,,,,,
3411.23,,,52.0,,,,,,,
3411.24,,,50.0,,,,,,,
3411.25,,,43.0,,,,,,,
3411.26,,,41.0,,,,,,,
3411.27,,,39.0,,,,,,,
3411.28,,,37.0,,,,,,,
3411.29,,,32.0,,,,,,,
3411.3,,,30.0,,,,,,,
3411.31,,,29.0,,,,,,,
3411.32,,,24.0,,,,,,,
3411.33,,,22.0,,,,,,,
3411.34,,,19.0,,,,,,,
3411.35,,,16.0,,,,,,,
3411.36,,,15.0,,,,,,,
3411.37,,,12.0,,,,,,,
3411.39,,,9.0,,,,,,,
3411.4,,,6.0,,,,,,,
3411.41,,,1.0,,,,,,,
3411.42,,,0.0,,,,,,,
3419.37,,,,,,,3.0,,,
3419.39,,,,,,,0.0,,,
3421.16,,5.0,,,,,,,,
3421.17,,0.0,,,,,,,,
3431.71,,3.0,,,,,,,,
3431.72,,0.0,,,,,,,,
3434.46,,,,,,,3.0,,,
3434.47,,,,,,,0.0,,,
3443.62,,2.0,,,,,,,,
3443.64,,7.0,,,,,,,,
3443.65,,0.0,,,,,,,,
3447.87,,,,,,,4.0,,,
3447.89,,,,,,,0.0,,,
3462.73,,,,,,,3.0,,,
3462.75,,,,,,,0.0,,,
3477.26,,,,,,,4.0,,,
3477.27,,,,,,,0.0,,,
3480.03,,3.0,,,,,,,,
3480.05,,4.0,,,,,,,,
3480.06,,0.0,,,,,,,,
3497.48,,6.0,,,,,,,,
3497.49,,0.0,,,,,,,,
3503.0,,,,,,,4.0,,,
3503.01,,,,,,,0.0,,,
3517.05,,,,,,,6.0,,,
3517.08,,,,,,,0.0,,,
