time,workflow_completion_percentage,10.32.88.231:57520:1,10.32.88.239:59746:1,10.32.88.241:49040:1,10.32.88.245:52100:1,10.32.89.135:59274:1,10.32.89.147:46078:1,10.32.89.153:37696:1,10.32.89.209:55962:1,10.32.89.229:57362:1,10.32.89.243:57128:1,10.32.89.73:40050:1,10.32.91.41:44590:1,10.32.93.112:53090:1,10.32.93.116:42186:1,10.32.93.118:40142:1,10.32.93.11:44914:1,10.32.93.188:48914:1,10.32.93.9:39524:1
0.0,0.0,,,,,,,,,,,,,,0.0,,,,
0.43,0.0,,,,,0.002507289886474609,0.00126031494140625,0.00126031494140625,0.00126031494140625,0.00126031494140625,,,0.002505908966064453,,,,0.00126031494140625,0.00126031494140625,0.0012589340209960937
0.5,0.0,,,,,,,,,,,,,,0.0012154998779296876,,,,
7.31,0.0,,,,,0.0037528839111328127,,,,,,,,,,,,,
7.71,0.26702269692923897,,,,,,,,0.002505908966064453,,,,,,,,,,
8.59,0.26702269692923897,,,,,,,,,,,,,,,,0.002505908966064453,,
9.62,0.4005340453938584,,,,,,,,,,,,,,,,,0.002505908966064453,
9.79,0.5340453938584779,,,,,,,,,,,,,,0.0024610939025878904,,,,
12.01,0.6675567423230975,,,,,,,,,,,,0.003752643585205078,,,,,,
12.07,0.8010680907877168,,,,,0.004999618530273437,,,,,,,,,,,,,
12.37,1.0680907877169559,,,,,,,,,,,,,,,,0.003752643585205078,,
12.56,1.0680907877169559,,,,,,,,0.003752643585205078,,,,,,,,,,
13.57,1.4686248331108143,,,,,,,,,,,,,,0.0037078285217285152,,,,
13.73,1.4686248331108143,,,,,,,,,,,,,,,,,0.003752643585205078,
15.08,1.8691588785046727,,,,,,,,,,,,,,,,0.004997882843017578,,
16.2,1.8691588785046727,,,,,,,,0.004997882843017578,,,,,,,,,,
17.03,2.0026702269692924,,,,,,,,,,,,,,,,,0.004997882843017578,
17.67,2.1361815754339117,,,,,0.006244857788085937,,,,,,,,,,,,,
18.32,2.269692923898531,,,,,,,,,,,,,,0.004953067779541016,,,,
19.25,2.803738317757009,,,,,,,,,,,,0.004999782562255859,,,,,,
19.89,3.0707610146862483,,,,,,,,,,,,,,,,,,0.002506072998046875
20.09,3.0707610146862483,,,,,,,,0.0062450218200683595,,,,,,,,,,
20.39,3.4712950600801067,,,,,,0.0025074539184570315,,,,,,,,,,,,
20.42,3.6048064085447264,,,,,,,,,0.0025074539184570315,,,,,,,,,
20.84,4.005340453938585,,,,,,,,,,,,,,0.006199024200439453,,,,
21.29,4.005340453938585,,,,,,,,,,,,,,,,0.006243839263916016,,
22.92,4.138851802403204,,,,,,,,,,,,0.006245738983154297,,,,,,
24.29,4.405874499332444,,,,,0.007490814208984375,,,,,,,,,,,,,
24.39,4.405874499332444,,,,,,,,0.0074909782409667966,,,,,,,,,,
24.65,4.539385847797062,,,,,,,,,,,,,,,,,0.006243839263916016,
25.4,4.939919893190921,,,,,,,,,,,,,,0.007446598052978516,,,,
25.75,5.2069425901201605,,,,,,,,,,,,,,,,0.007491413116455079,,
26.04,5.34045393858478,,,,,0.008738388061523437,,,,,,,,,,,,,
26.07,5.34045393858478,,,,,,,,,,,,0.00749331283569336,,,,,,
28.1,5.740987983978639,,,,,,0.0037550277709960935,,,,,,,,,,,,
28.25,6.008010680907877,,,,,,,,0.00873855209350586,,,,,,,,,,
30.3,6.141522029372497,,,,,,,,,,,,0.00874088668823242,,,,,,
30.33,6.141522029372497,,,,,0.0099859619140625,,,,,,,,,,,,,
31.52,6.275033377837117,,,,,,,,,,,,,,,,0.00873898696899414,,
31.64,6.408544726301734,,,,,,,,0.009986125946044921,,,,,,,,,,
31.66,6.675567423230974,,,,,,,,,0.0037550277709960935,,,,,,,,,
31.67,6.809078771695594,,,,,,,,,,,,,,0.008694171905517578,,,,
32.19,6.809078771695594,,,,,,,,,,,,,,,,,0.007491413116455079,
33.04,7.076101468624834,,,,,,,,,,,,,,,,0.009987056732177734,,
33.28,7.209612817089453,,,,,,0.005003097534179688,,,,,,,,,,,,
33.43,7.476635514018691,,,,,,,,,,,,,,,,,0.00873948287963867,
33.97,7.74365821094793,,,,,,,,,,,,0.009988956451416016,,,,,,
35.09,7.74365821094793,,,,,,,,0.011234195709228515,,,,,,,,,,
36.0,8.01068090787717,,,,,0.011234031677246093,,,,,,,,,,,,,
36.65,8.01068090787717,,,,,,,,,,,,,,0.009942241668701172,,,,
36.68,8.144192256341789,,,,,,,0.002463352203369141,,,,,,,,,,,
36.76,8.411214953271028,,,,,,0.006206134796142578,,,,,,,,,,,,
36.99,8.411214953271028,,,,,,,,,,,,,,,,0.011190093994140626,,
38.16,8.811748998664887,,,,,,,,0.012437232971191406,,,,,,,,,,
38.31,8.945260347129507,,,,,0.012437068939208984,,,,,,,0.011191993713378907,,,,,,
38.89,9.212283044058744,,,,,,,,,,,,,,,,,0.009942520141601562,
40.75,9.612817089452603,,,,,,,,0.013640270233154297,,,,,,,,,,
41.28,9.612817089452603,,,,,,,,,,,,0.012395030975341797,,,,,,
41.34,9.879839786381842,,,,,,0.007409172058105469,,,,,,,,,,,,
41.96,9.879839786381842,,,,,0.013640106201171875,,,,,,,,,,,,,
42.08,10.013351134846461,,,,,,,,,,,,,,0.011145278930664063,,,,
42.52,10.2803738317757,,,,,,,,,,,,,,,,0.012392253875732423,,
43.86,10.68090787716956,,,,,,,,0.014842430114746095,,,,,,,,,,
44.2,10.68090787716956,,,,,0.014842266082763672,,,,,,,,,,,,,
45.0,10.947930574098798,,,,,,,,,,,,0.013597190856933592,,,,,,
45.26,11.081441922563418,,,,,,,,,,,,,,,,0.01359358596801758,,
45.45,11.214953271028037,,,,,,0.008610504150390625,,,,,,,,,,,,
45.93,11.348464619492656,,,,,,,,,,,,,,,,,0.011143852233886718,
46.73,11.615487316421895,,,,,,,,0.01604376220703125,,,,,,,,,,
48.06,11.882510013351135,,,,,0.01604359817504883,,,,,,,,,,,,,
48.67,12.016021361815755,,,,,,,,,,,,0.014799171447753907,,,,,,
48.89,12.149532710280374,,,,,,,,,,,,,,0.012347259521484376,,,,
49.31,12.416555407209612,,,,,,0.009812484741210938,,,,,,,,,,,,
50.24,12.683578104138851,,,,,0.01724557876586914,,,,,,,,,,,,,
50.8,12.817089452603469,,,,,,,,0.017245742797851564,,,,,,,,,,
51.84,12.950600801068092,,,,,,,,,,,,,,,,0.014795566558837892,,
52.3,13.084112149532709,,,,,,0.011016040802001954,,,,,,,,,,,,
52.55,13.351134846461948,,,,,,,,,,,,0.016002727508544923,,,,,,
52.98,13.618157543391188,,,,,,,0.003666908264160156,,,,,,,,,,,
53.75,13.751668891855806,,,,,,,,0.018449298858642577,,,,,,,,,,
54.05,13.751668891855806,,,,,,,,,,,,,,,,,0.012347408294677734,
54.25,14.285714285714285,,,,,0.01844862747192383,,,,,,,,,,,,,
54.61,14.285714285714285,,,,,,,,,,,,,,,,0.015998615264892577,,
55.56,14.419225634178906,,,,,,,,,,,,0.017205776214599608,,,,,,
55.6,14.686248331108143,,,,,,,,,,,,,,0.013550308227539064,,,,
56.04,14.686248331108143,,,,,,0.01221908950805664,,,,,,,,,,,,
56.12,15.086782376502002,,,,,,,,,,,,,,,,,,0.0037091217041015628
57.03,15.353805073431243,,,,,,,,0.019652950286865235,,,,,,,,,,
57.67,15.353805073431243,,,,,,,,,,,,,,0.014753959655761718,,,,
58.91,15.48731642189586,,,,,,,,,,,,,,,,0.017202266693115233,,
59.3,15.7543391188251,,,,,,,,,,,,,,,,,,0.004912773132324218
59.41,15.887850467289718,,,,,,0.013422740936279296,,,,,,,,,,,,
59.5,16.02136181575434,,,,,,,,,0.00495867919921875,,,,,,,,,
59.93,16.288384512683578,,,,,,,,,,,,0.018409427642822267,,,,,,
60.12,16.421895861148197,,,,,,,,0.020854679107666016,,,,,,,,,,
60.24,16.421895861148197,,,,,0.01965035629272461,,,,,,,,,,,,,
60.37,16.555407209612817,,,,,,,,,,,,,,,,0.018403995513916017,,
61.16,16.822429906542055,,,,,,,,,,,,,,,,,0.013549137115478517,
62.22,17.089452603471294,,,,,,,,,,,,,,0.0159556884765625,,,,
63.09,17.222963951935913,,,,,,,,,,,,0.019611156463623047,,,,,,
63.11,17.356475300400533,,,,,,,,,,,,,,0.017160175323486328,,,,
63.61,17.489986648865152,,,,,,0.014627227783203125,,,,,,,,,,,,
65.54,17.75700934579439,,,,,,,,,,,,,,,,0.019608482360839844,,
65.97,17.890520694259013,,,,,,,0.004871395111083985,,,,,,,,,,,
66.84,17.890520694259013,,,,,,,,0.022059165954589843,,,,,,,,,,
67.51,18.424566088117487,,,,,0.020854843139648437,,,,,,,,,,,,,
67.54,18.424566088117487,,,,,,0.014655757904052734,,,,,,,,,,,,
68.35,18.55807743658211,,,,,,,,,,,,0.019625728607177734,,,,,,
68.36,18.69158878504673,,,,,,,,,,,,0.019638767242431642,,,,,,
68.76,18.69158878504673,,,,,0.020883350372314452,,,,,,,,,,,,,
68.85,18.825100133511345,,,,,,,,0.02208954620361328,,,,,,,,,,
70.24,18.958611481975968,,,,,,,0.004893970489501953,,,,,,,,,,,
70.25,19.092122830440587,,,,,,,,,,,,,,,,,0.013564197540283204,
70.26,19.225634178905207,,,,,,,,,,,,,,,,,0.013567176818847657,
70.67,19.225634178905207,,,,,,,,,,,,,,,,,0.013583938598632812,
70.68,19.359145527369826,,,,,,,,,,,,,,,,,0.013586711883544923,
70.8,19.492656875834445,,,,,,,,,0.004984764099121093,,,,,,,,,
70.86,19.492656875834445,,,,,,0.014674945831298828,,,,,,,,,,,,
73.28,19.626168224299064,,,,,,,,0.022092342376708984,,,,,,,,,,
73.29,19.759679572763684,,,,,,,,0.02210174560546875,,,,,,,,,,
73.36,19.759679572763684,,,,,,,,,,,,,,,,0.019639888763427732,,
73.91,20.026702269692922,,,,,0.020904033660888673,,,,,,,,,,,,,
74.16,20.160213618157545,,,,,0.0209068489074707,,,,,,,,,,,,,
74.25,20.29372496662216,,,,,,,,,,,,,,,,0.019648956298828128,,
74.37,20.427236315086784,,,,,0.02090699005126953,,,,,,,,,,,,,
74.53,20.5607476635514,,,,,0.020908084869384766,,,,,,,,,,,,,
74.94,20.5607476635514,,,,,,0.014680511474609375,,,,,,,,,,,,
76.57,20.827770360480642,,,,,,,,0.022107131958007814,,,,,,,,,,
76.74,20.827770360480642,,,,,,,,0.022109226226806642,,,,,,,,,,
78.57,21.09479305740988,,,,,,,,,,,,,,,,,0.013588478088378908,
78.84,21.09479305740988,,,,,,,,,,,,,,,,,0.013588924407958983,
79.15,21.2283044058745,,,,,,,0.00489676284790039,,,,,,,,,,,
79.16,21.36181575433912,,,,,,,0.004916446685791016,,,,,,,,,,,
79.37,21.49532710280374,,,,,0.020913681030273436,,,,,,,,,,,,,
79.59,21.628838451268358,,,,,,0.014686088562011718,,,,,,,,,,,,
80.06,21.762349799732977,,,,,,,,0.022114837646484375,,,,,,,,,,
80.08,22.029372496662216,,,,,,,0.004919219970703125,,,,,,,,,,,
80.17,22.162883845126835,,,,,,,0.004924789428710938,,,,,,,0.0171810302734375,,,,
80.55,22.429906542056074,,,,,,,0.004929161071777344,,,,,,,,,,,
88.5,25.367156208277702,,,,,,,,,,,,,,0.017186618804931643,,,,
91.84,26.168224299065418,,,,,0.02091644287109375,,,,,,,,,,,,,
92.72,26.301735647530037,,,,,,,,,,,,0.019641380310058593,,,,,,
93.21,26.568758344459276,,,,,,,,,,,,,,,,,0.013590049743652344,
93.62,26.568758344459276,,,,,,,,,0.004984905242919922,,,,,,,,,
99.6,28.57142857142857,,,,,,,,,,,,,,0.01963150405883789,,,,
99.84,28.704939919893192,,,,,,0.01713097381591797,,,,,,,,,,,,
113.07,30.173564753004005,,,,,,,,,,,,,,0.017186618804931643,,,,
113.11,30.30707610146862,,,,,,,,,,,,,,0.01963150405883789,,,,
113.53,30.30707610146862,,,,,,0.014686088562011718,,,,,,,,,,,,
113.61,30.440587449933243,,,,,,0.01713097381591797,,,,,,,,,,,,
140.76,31.775700934579437,,,,,,,,,,,,,,0.017186618804931643,,,,
141.99,32.176234979973295,,,,,,,,,,,,,,0.01963150405883789,,,,
150.8,32.30974632843792,,,,,,0.014686088562011718,,,,,,,,,,,,
150.81,32.44325767690254,,,,,,0.01713097381591797,,,,,,,,,,,,
161.97,32.576769025367156,,,,,,0.014686088562011718,,,,,,,,,,,,
162.04,32.71028037383177,,,,,,0.01713097381591797,,,,,,,,,,,,
168.75,32.843791722296395,,,,,,,,,,,,,,0.017186618804931643,,,,
168.8,32.843791722296395,,,,,,,,,,,,,,0.01963150405883789,,,,
173.42,32.843791722296395,,,,,,0.014686088562011718,,,,,,,,,,,,
173.5,32.97730307076102,,,,,,0.01713097381591797,,,,,,,,,,,,
184.99,32.97730307076102,,,,,,0.014686088562011718,,,,,,,,,,,,
185.0,33.11081441922563,,,,,,0.01713097381591797,,,,,,,,,,,,
188.32,33.11081441922563,,,,,,,,,,,,,,0.017186618804931643,,,,
188.41,33.244325767690256,,,,,,,,,,,,,,0.01963151168823242,,,,
196.56,33.244325767690256,,,,,,0.014686088562011718,,,,,,,,,,,,
196.61,33.37783711615487,,,,,,0.0171309814453125,,,,,,,,,,,,
222.02,33.37783711615487,,,,,,,,,,,,,,0.017186618804931643,,,,
222.14,33.51134846461949,,,,,,,,,,,,,,0.019631542205810548,,,,
229.17,33.51134846461949,,,,,,0.014686088562011718,,,,,,,,,,,,
229.21,33.64485981308411,,,,,,0.017131011962890623,,,,,,,,,,,,
229.23,33.64485981308411,,,,,,,,,0.021604274749755858,,,,,,,,,
229.24,33.64485981308411,,,,,,,,,0.07146240615844726,,,,,,,,,
229.25,33.64485981308411,,,,,,,,,0.20441741943359376,,,,,,,,,
238.2,33.77837116154873,,,,,,,,,,,,,,0.017186618804931643,,,,
238.24,33.91188251001335,,,,,,,,,,,,,,0.019631542205810548,,,,
241.54,33.91188251001335,,,,,,0.014686088562011718,,,,,,,,,,,,
241.58,34.045393858477965,,,,,,0.017131011962890623,,,,,,,,,,,,
253.12,34.045393858477965,,,,,,0.014686088562011718,,,,,,,,,,,,
253.23,34.17890520694259,,,,,,0.017131011962890623,,,,,,,,,,,,
264.32,34.17890520694259,,,,,,0.014686088562011718,,,,,,,,,,,,
264.37,34.31241655540721,,,,,,0.017131011962890623,,,,,,,,,,,,
275.91,34.31241655540721,,,,,,0.014686088562011718,,,,,,,,,,,,
276.0,34.44592790387183,,,,,,0.017131011962890623,,,,,,,,,,,,
284.11,34.44592790387183,,,,,,,,,,,,,,0.017186618804931643,,,,
284.17,34.57943925233645,,,,,,,,,,,,,,0.01719828414916992,,,,
284.18,34.57943925233645,,,,,,,,,,,,,,0.01962746810913086,,,,
284.19,34.57943925233645,,,,,,,,,,,,,,0.019631542205810548,,,,
286.27,34.57943925233645,,,,,,0.014686088562011718,,,,,,,,,,,,
286.29,34.712950600801065,,,,,,0.01469775390625,,,,,,,,,,,,
286.3,34.712950600801065,,,,,,0.017131011962890623,,,,,,,,,,,,
297.07,34.712950600801065,,,,,,0.014686088562011718,,,,,,,,,,,,
297.2,34.84646194926569,,,,,,0.0159339599609375,,,,,,,,,,,,
297.21,34.84646194926569,,,,,,0.017131011962890623,,,,,,,,,,,,
300.97,34.84646194926569,,,,,,,,,,,,,,0.017186618804931643,,,,
301.02,34.979973297730304,,,,,,,,,,,,,,0.01963034439086914,,,,
308.66,34.979973297730304,,,,,,0.014686088562011718,,,,,,,,,,,,
308.78,35.11348464619493,,,,,,0.01712650680541992,,,,,,,,,,,,
308.81,35.11348464619493,,,,,,,,,0.25427553939819336,,,,,,,,,
308.82,35.11348464619493,,,,,,,,,0.2708949203491211,,,,,,,,,
308.83,35.11348464619493,,,,,,,,,0.3706111946105957,,,,,,,,,
319.09,35.24699599465955,,,,,,,,,,,,,,0.017186618804931643,,,,
319.24,35.380507343124165,,,,,,,,,,,,,,0.019627037048339843,,,,
319.25,35.380507343124165,,,,,,,,,,,,,,,,0.03626832580566406,,
319.71,35.51401869158878,,,,,,0.014686088562011718,,,,,,,,,,,,
319.73,35.647530040053404,,,,,,0.01712650680541992,,,,,,,,,,,,
332.51,35.647530040053404,,,,,,,,,,,,,,0.017186618804931643,,,,
332.56,35.78104138851803,,,,,,,,,,,,,,0.019626655578613282,,,,
333.06,35.78104138851803,,,,,,0.014686088562011718,,,,,,,,,,,,
333.14,35.91455273698264,,,,,,0.01712612533569336,,,,,,,,,,,,
333.16,35.91455273698264,,,,,,,,,0.42046932601928716,,,,,,,,,
346.25,36.048064085447265,,,,,,,,,,,,,,0.017186618804931643,,,,
346.37,36.18157543391188,,,,,,,,,,,,,,0.019639019012451173,,,,
349.06,36.18157543391188,,,,,,0.014686088562011718,,,,,,,,,,,,
349.07,36.3150867823765,,,,,,0.01713848876953125,,,,,,,,,,,,
349.09,36.3150867823765,,,,,,,,,0.4537080764770508,,,,,,,,,
360.08,36.44859813084112,,,,,,0.014686088562011718,,,,,,,,,,,,
360.14,36.58210947930574,,,,,,0.01713848876953125,,,,,,,,,,,,
360.21,36.58210947930574,,,,,,,,,,,,,,0.017186618804931643,,,,
360.22,36.715620827770366,,,,,,,,,,,,,,0.019639019012451173,,,,
372.48,36.715620827770366,,,,,,0.014686088562011718,,,,,,,,,,,,
372.53,36.849132176234974,,,,,,0.01713848876953125,,,,,,,,,,,,
375.92,36.849132176234974,,,,,,,,,,,,,,0.017186618804931643,,,,
375.95,36.9826435246996,,,,,,,,,,,,,,0.019639019012451173,,,,
383.18,36.9826435246996,,,,,,0.014686088562011718,,,,,,,,,,,,
383.25,37.11615487316422,,,,,,0.01713848876953125,,,,,,,,,,,,
388.91,37.11615487316422,,,,,,,,,,,,,,0.017186618804931643,,,,
389.06,37.249666221628836,,,,,,,,,,,,,,0.019639019012451173,,,,
411.16,37.249666221628836,,,,,,0.014686088562011718,,,,,,,,,,,,
411.19,37.38317757009346,,,,,,0.01713848876953125,,,,,,,,,,,,
412.74,37.38317757009346,,,,,,,,,,,,,,0.017186618804931643,,,,
412.75,37.516688918558074,,,,,,,,,,,,,,0.019639019012451173,,,,
423.24,37.516688918558074,,,,,,0.014686088562011718,,,,,,,,,,,,
423.26,37.65020026702269,,,,,,0.01713849639892578,,,,,,,,,,,,
427.05,37.65020026702269,,,,,,,,,,,,,,0.017186618804931643,,,,
427.18,37.78371161548731,,,,,,,,,,,,,,0.019639026641845702,,,,
435.99,37.78371161548731,,,,,,0.014686088562011718,,,,,,,,,,,,
436.03,37.917222963951936,,,,,,0.01713849639892578,,,,,,,,,,,,
446.65,37.917222963951936,,,,,,0.014686088562011718,,,,,,,,,,,,
446.71,38.05073431241656,,,,,,0.01713849639892578,,,,,,,,,,,,
455.7,38.05073431241656,,,,,,,,,,,,,,0.017186618804931643,,,,
455.87,38.184245660881174,,,,,,,,,,,,,,0.019639026641845702,,,,
457.12,38.184245660881174,,,,,,0.014686088562011718,,,,,,,,,,,,
457.15,38.31775700934579,,,,,,0.01713849639892578,,,,,,,,,,,,
467.76,38.31775700934579,,,,,,0.014686088562011718,,,,,,,,,,,,
467.87,38.45126835781041,,,,,,0.01713849639892578,,,,,,,,,,,,
469.25,38.58477970627503,,,,,,,,,,,,,,0.017186618804931643,,,,
469.4,38.58477970627503,,,,,,,,,,,,,,0.019639026641845702,,,,
482.53,38.58477970627503,,,,,,0.014686088562011718,,,,,,,,,,,,
482.66,38.71829105473965,,,,,,0.01713849639892578,,,,,,,,,,,,
486.29,38.71829105473965,,,,,,,,,,,,,,0.017186618804931643,,,,
486.39,38.851802403204275,,,,,,,,,,,,,,0.019639026641845702,,,,
493.48,38.851802403204275,,,,,,0.014686088562011718,,,,,,,,,,,,
493.49,38.98531375166889,,,,,,0.01713849639892578,,,,,,,,,,,,
499.32,38.98531375166889,,,,,,,,,,,,,,0.017186618804931643,,,,
499.41,39.118825100133506,,,,,,,,,,,,,,0.01963968276977539,,,,
504.47,39.118825100133506,,,,,,0.014686088562011718,,,,,,,,,,,,
504.5,39.25233644859813,,,,,,0.017139152526855467,,,,,,,,,,,,
504.52,39.25233644859813,,,,,,,,,0.5201855888366699,,,,,,,,,
504.53,39.25233644859813,,,,,,,,,0.5534243278503418,,,,,,,,,
504.54,39.25233644859813,,,,,,,,,0.5866630668640137,,,,,,,,,
504.55,39.25233644859813,,,,,,,,,0.6531405792236328,,,,,,,,,
504.56,39.25233644859813,,,,,,,,,0.6697599601745606,,,,,,,,,
504.57,39.25233644859813,,,,,,,,,0.7362374725341797,,,,,,,,,
504.58,39.25233644859813,,,,,,,,,0.802714973449707,,,,,,,,,
515.31,39.38584779706275,,,,,,0.014686088562011718,,,,,,,,,,,,
515.33,39.51935914552737,,,,,,0.017139152526855467,,,,,,,,,,,,
517.96,39.51935914552737,,,,,,,,,,,,,,0.017186618804931643,,,,
517.97,39.65287049399199,,,,,,,,,,,,,,0.01963968276977539,,,,
525.98,39.65287049399199,,,,,,0.014686088562011718,,,,,,,,,,,,
526.0,39.786381842456606,,,,,,0.017139152526855467,,,,,,,,,,,,
533.05,39.786381842456606,,,,,,,,,,,,,,0.017186618804931643,,,,
533.06,39.91989319092123,,,,,,,,,,,,,,0.01963968276977539,,,,
536.0,39.91989319092123,,,,,,0.014686088562011718,,,,,,,,,,,,
536.01,40.053404539385845,,,,,,0.017139152526855467,,,,,,,,,,,,
546.15,40.053404539385845,,,,,,0.014686088562011718,,,,,,,,,,,,
546.19,40.18691588785047,,,,,,0.017139152526855467,,,,,,,,,,,,
546.47,40.18691588785047,,,,,,,,,,,,,,0.017186618804931643,,,,
546.5,40.32042723631509,,,,,,,,,,,,,,0.01963968276977539,,,,
556.66,40.32042723631509,,,,,,0.014686088562011718,,,,,,,,,,,,
556.68,40.453938584779706,,,,,,0.017139152526855467,,,,,,,,,,,,
560.12,40.453938584779706,,,,,,,,,,,,,,0.017186618804931643,,,,
560.45,40.58744993324432,,,,,,,,,,,,,,0.019639690399169924,,,,
568.71,40.58744993324432,,,,,,0.014686088562011718,,,,,,,,,,,,
568.73,40.720961281708945,,,,,,0.014697044372558593,,,,,,,,,,,,
568.74,40.720961281708945,,,,,,0.01713916015625,,,,,,,,,,,,
579.52,40.720961281708945,,,,,,0.014686088562011718,,,,,,,,,,,,
579.53,40.85447263017357,,,,,,0.01713916015625,,,,,,,,,,,,
590.9,40.85447263017357,,,,,,0.014686088562011718,,,,,,,,,,,,
590.92,40.987983978638184,,,,,,0.01713916015625,,,,,,,,,,,,
595.0,40.987983978638184,,,,,,,,,,,,,,0.017186618804931643,,,,
595.01,41.1214953271028,,,,,,,,,,,,,,0.019639690399169924,,,,
602.65,41.1214953271028,,,,,,0.014686088562011718,,,,,,,,,,,,
602.68,41.25500667556742,,,,,,0.01713916015625,,,,,,,,,,,,
608.91,41.25500667556742,,,,,,,,,,,,,,0.017186618804931643,,,,
608.93,41.38851802403204,,,,,,,,,,,,,,0.019639690399169924,,,,
614.05,41.38851802403204,,,,,,0.014686088562011718,,,,,,,,,,,,
614.07,41.52202937249666,,,,,,0.01713916015625,,,,,,,,,,,,
625.21,41.52202937249666,,,,,,0.014686088562011718,,,,,,,,,,,,
625.24,41.655540720961284,,,,,,0.01713916015625,,,,,,,,,,,,
626.5,41.655540720961284,,,,,,,,,,,,,,0.017186618804931643,,,,
626.51,41.7890520694259,,,,,,,,,,,,,,0.019639690399169924,,,,
637.29,41.7890520694259,,,,,,0.014686088562011718,,,,,,,,,,,,
637.3,41.922563417890515,,,,,,0.01713916015625,,,,,,,,,,,,
641.44,41.922563417890515,,,,,,,,,,,,,,0.017186618804931643,,,,
641.45,42.05607476635514,,,,,,,,,,,,,,0.019639690399169924,,,,
648.96,42.05607476635514,,,,,,0.014686088562011718,,,,,,,,,,,,
648.97,42.18958611481976,,,,,,0.01713916015625,,,,,,,,,,,,
657.22,42.18958611481976,,,,,,,,,,,,,,0.017186618804931643,,,,
657.28,42.32309746328438,,,,,,,,,,,,,,0.019639690399169924,,,,
660.14,42.32309746328438,,,,,,0.014686088562011718,,,,,,,,,,,,
660.16,42.456608811749,,,,,,0.01713916015625,,,,,,,,,,,,
671.2,42.456608811749,,,,,,0.014686088562011718,,,,,,,,,,,,
671.34,42.590120160213615,,,,,,0.01713916015625,,,,,,,,,,,,
684.37,42.590120160213615,,,,,,0.014686088562011718,,,,,,,,,,,,
684.39,42.72363150867824,,,,,,0.01713916015625,,,,,,,,,,,,
695.69,42.72363150867824,,,,,,,,,,,,,,0.017186618804931643,,,,
695.7,42.857142857142854,,,,,,,,,,,,,,0.019639690399169924,,,,
695.99,42.857142857142854,,,,,,0.014686088562011718,,,,,,,,,,,,
696.0,42.99065420560748,,,,,,0.01713916015625,,,,,,,,,,,,
708.42,42.99065420560748,,,,,,0.014686088562011718,,,,,,,,,,,,
708.44,43.1241655540721,,,,,,0.01713916015625,,,,,,,,,,,,
708.82,43.1241655540721,,,,,,,,,,,,,,0.017186618804931643,,,,
708.85,43.257676902536716,,,,,,,,,,,,,,0.019639690399169924,,,,
724.74,43.257676902536716,,,,,,,,,,,,,,0.017186618804931643,,,,
724.75,43.39118825100133,,,,,,,,,,,,,,0.019639690399169924,,,,
730.21,43.39118825100133,,,,,,0.014686088562011718,,,,,,,,,,,,
730.22,43.524699599465954,,,,,,0.01713916015625,,,,,,,,,,,,
740.98,43.524699599465954,,,,,,0.017128204345703123,,,,,,,,,,,,
740.99,43.524699599465954,,,,,,0.014686088562011718,,,,,,,,,,,,
741.01,43.65821094793057,,,,,,0.01713916015625,,,,,,,,,,,,
743.05,43.65821094793057,,,,,,,,,,,,,,0.017186618804931643,,,,
743.07,43.79172229639519,,,,,,,,,,,,,,0.019639690399169924,,,,
751.87,43.79172229639519,,,,,,0.014686088562011718,,,,,,,,,,,,
751.89,43.925233644859816,,,,,,0.01713916015625,,,,,,,,,,,,
758.19,43.925233644859816,,,,,,,,,,,,,,0.017186618804931643,,,,
758.24,44.05874499332443,,,,,,,,,,,,,,0.01719828414916992,,,,
758.25,44.05874499332443,,,,,,,,,,,,,,0.019627674102783203,,,,
762.29,44.05874499332443,,,,,,0.014686088562011718,,,,,,,,,,,,
762.33,44.19225634178905,,,,,,0.01712714385986328,,,,,,,,,,,,
762.35,44.19225634178905,,,,,,,,,0.8359537239074707,,,,,,,,,
762.36,44.19225634178905,,,,,,,,,0.8691924743652343,,,,,,,,,
762.37,44.19225634178905,,,,,,,,,0.9024312133789063,,,,,,,,,
762.39,44.19225634178905,,,,,,,,,0.9689087371826172,,,,,,,,,
762.4,44.19225634178905,,,,,,,,,1.0021474876403809,,,,,,,,,
762.41,44.19225634178905,,,,,,,,,1.0686249885559083,,,,,,,,,
762.42,44.19225634178905,,,,,,,,,1.1184831199645997,,,,,,,,,
762.43,44.19225634178905,,,,,,,,,1.1351024894714357,,,,,,,,,
762.44,44.19225634178905,,,,,,,,,1.184960620880127,,,,,,,,,
762.45,44.19225634178905,,,,,,,,,1.23481876373291,,,,,,,,,
762.46,44.19225634178905,,,,,,,,,1.2846768836975098,,,,,,,,,
762.47,44.19225634178905,,,,,,,,,1.3345350151062012,,,,,,,,,
762.48,44.19225634178905,,,,,,,,,1.4010125274658203,,,,,,,,,
774.18,44.32576769025367,,,,,,0.014686088562011718,,,,,,,,,,,,
774.32,44.45927903871829,,,,,,0.01712714385986328,,,,,,,,,,,,
775.69,44.45927903871829,,,,,,,,,,,,,,0.017186618804931643,,,,
775.74,44.59279038718291,,,,,,,,,,,,,,0.019627674102783203,,,,
790.65,44.59279038718291,,,,,,,,,,,,,,0.017186618804931643,,,,
790.66,44.726301735647525,,,,,,,,,,,,,,0.019628059387207034,,,,
790.89,44.726301735647525,,,,,,0.014686088562011718,,,,,,,,,,,,
790.91,44.85981308411215,,,,,,0.01712752914428711,,,,,,,,,,,,
790.93,44.85981308411215,,,,,,,,,1.4674900283813477,,,,,,,,,
809.33,44.99332443257677,,,,,,,,,,,,,,0.017186618804931643,,,,
809.45,45.126835781041386,,,,,,,,,,,,,,0.019628059387207034,,,,
813.6,45.126835781041386,,,,,,0.014686088562011718,,,,,,,,,,,,
813.62,45.26034712950601,,,,,,0.01712752914428711,,,,,,,,,,,,
825.48,45.26034712950601,,,,,,,,,,,,,,0.017186618804931643,,,,
825.49,45.393858477970625,,,,,,,,,,,,,,0.019628059387207034,,,,
827.07,45.393858477970625,,,,,,0.014686088562011718,,,,,,,,,,,,
827.09,45.52736982643524,,,,,,0.01713297653198242,,,,,,,,,,,,
838.32,45.52736982643524,,,,,,0.014686088562011718,,,,,,,,,,,,
838.33,45.66088117489986,,,,,,0.01713297653198242,,,,,,,,,,,,
842.04,45.66088117489986,,,,,,,,,,,,,,0.017186618804931643,,,,
842.05,45.794392523364486,,,,,,,,,,,,,,0.019633506774902346,,,,
842.07,45.794392523364486,,,,,,,,,1.4841094093322753,,,,,,,,,
842.08,45.794392523364486,,,,,,,,,1.550586898803711,,,,,,,,,
855.31,45.92790387182911,,,,,,,,,,,,,,0.017186618804931643,,,,
855.32,46.061415220293725,,,,,,,,,,,,,,0.019633506774902346,,,,
867.83,46.061415220293725,,,,,,,,,,,,,,0.017186618804931643,,,,
867.84,46.19492656875834,,,,,,,,,,,,,,0.019633506774902346,,,,
885.35,46.19492656875834,,,,,,0.014686088562011718,,,,,,,,,,,,
885.37,46.32843791722296,,,,,,0.01713297653198242,,,,,,,,,,,,
895.95,46.32843791722296,,,,,,0.014686088562011718,,,,,,,,,,,,
895.96,46.46194926568758,,,,,,0.01712714385986328,,,,,,,,,,,,
900.42,46.46194926568758,,,,,,,,,,,,,,0.017186618804931643,,,,
900.49,46.5954606141522,,,,,,,,,,,,,,0.019627674102783203,,,,
900.5,46.5954606141522,,,,,,,,,1.6170643997192382,,,,,,,,,
900.51,46.5954606141522,,,,,,,,,1.650303150177002,,,,,,,,,
906.62,46.728971962616825,,,,,,0.014686088562011718,,,,,,,,,,,,
906.64,46.86248331108144,,,,,,0.01712714385986328,,,,,,,,,,,,
915.87,46.86248331108144,,,,,,,,,,,,,,0.017186618804931643,,,,
915.92,46.99599465954606,,,,,,,,,,,,,,0.019627674102783203,,,,
916.86,46.99599465954606,,,,,,0.014686088562011718,,,,,,,,,,,,
916.91,47.12950600801068,,,,,,0.017136142730712893,,,,,,,,,,,,
936.34,47.12950600801068,,,,,,0.014686088562011718,,,,,,,,,,,,
936.44,47.2630173564753,,,,,,0.017136142730712893,,,,,,,,,,,,
943.26,47.2630173564753,,,,,,,,,,,,,,0.017186618804931643,,,,
943.28,47.39652870493992,,,,,,,,,,,,,,0.019636672973632814,,,,
943.3,47.39652870493992,,,,,,,,,1.7167806510925292,,,,,,,,,
946.59,47.53004005340454,,,,,,0.014686088562011718,,,,,,,,,,,,
946.6,47.66355140186916,,,,,,0.017136142730712893,,,,,,,,,,,,
959.34,47.66355140186916,,,,,,0.014686088562011718,,,,,,,,,,,,
959.36,47.79706275033378,,,,,,0.017136142730712893,,,,,,,,,,,,
964.96,47.79706275033378,,,,,,,,,,,,,,0.017186618804931643,,,,
964.97,47.930574098798395,,,,,,,,,,,,,,0.019636672973632814,,,,
971.1,47.930574098798395,,,,,,0.014686088562011718,,,,,,,,,,,,
971.18,48.06408544726302,,,,,,0.017136142730712893,,,,,,,,,,,,
983.48,48.06408544726302,,,,,,,,,,,,,,0.017186618804931643,,,,
983.5,48.197596795727634,,,,,,,,,,,,,,0.019636672973632814,,,,
987.06,48.197596795727634,,,,,,0.014686088562011718,,,,,,,,,,,,
987.08,48.33110814419225,,,,,,0.017136142730712893,,,,,,,,,,,,
993.55,48.33110814419225,,,,,,,,,,,,,,,,,,0.0
998.57,48.33110814419225,,,,,0.0,,,,,,,,,,,,,
1001.04,48.33110814419225,,,,,,,,,,,,,,0.017186618804931643,,,,
1001.2,48.46461949265687,,,,,,,,,,,,,,0.019636672973632814,,,,
1003.54,48.46461949265687,,,,,,0.014686088562011718,,,,,,,,,,,,
1003.59,48.598130841121495,,,,,,0.017136150360107422,,,,,,,,,,,,
1024.36,48.598130841121495,,,,,,0.014686088562011718,,,,,,,,,,,,
1024.37,48.73164218958611,,,,,,0.017136150360107422,,,,,,,,,,,,
1028.51,48.73164218958611,,,,,,,,,,,,,,0.017186618804931643,,,,
1028.52,48.865153538050734,,,,,,,,,,,,,,0.019636680603027343,,,,
1038.69,48.865153538050734,,,,,,0.014686088562011718,,,,,,,,,,,,
1038.72,48.99866488651535,,,,,,0.017136150360107422,,,,,,,,,,,,
1041.34,48.99866488651535,,,,,,,,,,,,,,0.017186618804931643,,,,
1041.35,49.13217623497997,,,,,,,,,,,,,,0.019636680603027343,,,,
1051.23,49.13217623497997,,,,,,0.014686088562011718,,,,,,,,,,,,
1051.25,49.26568758344459,,,,,,0.017136150360107422,,,,,,,,,,,,
1062.21,49.26568758344459,,,,,,,,,,,,,,0.017186618804931643,,,,
1062.22,49.39919893190921,,,,,,,,,,,,,,0.019636680603027343,,,,
1065.27,49.39919893190921,,,,,,0.014686088562011718,,,,,,,,,,,,
1065.47,49.532710280373834,,,,,,0.017136150360107422,,,,,,,,,,,,
1075.68,49.532710280373834,,,,,,,,,,,,,,0.017186618804931643,,,,
1075.69,49.66622162883845,,,,,,,,,,,,,,0.019636680603027343,,,,
1077.92,49.66622162883845,,,,,,0.014686088562011718,,,,,,,,,,,,
1077.93,49.799732977303066,,,,,,0.017136150360107422,,,,,,,,,,,,
1088.24,49.799732977303066,,,,,,,,,,,,,,0.017186618804931643,,,,
1088.25,49.93324432576769,,,,,,,,,,,,,,0.019636680603027343,,,,
1089.24,49.93324432576769,,,,,,0.014686088562011718,,,,,,,,,,,,
1089.25,50.06675567423231,,,,,,0.017136150360107422,,,,,,,,,,,,
1101.21,50.06675567423231,,,,,,,,,,,,,,0.017186618804931643,,,,
1101.22,50.200267022696934,,,,,,,,,,,,,,0.019636680603027343,,,,
1101.29,50.200267022696934,,,,,,0.014686088562011718,,,,,,,,,,,,
1101.3,50.33377837116155,,,,,,0.017136150360107422,,,,,,,,,,,,
1117.6,50.33377837116155,,,,,,,,,,,,,,0.017186618804931643,,,,
1117.64,50.467289719626166,,,,,,,,,,,,,,0.019636680603027343,,,,
1128.97,50.467289719626166,,,,,,0.014686088562011718,,,,,,,,,,,,
1128.98,50.60080106809078,,,,,,0.017136150360107422,,,,,,,,,,,,
1131.67,50.60080106809078,,,,,,,,,,,,,,0.017186618804931643,,,,
1131.69,50.734312416555404,,,,,,,,,,,,,,0.019636680603027343,,,,
1140.7,50.734312416555404,,,,,,0.014686088562011718,,,,,,,,,,,,
1140.71,50.86782376502003,,,,,,0.017136150360107422,,,,,,,,,,,,
1147.23,50.86782376502003,,,,,,,,,,,,,,0.017186618804931643,,,,
1147.28,51.00133511348465,,,,,,,,,,,,,,0.019636680603027343,,,,
1153.55,51.00133511348465,,,,,,0.014686088562011718,,,,,,,,,,,,
1153.58,51.134846461949266,,,,,,0.017130760192871092,,,,,,,,,,,,
1161.76,51.134846461949266,,,,,,,,,,,,,,0.017186618804931643,,,,
1161.78,51.268357810413875,,,,,,,,,,,,,,0.019631290435791014,,,,
1161.8,51.268357810413875,,,,,,,0.05478729248046875,,,,,,,,,,,
1161.81,51.268357810413875,,,,,,,0.07140666198730468,,,,,,,,,,,
1161.82,51.268357810413875,,,,,,,0.10464542388916016,,,,,,,,,,,
1161.83,51.268357810413875,,,,,,,0.20436166381835938,,,,,,,,,,,
1161.84,51.268357810413875,,,,,,,0.22098103332519528,,,,,,,,,,,
1161.85,51.268357810413875,,,,,,,0.25421979522705074,,,,,,,,,,,
1161.86,51.268357810413875,,,,,,,0.3373166656494141,,,,,,,,,,,
1161.87,51.268357810413875,,,,,,,0.35393603515625,,,,,,,,,,,
1161.89,51.268357810413875,,,,,,,0.37055541610717774,,,,,,,,,,,
1161.9,51.268357810413875,,,,,,,0.4868910598754883,,,,,,,,,,,
1164.5,51.4018691588785,,,,,,0.014686088562011718,,,,,,,,,,,,
1164.52,51.53538050734312,,,,,,0.017130760192871092,,,,,,,,,,,,
1174.69,51.53538050734312,,,,,,,,,,,,,,0.017186618804931643,,,,
1174.7,51.66889185580774,,,,,,,,,,,,,,0.019631290435791014,,,,
1178.44,51.66889185580774,,,,,,0.014686088562011718,,,,,,,,,,,,
1178.47,51.802403204272366,,,,,,0.017135627746582033,,,,,,,,,,,,
1187.12,51.802403204272366,,,,,,,,,,,,,,0.017186618804931643,,,,
1187.14,51.93591455273698,,,,,,,,,,,,,,0.019636157989501954,,,,
1187.15,51.93591455273698,,,,,,,0.5035104293823243,,,,,,,,,,,
1187.16,51.93591455273698,,,,,,,0.5533685607910156,,,,,,,,,,,
1189.54,52.069425901201605,,,,,,0.014686088562011718,,,,,,,,,,,,
1189.56,52.20293724966621,,,,,,0.017135627746582033,,,,,,,,,,,,
1199.86,52.20293724966621,,,,,,0.014686088562011718,,,,,,,,,,,,
1199.87,52.336448598130836,,,,,,0.017135627746582033,,,,,,,,,,,,
1199.95,52.336448598130836,,,,,,,,,,,,,,0.017186618804931643,,,,
1199.96,52.46995994659546,,,,,,,,,,,,,,0.019636157989501954,,,,
1210.11,52.46995994659546,,,,,,0.014686088562011718,,,,,,,,,,,,
1210.12,52.603471295060075,,,,,,0.017135627746582033,,,,,,,,,,,,
1213.29,52.603471295060075,,,,,,,,,,,,,,0.017186618804931643,,,,
1213.42,52.7369826435247,,,,,,,,,,,,,,0.019636157989501954,,,,
1222.26,52.7369826435247,,,,,,0.014686088562011718,,,,,,,,,,,,
1222.28,52.87049399198932,,,,,,0.017135627746582033,,,,,,,,,,,,
1225.93,52.87049399198932,,,,,,,,,,,,,,0.017186618804931643,,,,
1225.99,53.00400534045394,,,,,,,,,,,,,,0.019636157989501954,,,,
1234.23,53.00400534045394,,,,,,0.014686088562011718,,,,,,,,,,,,
1234.27,53.13751668891855,,,,,,0.017135627746582033,,,,,,,,,,,,
1238.93,53.13751668891855,,,,,,,,,,,,,,0.017186618804931643,,,,
1238.96,53.271028037383175,,,,,,,,,,,,,,0.019636165618896483,,,,
1249.98,53.271028037383175,,,,,,0.014686088562011718,,,,,,,,,,,,
1250.0,53.40453938584779,,,,,,0.017135635375976562,,,,,,,,,,,,
1251.74,53.40453938584779,,,,,,,,,,,,,,0.017186618804931643,,,,
1251.85,53.538050734312414,,,,,,,,,,,,,,0.019636165618896483,,,,
1261.5,53.538050734312414,,,,,,0.014686088562011718,,,,,,,,,,,,
1261.51,53.67156208277704,,,,,,0.017135635375976562,,,,,,,,,,,,
1264.53,53.67156208277704,,,,,,,,,,,,,,0.017186618804931643,,,,
1264.55,53.80507343124166,,,,,,,,,,,,,,0.019636165618896483,,,,
1272.89,53.80507343124166,,,,,,0.014686088562011718,,,,,,,,,,,,
1272.92,53.938584779706275,,,,,,0.017135635375976562,,,,,,,,,,,,
1278.77,53.938584779706275,0.0,,,,,,,,,,,,,,,,,
1278.81,53.938584779706275,,,,,,,,,,,,,0.0,,,,,
1278.87,53.938584779706275,,,,,,,,,,,,,,,0.0,,,
1278.96,53.938584779706275,,,,,,,,,,0.0,,,,,,,,
1279.0,53.938584779706275,,,0.0,,,,,,,,,,,,,,,
1279.02,53.938584779706275,,,,0.0,,,,,,,,,,,,,,
1279.07,53.938584779706275,,,,,,,,,,,0.0,,,,,,,
1279.09,53.938584779706275,,0.0,,,,,,,,,,,,,,,,
1279.19,53.938584779706275,,,,,,,,,,,,,0.0,,,,,
1279.22,53.938584779706275,,,,,,,,,,,,,,,0.0,,,
1279.24,53.938584779706275,,,,,,,,,,,0.0,,,,,,,
1279.26,53.938584779706275,,,0.0,,,,,,,,,,,,,,,
1279.28,53.938584779706275,0.0,,,,,,,,,,,,,,,,,
1279.31,53.938584779706275,,,,,,,,,,0.0,,,,,,,,
1279.33,53.938584779706275,,,,0.0,,,,,,,,,,,,,,
1279.36,53.938584779706275,,0.0,,,,,,,,,,,,,,,,
1281.51,53.938584779706275,,,,,,,,,,,,,,0.017186618804931643,,,,
1281.59,54.07209612817089,,,,,,,,,,,,,,0.019636165618896483,,,,
1284.65,54.07209612817089,,,,,,0.014686088562011718,,,,,,,,,,,,
1284.66,54.20560747663551,,,,,,0.017135635375976562,,,,,,,,,,,,
1297.64,54.20560747663551,,,,,,0.014686088562011718,,,,,,,,,,,,
1297.65,54.33911882510013,,,,,,0.017135635375976562,,,,,,,,,,,,
1306.21,54.33911882510013,,,,,,,,,,,,,,0.017186618804931643,,,,
1306.22,54.47263017356475,,,,,,,,,,,,,,0.019636165618896483,,,,
1308.59,54.47263017356475,,,,,,0.014686088562011718,,,,,,,,,,,,
1308.61,54.606141522029375,,,,,,0.017128414154052734,,,,,,,,,,,,
1319.45,54.606141522029375,,,,,,0.014686088562011718,,,,,,,,,,,,
1319.47,54.73965287049399,,,,,,0.017128414154052734,,,,,,,,,,,,
1323.65,54.73965287049399,,,,,,,,,,,,,,0.017186618804931643,,,,
1323.67,54.873164218958614,,,,,,,,,,,,,,0.019628944396972655,,,,
1323.7,54.873164218958614,,,,,,,0.6198460617065429,,,,,,,,,,,
1323.72,54.873164218958614,,,,,,,0.6697042045593262,,,,,,,,,,,
1323.73,54.873164218958614,,,,,,,0.7694204559326172,,,,,,,,,,,
1323.75,54.873164218958614,,,,,,,0.885756076812744,,,,,,,,,,,
1330.25,55.00667556742322,,,,,,0.014686088562011718,,,,,,,,,,,,
1330.26,55.140186915887845,,,,,,0.017128414154052734,,,,,,,,,,,,
1337.21,55.140186915887845,,,,,,,,,,,,,,0.017186618804931643,,,,
1337.23,55.27369826435247,,,,,,,,,,,,,,0.019628944396972655,,,,
1340.71,55.27369826435247,,,,,,0.014686088562011718,,,,,,,,,,,,
1340.72,55.407209612817084,,,,,,0.017128414154052734,,,,,,,,,,,,
1349.54,55.407209612817084,,,,,,,,,,,,,,0.017186618804931643,,,,
1349.57,55.54072096128171,,,,,,,,,,,,,,0.019628944396972655,,,,
1351.25,55.67423230974633,,,,,,0.014686088562011718,,,,,,,,,,,,
1351.3,55.67423230974633,,,,,,0.017128414154052734,,,,,,,,,,,,
1362.07,55.67423230974633,,,,,,,,,,,,,,0.017186618804931643,,,,
1362.09,55.80774365821095,,,,,,,,,,,,,,0.019631641387939453,,,,
1362.65,55.80774365821095,,,,,,0.014686088562011718,,,,,,,,,,,,
1362.66,55.94125500667556,,,,,,0.017145519256591798,,,,,,,,,,,,
1362.69,55.94125500667556,,,,,,,0.9688529586791993,,,,,,,,,,,
1362.7,55.94125500667556,,,,,,,1.0187110900878906,,,,,,,,,,,
1373.79,56.074766355140184,,,,,,0.014686088562011718,,,,,,,,,,,,
1373.97,56.2082777036048,,,,,,0.017145519256591798,,,,,,,,,,,,
1376.41,56.2082777036048,,,,,,,,,,,,,,0.017186618804931643,,,,
1376.94,56.34178905206942,,,,,,,,,,,,,,0.01964604949951172,,,,
1376.95,56.34178905206942,,,,,,,,,,,,0.03626074981689453,,,,,,
1384.79,56.475300400534046,,,,,,0.014686088562011718,,,,,,,,,,,,
1384.83,56.60881174899867,,,,,,0.017145519256591798,,,,,,,,,,,,
1391.79,56.60881174899867,,,,,,,,,,,,,,0.017186618804931643,,,,
1391.8,56.742323097463284,,,,,,,,,,,,,,0.01964604949951172,,,,
1396.2,56.742323097463284,,,,,,0.014686088562011718,,,,,,,,,,,,
1396.31,56.8758344459279,,,,,,0.017145519256591798,,,,,,,,,,,,
1407.49,56.8758344459279,,,,,,0.014686088562011718,,,,,,,,,,,,
1407.5,57.009345794392516,,,,,,0.017145519256591798,,,,,,,,,,,,
1408.0,57.009345794392516,,,,,,,,,,,,,,0.017186618804931643,,,,
1408.26,57.14285714285714,,,,,,,,,,,,,,0.01964604949951172,,,,
1418.31,57.14285714285714,,,,,,0.014686088562011718,,,,,,,,,,,,
1418.32,57.27636849132176,,,,,,0.017145519256591798,,,,,,,,,,,,
1423.72,57.27636849132176,,,,,,,,,,,,,,0.017186618804931643,,,,
1423.73,57.409879839786385,,,,,,,,,,,,,,0.01964604949951172,,,,
1429.93,57.409879839786385,,,,,,0.014686088562011718,,,,,,,,,,,,
1430.15,57.543391188251,,,,,,0.01714552688598633,,,,,,,,,,,,
1436.94,57.543391188251,,,,,,,,,,,,,,0.017186618804931643,,,,
1436.96,57.67690253671562,,,,,,,,,,,,,,0.01964605712890625,,,,
1440.6,57.67690253671562,,,,,,0.014686088562011718,,,,,,,,,,,,
1440.67,57.81041388518023,,,,,,0.01714552688598633,,,,,,,,,,,,
1450.59,57.81041388518023,,,,,,,,,,,,,,0.017186618804931643,,,,
1450.6,57.943925233644855,,,,,,,,,,,,,,0.01964605712890625,,,,
1451.47,57.943925233644855,,,,,,0.014686088562011718,,,,,,,,,,,,
1451.48,58.07743658210948,,,,,,0.01714552688598633,,,,,,,,,,,,
1464.14,58.07743658210948,,,,,,0.014686088562011718,,,,,,,,,,,,
1464.17,58.2109479305741,,,,,,0.01714552688598633,,,,,,,,,,,,
1464.67,58.2109479305741,,,,,,,,,,,,,,0.017186618804931643,,,,
1464.68,58.344459279038716,,,,,,,,,,,,,,0.01964605712890625,,,,
1477.53,58.344459279038716,,,,,,0.014686088562011718,,,,,,,,,,,,
1477.55,58.47797062750334,,,,,,0.01714552688598633,,,,,,,,,,,,
1478.61,58.47797062750334,,,,,,,,,,,,,,0.017186618804931643,,,,
1478.8,58.61148197596796,,,,,,,,,,,,,,0.01964605712890625,,,,
1489.6,58.61148197596796,,,,,,0.014686088562011718,,,,,,,,,,,,
1489.68,58.74499332443257,,,,,,0.01714552688598633,,,,,,,,,,,,
1493.75,58.74499332443257,,,,,,,,,,,,,,0.017186618804931643,,,,
1493.97,58.87850467289719,,,,,,,,,,,,,,0.01964605712890625,,,,
1503.41,58.87850467289719,,,,,,0.014686088562011718,,,,,,,,,,,,
1503.42,59.012016021361816,,,,,,0.01714552688598633,,,,,,,,,,,,
1508.7,59.012016021361816,,,,,,,,,,,,,,0.017186618804931643,,,,
1508.71,59.14552736982643,,,,,,,,,,,,,,0.01964605712890625,,,,
1514.76,59.14552736982643,,,,,,0.014686088562011718,,,,,,,,,,,,
1514.77,59.279038718291055,,,,,,0.01714552688598633,,,,,,,,,,,,
1523.21,59.279038718291055,,,,,,,,,,,,,,0.017186618804931643,,,,
1523.22,59.41255006675568,,,,,,,,,,,,,,0.01964605712890625,,,,
1529.68,59.41255006675568,,,,,,0.014686088562011718,,,,,,,,,,,,
1529.72,59.546061415220294,,,,,,0.01714552688598633,,,,,,,,,,,,
1538.83,59.546061415220294,,,,,,,,,,,,,,0.017186618804931643,,,,
1538.84,59.67957276368491,,,,,,,,,,,,,,0.01964605712890625,,,,
1540.12,59.67957276368491,,,,,,0.014686088562011718,,,,,,,,,,,,
1540.22,59.813084112149525,,,,,,0.01714552688598633,,,,,,,,,,,,
1552.0,59.813084112149525,,,,,,0.014686088562011718,,,,,,,,,,,,
1552.03,59.94659546061415,,,,,,0.01714552688598633,,,,,,,,,,,,
1552.39,59.94659546061415,,,,,,,,,,,,,,0.017186618804931643,,,,
1552.4,60.08010680907877,,,,,,,,,,,,,,0.01964605712890625,,,,
1563.99,60.08010680907877,,,,,,0.014686088562011718,,,,,,,,,,,,
1564.0,60.213618157543394,,,,,,0.01714552688598633,,,,,,,,,,,,
1565.6,60.213618157543394,,,,,,,,,,,,,,0.017186618804931643,,,,
1565.61,60.34712950600801,,,,,,,,,,,,,,0.01964605712890625,,,,
1578.67,60.34712950600801,,,,,,,,,,,,,,0.017186618804931643,,,,
1578.68,60.48064085447263,,,,,,,,,,,,,,0.01964605712890625,,,,
1585.33,60.48064085447263,,,,,,0.014686088562011718,,,,,,,,,,,,
1585.34,60.61415220293724,,,,,,0.01714552688598633,,,,,,,,,,,,
1593.91,60.61415220293724,,,,,,,,,,,,,,0.017186618804931643,,,,
1593.93,60.747663551401864,,,,,,,,,,,,,,0.01964605712890625,,,,
1596.25,60.88117489986649,,,,,,0.01714552688598633,,,,,,,,,,,,
1608.08,60.88117489986649,,,,,,0.014686088562011718,,,,,,,,,,,,
1608.33,61.01468624833111,,,,,,0.01714552688598633,,,,,,,,,,,,
1610.71,61.01468624833111,,,,,,,,,,,,,,0.017186618804931643,,,,
1610.73,61.148197596795725,,,,,,,,,,,,,,0.01964605712890625,,,,
1625.42,61.148197596795725,,,,,,0.014686088562011718,,,,,,,,,,,,
1625.44,61.28170894526035,,,,,,0.01714552688598633,,,,,,,,,,,,
1636.08,61.28170894526035,,,,,,,,,,,,,,0.017186618804931643,,,,
1636.09,61.41522029372497,,,,,,,,,,,,,,0.019647735595703125,,,,
1644.25,61.41522029372497,,,,,,0.014686088562011718,,,,,,,,,,,,
1644.31,61.54873164218958,,,,,,0.017147205352783204,,,,,,,,,,,,
1644.33,61.54873164218958,,,,,,,1.0353304710388183,,,,,,,,,,,
1644.34,61.54873164218958,,,,,,,1.085188591003418,,,,,,,,,,,
1644.35,61.54873164218958,,,,,,,1.1350467224121095,,,,,,,,,,,
1644.36,61.54873164218958,,,,,,,1.151666103363037,,,,,,,,,,,
1644.37,61.54873164218958,,,,,,,1.2015242347717285,,,,,,,,,,,
1644.39,61.54873164218958,,,,,,,1.3012404861450195,,,,,,,,,,,
1644.4,61.54873164218958,,,,,,,1.3344792251586914,,,,,,,,,,,
1644.41,61.54873164218958,,,,,,,1.351098606109619,,,,,,,,,,,
1644.42,61.54873164218958,,,,,,,1.367717975616455,,,,,,,,,,,
1644.43,61.54873164218958,,,,,,,1.4840536308288574,,,,,,,,,,,
1644.44,61.54873164218958,,,,,,,1.5006730003356934,,,,,,,,,,,
1644.45,61.54873164218958,,,,,,,1.5172923812866213,,,,,,,,,,,
1644.46,61.54873164218958,,,,,,,1.6170086212158203,,,,,,,,,,,
1644.47,61.54873164218958,,,,,,,1.6668667526245118,,,,,,,,,,,
1651.25,61.6822429906542,,,,,,,,,,,,,,0.017186618804931643,,,,
1651.28,61.815754339118826,,,,,,,,,,,,,,0.019647735595703125,,,,
1658.15,61.815754339118826,,,,,,0.014686088562011718,,,,,,,,,,,,
1658.17,61.94926568758344,,,,,,0.017147205352783204,,,,,,,,,,,,
1664.95,61.94926568758344,,,,,,,,,,,,,,0.017186618804931643,,,,
1664.96,62.082777036048064,,,,,,,,,,,,,,0.019647735595703125,,,,
1670.48,62.082777036048064,,,,,,0.014686088562011718,,,,,,,,,,,,
1670.5,62.21628838451269,,,,,,0.017147205352783204,,,,,,,,,,,,
1678.68,62.21628838451269,,,,,,,,,,,,,,0.017186618804931643,,,,
1678.69,62.34979973297731,,,,,,,,,,,,,,0.019647735595703125,,,,
1693.54,62.34979973297731,,,,,,0.014686088562011718,,,,,,,,,,,,
1693.56,62.48331108144192,,,,,,0.017147205352783204,,,,,,,,,,,,
1705.53,62.48331108144192,,,,,,,,,,,,,,0.017186618804931643,,,,
1705.54,62.616822429906534,,,,,,,,,,,,,,0.019647735595703125,,,,
1706.51,62.616822429906534,,,,,,0.014686088562011718,,,,,,,,,,,,
1706.54,62.75033377837116,,,,,,0.017147205352783204,,,,,,,,,,,,
1717.75,62.75033377837116,,,,,,0.014686088562011718,,,,,,,,,,,,
1717.77,62.88384512683578,,,,,,0.017147212982177733,,,,,,,,,,,,
1718.43,62.88384512683578,,,,,,,,,,,,,,0.017186618804931643,,,,
1718.48,63.0173564753004,,,,,,,,,,,,,,0.019647743225097658,,,,
1728.69,63.0173564753004,,,,,,0.014686088562011718,,,,,,,,,,,,
1728.7,63.150867823765026,,,,,,0.017147212982177733,,,,,,,,,,,,
1732.67,63.150867823765026,,,,,,,,,,,,,,0.017186618804931643,,,,
1732.68,63.284379172229634,,,,,,,,,,,,,,0.019647743225097658,,,,
1739.05,63.284379172229634,,,,,,0.014686088562011718,,,,,,,,,,,,
1739.07,63.41789052069425,,,,,,0.017147212982177733,,,,,,,,,,,,
1748.5,63.41789052069425,,,,,,,,,,,,,,0.017186618804931643,,,,
1748.51,63.55140186915887,,,,,,,,,,,,,,0.019647743225097658,,,,
1750.2,63.55140186915887,,,,,,0.014686088562011718,,,,,,,,,,,,
1750.21,63.684913217623496,,,,,,0.017147212982177733,,,,,,,,,,,,
1760.83,63.684913217623496,,,,,,0.014686088562011718,,,,,,,,,,,,
1760.84,63.81842456608812,,,,,,0.017147212982177733,,,,,,,,,,,,
1762.11,63.81842456608812,,,,,,,,,,,,,,0.017186618804931643,,,,
1762.14,63.951935914552735,,,,,,,,,,,,,,0.019647743225097658,,,,
1776.94,63.951935914552735,,,,,,0.014686088562011718,,,,,,,,,,,,
1776.95,64.08544726301736,,,,,,0.017147212982177733,,,,,,,,,,,,
1779.28,64.08544726301736,,,,,,,,,,,,,,0.017186618804931643,,,,
1779.3,64.21895861148197,,,,,,,,,,,,,,0.019647743225097658,,,,
1787.83,64.21895861148197,,,,,,0.014686088562011718,,,,,,,,,,,,
1787.84,64.35246995994659,,,,,,0.017147212982177733,,,,,,,,,,,,
1794.9,64.35246995994659,,,,,,,,,,,,,,0.017186618804931643,,,,
1794.92,64.48598130841121,,,,,,,,,,,,,,0.019647743225097658,,,,
1798.67,64.48598130841121,,,,,,0.014686088562011718,,,,,,,,,,,,
1798.68,64.61949265687583,,,,,,0.017147212982177733,,,,,,,,,,,,
1807.75,64.75300400534046,,,,,,,,,,,,,,0.017186618804931643,,,,
1807.85,64.75300400534046,,,,,,,,,,,,,,0.019647743225097658,,,,
1809.83,64.75300400534046,,,,,,0.014686088562011718,,,,,,,,,,,,
1809.84,64.88651535380508,,,,,,0.017147212982177733,,,,,,,,,,,,
1820.46,64.88651535380508,,,,,,,,,,,,,,0.017186618804931643,,,,
1820.51,65.02002670226969,,,,,,,,,,,,,,0.019647743225097658,,,,
1820.94,65.02002670226969,,,,,,0.014686088562011718,,,,,,,,,,,,
1820.95,65.15353805073431,,,,,,0.017147212982177733,,,,,,,,,,,,
1832.09,65.15353805073431,,,,,,0.014686088562011718,,,,,,,,,,,,
1832.2,65.28704939919892,,,,,,0.017147212982177733,,,,,,,,,,,,
1833.4,65.28704939919892,,,,,,,,,,,,,,0.017186618804931643,,,,
1833.42,65.42056074766354,,,,,,,,,,,,,,0.019647743225097658,,,,
1844.91,65.42056074766354,,,,,,0.014686088562011718,,,,,,,,,,,,
1844.92,65.55407209612817,,,,,,0.017147212982177733,,,,,,,,,,,,
1845.97,65.55407209612817,,,,,,,,,,,,,,0.017186618804931643,,,,
1845.98,65.68758344459279,,,,,,,,,,,,,,0.019647743225097658,,,,
1855.43,65.68758344459279,,,,,,0.014686088562011718,,,,,,,,,,,,
1855.44,65.82109479305741,,,,,,0.017147212982177733,,,,,,,,,,,,
1857.9,65.82109479305741,,,,,,,,,,,,,,0.017186618804931643,,,,
1858.05,65.95460614152204,,,,,,,,,,,,,,0.019647743225097658,,,,
1866.5,65.95460614152204,,,,,,0.014686088562011718,,,,,,,,,,,,
1866.51,66.08811748998664,,,,,,0.017147212982177733,,,,,,,,,,,,
1870.43,66.08811748998664,,,,,,,,,,,,,,0.017186618804931643,,,,
1870.44,66.22162883845127,,,,,,,,,,,,,,0.019647743225097658,,,,
1877.49,66.22162883845127,,,,,,0.014686088562011718,,,,,,,,,,,,
1877.5,66.35514018691589,,,,,,0.017147212982177733,,,,,,,,,,,,
1885.96,66.35514018691589,,,,,,,,,,,,,,0.017186618804931643,,,,
1886.11,66.48865153538051,,,,,,,,,,,,,,0.019647743225097658,,,,
1887.84,66.48865153538051,,,,,,0.014686088562011718,,,,,,,,,,,,
1887.85,66.62216288384512,,,,,,0.017147212982177733,,,,,,,,,,,,
1899.14,66.62216288384512,,,,,,0.014686088562011718,,,,,,,,,,,,
1899.16,66.75567423230974,,,,,,0.017147212982177733,,,,,,,,,,,,
1900.04,66.75567423230974,,,,,,,,,,,,,,0.017186618804931643,,,,
1900.05,66.88918558077437,,,,,,,,,,,,,,0.019647743225097658,,,,
1910.47,66.88918558077437,,,,,,0.014686088562011718,,,,,,,,,,,,
1910.51,67.02269692923898,,,,,,0.017147212982177733,,,,,,,,,,,,
1914.5,67.1562082777036,,,,,,,,,,,,,,0.017186618804931643,,,,
1914.51,67.1562082777036,,,,,,,,,,,,,,0.019647743225097658,,,,
1923.18,67.1562082777036,,,,,,0.014686088562011718,,,,,,,,,,,,
1923.19,67.28971962616822,,,,,,0.017147212982177733,,,,,,,,,,,,
1927.01,67.28971962616822,,,,,,,,,,,,,,0.017186618804931643,,,,
1927.07,67.42323097463284,,,,,,,,,,,,,,0.019647743225097658,,,,
1933.72,67.42323097463284,,,,,,0.014686088562011718,,,,,,,,,,,,
1934.02,67.55674232309747,,,,,,0.017147212982177733,,,,,,,,,,,,
1940.27,67.55674232309747,,,,,,,,,,,,,,0.017186618804931643,,,,
1940.28,67.69025367156209,,,,,,,,,,,,,,0.019647743225097658,,,,
1946.02,67.69025367156209,,,,,,0.014686088562011718,,,,,,,,,,,,
1946.03,67.8237650200267,,,,,,0.017147212982177733,,,,,,,,,,,,
1953.26,67.8237650200267,,,,,,,,,,,,,,0.017186618804931643,,,,
1953.34,67.95727636849132,,,,,,,,,,,,,,0.019632511138916016,,,,
1957.85,67.95727636849132,,,,,,0.014686088562011718,,,,,,,,,,,,
1957.86,68.09078771695593,,,,,,0.017131980895996095,,,,,,,,,,,,
1957.89,68.09078771695593,,,,,,,1.6834861335754396,,,,,,,,,,,
1957.9,68.09078771695593,,,,,,,1.7333442535400392,,,,,,,,,,,
1957.91,68.09078771695593,,,,,,,1.7499636230468751,,,,,,,,,,,
1957.92,68.09078771695593,,,,,,,1.7832023620605468,,,,,,,,,,,
1957.93,68.09078771695593,,,,,,,1.8662992553710938,,,,,,,,,,,
1957.94,68.09078771695593,,,,,,,1.8995380058288576,,,,,,,,,,,
1957.95,68.09078771695593,,,,,,,1.9660155067443847,,,,,,,,,,,
1957.96,68.09078771695593,,,,,,,1.9826348762512207,,,,,,,,,,,
1957.97,68.09078771695593,,,,,,,1.9992542457580567,,,,,,,,,,,
1957.98,68.09078771695593,,,,,,,2.0989704971313476,,,,,,,,,,,
1957.99,68.09078771695593,,,,,,,2.132209247589111,,,,,,,,,,,
1958.0,68.09078771695593,,,,,,,2.231925521850586,,,,,,,,,,,
1958.01,68.09078771695593,,,,,,,2.2651642723083496,,,,,,,,,,,
1958.02,68.09078771695593,,,,,,,2.2984030113220215,,,,,,,,,,,
1958.03,68.09078771695593,,,,,,,2.3648805122375487,,,,,,,,,,,
1958.04,68.09078771695593,,,,,,,2.4313580245971678,,,,,,,,,,,
1958.05,68.09078771695593,,,,,,,2.4645967864990235,,,,,,,,,,,
1966.59,68.22429906542055,,,,,,,,,,,,,,0.017186618804931643,,,,
1966.69,68.35781041388518,,,,,,,,,,,,,,0.019632511138916016,,,,
1969.54,68.35781041388518,,,,,,0.014686088562011718,,,,,,,,,,,,
1969.55,68.4913217623498,,,,,,0.017131980895996095,,,,,,,,,,,,
1979.62,68.4913217623498,,,,,,,,,,,,,,0.017186618804931643,,,,
1979.64,68.62483311081442,,,,,,,,,,,,,,0.019632511138916016,,,,
1981.58,68.62483311081442,,,,,,0.014686088562011718,,,,,,,,,,,,
1981.64,68.75834445927904,,,,,,0.017131980895996095,,,,,,,,,,,,
1992.82,68.75834445927904,,,,,,,,,,,,,,0.017186618804931643,,,,
1992.84,68.89185580774365,,,,,,,,,,,,,,0.019632511138916016,,,,
2003.16,68.89185580774365,,,,,,0.014686088562011718,,,,,,,,,,,,
2003.18,69.02536715620828,,,,,,0.01713431167602539,,,,,,,,,,,,
2006.79,69.02536715620828,,,,,,,,,,,,,,0.017186618804931643,,,,
2006.82,69.1588785046729,,,,,,,,,,,,,,0.019634841918945312,,,,
2006.85,69.1588785046729,,,,,,,2.547693645477295,,,,,,,,,,,
2006.86,69.1588785046729,,,,,,,2.58093240737915,,,,,,,,,,,
2014.21,69.29238985313752,,,,,,0.014686088562011718,,,,,,,,,,,,
2014.22,69.42590120160213,,,,,,0.01713431167602539,,,,,,,,,,,,
2019.92,69.42590120160213,,,,,,,,,,,,,,0.017186618804931643,,,,
2019.93,69.55941255006675,,,,,,,,,,,,,,0.019634841918945312,,,,
2025.24,69.55941255006675,,,,,,0.014686088562011718,,,,,,,,,,,,
2025.25,69.69292389853138,,,,,,0.01713431167602539,,,,,,,,,,,,
2034.96,69.69292389853138,,,,,,,,,,,,,,0.017186618804931643,,,,
2034.98,69.82643524699598,,,,,,,,,,,,,,0.019634841918945312,,,,
2035.82,69.82643524699598,,,,,,0.017123355865478515,,,,,,,,,,,,
2035.83,69.82643524699598,,,,,,0.014686088562011718,,,,,,,,,,,,
2035.85,69.95994659546061,,,,,,0.01713431167602539,,,,,,,,,,,,
2047.69,69.95994659546061,,,,,,0.014686088562011718,,,,,,,,,,,,
2047.7,70.09345794392523,,,,,,0.01713431167602539,,,,,,,,,,,,
2058.51,70.09345794392523,,,,,,0.014686088562011718,,,,,,,,,,,,
2058.53,70.22696929238985,,,,,,0.01713431167602539,,,,,,,,,,,,
2060.45,70.22696929238985,,,,,,,,,,,,,,0.017186618804931643,,,,
2060.46,70.36048064085448,,,,,,,,,,,,,,0.019634841918945312,,,,
2071.0,70.4939919893191,,,,,,0.014686088562011718,,,,,,,,,,,,
2071.6,70.4939919893191,,,,,,0.01713431930541992,,,,,,,,,,,,
2075.4,70.4939919893191,,,,,,,,,,,,,,0.017186618804931643,,,,
2075.41,70.62750333778371,,,,,,,,,,,,,,0.019634849548339845,,,,
2082.7,70.62750333778371,,,,,,0.014686088562011718,,,,,,,,,,,,
2082.71,70.76101468624833,,,,,,0.01713431930541992,,,,,,,,,,,,
2093.33,70.76101468624833,,,,,,,,,,,,,,0.017186618804931643,,,,
2093.34,70.89452603471294,,,,,,,,,,,,,,0.019641334533691407,,,,
2093.57,70.89452603471294,,,,,,0.014686088562011718,,,,,,,,,,,,
2093.58,71.02803738317756,,,,,,0.017140804290771486,,,,,,,,,,,,
2093.61,71.02803738317756,,,,,,,2.6474099197387693,,,,,,,,,,,
2093.62,71.02803738317756,,,,,,,2.6806486587524416,,,,,,,,,,,
2093.64,71.02803738317756,,,,,,,2.7471261711120607,,,,,,,,,,,
2093.65,71.02803738317756,,,,,,,2.7969843025207517,,,,,,,,,,,
2103.72,71.16154873164218,,,,,,0.014686088562011718,,,,,,,,,,,,
2103.76,71.29506008010681,,,,,,0.017140804290771486,,,,,,,,,,,,
2106.86,71.29506008010681,,,,,,,,,,,,,,0.017186618804931643,,,,
2106.9,71.42857142857143,,,,,,,,,,,,,,0.019641334533691407,,,,
2115.84,71.42857142857143,,,,,,0.014686088562011718,,,,,,,,,,,,
2115.85,71.56208277703605,,,,,,0.017140804290771486,,,,,,,,,,,,
2120.06,71.56208277703605,,,,,,,,,,,,,,0.017186618804931643,,,,
2120.1,71.69559412550066,,,,,,,,,,,,,,0.019641334533691407,,,,
2127.82,71.69559412550066,,,,,,0.014686088562011718,,,,,,,,,,,,
2127.83,71.82910547396529,,,,,,0.017140804290771486,,,,,,,,,,,,
2133.35,71.82910547396529,,,,,,,,,,,,,,0.017186618804931643,,,,
2133.36,71.96261682242991,,,,,,,,,,,,,,0.019641334533691407,,,,
2141.25,72.09612817089453,,,,,,0.014686088562011718,,,,,,,,,,,,
2141.28,72.09612817089453,,,,,,0.017140804290771486,,,,,,,,,,,,
2146.29,72.09612817089453,,,,,,,,,,,,,,0.017186618804931643,,,,
2146.3,72.22963951935914,,,,,,,,,,,,,,0.019641334533691407,,,,
2151.46,72.22963951935914,,,,,,0.014686088562011718,,,,,,,,,,,,
2151.48,72.36315086782376,,,,,,0.017140811920166015,,,,,,,,,,,,
2160.03,72.36315086782376,,,,,,,,,,,,,,0.017186618804931643,,,,
2160.05,72.49666221628839,,,,,,,,,,,,,,0.019641342163085936,,,,
2161.96,72.49666221628839,,,,,,0.014686088562011718,,,,,,,,,,,,
2161.98,72.630173564753,,,,,,0.017140811920166015,,,,,,,,,,,,
2172.86,72.630173564753,,,,,,0.014686088562011718,,,,,,,,,,,,
2172.87,72.76368491321762,,,,,,0.017140811920166015,,,,,,,,,,,,
2173.36,72.76368491321762,,,,,,,,,,,,,,0.017186618804931643,,,,
2173.37,72.89719626168224,,,,,,,,,,,,,,0.019641342163085936,,,,
2183.42,72.89719626168224,,,,,,0.014686088562011718,,,,,,,,,,,,
2183.47,73.03070761014686,,,,,,0.017140811920166015,,,,,,,,,,,,
2187.71,73.03070761014686,,,,,,,,,,,,,,0.017186618804931643,,,,
2187.74,73.16421895861149,,,,,,,,,,,,,,0.019641342163085936,,,,
2194.09,73.16421895861149,,,,,,0.014686088562011718,,,,,,,,,,,,
2194.17,73.29773030707611,,,,,,0.017140811920166015,,,,,,,,,,,,
2201.36,73.29773030707611,,,,,,,,,,,,,,0.017186618804931643,,,,
2201.37,73.43124165554073,,,,,,,,,,,,,,0.019641342163085936,,,,
2205.57,73.43124165554073,,,,,,0.014686088562011718,,,,,,,,,,,,
2205.58,73.56475300400534,,,,,,0.017140811920166015,,,,,,,,,,,,
2216.08,73.56475300400534,,,,,,0.014686088562011718,,,,,,,,,,,,
2216.09,73.69826435246995,,,,,,0.017140811920166015,,,,,,,,,,,,
2217.29,73.69826435246995,,,,,,,,,,,,,,0.017186618804931643,,,,
2217.3,73.83177570093457,,,,,,,,,,,,,,0.019641342163085936,,,,
2226.98,73.83177570093457,,,,,,0.014686088562011718,,,,,,,,,,,,
2227.03,73.9652870493992,,,,,,0.017140811920166015,,,,,,,,,,,,
2235.66,73.9652870493992,,,,,,,,,,,,,,0.017186618804931643,,,,
2235.68,74.09879839786382,,,,,,,,,,,,,,0.019641342163085936,,,,
2238.54,74.09879839786382,,,,,,0.014686088562011718,,,,,,,,,,,,
2238.55,74.23230974632844,,,,,,0.017140811920166015,,,,,,,,,,,,
2249.22,74.23230974632844,,,,,,0.014686088562011718,,,,,,,,,,,,
2249.23,74.36582109479305,,,,,,0.017140811920166015,,,,,,,,,,,,
2252.09,74.36582109479305,,,,,,,,,,,,,,0.017186618804931643,,,,
2252.1,74.49933244325767,,,,,,,,,,,,,,0.019641342163085936,,,,
2259.32,74.49933244325767,,,,,,0.014686088562011718,,,,,,,,,,,,
2259.34,74.6328437917223,,,,,,0.017133697509765625,,,,,,,,,,,,
2265.53,74.6328437917223,,,,,,,,,,,,,,0.017186618804931643,,,,
2265.55,74.76635514018692,,,,,,,,,,,,,,0.019634227752685546,,,,
2265.57,74.76635514018692,,,,,,,2.8468424224853517,,,,,,,,,,,
2265.58,74.76635514018692,,,,,,,2.8634618034362793,,,,,,,,,,,
2265.59,74.76635514018692,,,,,,,2.9465586853027346,,,,,,,,,,,
2265.6,74.76635514018692,,,,,,,2.9631780548095703,,,,,,,,,,,
2265.61,74.76635514018692,,,,,,,2.9797974357604984,,,,,,,,,,,
2265.62,74.76635514018692,,,,,,,3.079513698577881,,,,,,,,,,,
2265.64,74.76635514018692,,,,,,,3.1293718299865723,,,,,,,,,,,
2265.65,74.76635514018692,,,,,,,3.162610580444336,,,,,,,,,,,
2265.66,74.76635514018692,,,,,,,3.2457074508666994,,,,,,,,,,,
2271.26,74.89986648865154,,,,,,0.014686088562011718,,,,,,,,,,,,
2271.44,75.03337783711615,,,,,,0.017133697509765625,,,,,,,,,,,,
2279.45,75.03337783711615,,,,,,,,,,,,,,0.017186618804931643,,,,
2279.46,75.16688918558077,,,,,,,,,,,,,,0.019634227752685546,,,,
2287.98,75.16688918558077,,,,,,0.014686088562011718,,,,,,,,,,,,
2287.99,75.30040053404538,,,,,,0.017133697509765625,,,,,,,,,,,,
2292.76,75.30040053404538,,,,,,,,,,,,,,0.017186618804931643,,,,
2292.78,75.43391188251,,,,,,,,,,,,,,0.019634227752685546,,,,
2300.0,75.43391188251,,,,,,0.014686088562011718,,,,,,,,,,,,
2300.02,75.56742323097463,,,,,,0.017133697509765625,,,,,,,,,,,,
2308.28,75.56742323097463,,,,,,,,,,,,,,0.017186618804931643,,,,
2308.29,75.70093457943925,,,,,,,,,,,,,,0.019634227752685546,,,,
2314.73,75.70093457943925,,,,,,0.014686088562011718,,,,,,,,,,,,
2314.74,75.83444592790387,,,,,,0.017133697509765625,,,,,,,,,,,,
2323.55,75.83444592790387,,,,,,,,,,,,,,0.017186618804931643,,,,
2323.56,75.9679572763685,,,,,,,,,,,,,,0.019634227752685546,,,,
2325.69,75.9679572763685,,,,,,0.014686088562011718,,,,,,,,,,,,
2325.7,76.10146862483312,,,,,,0.017133705139160155,,,,,,,,,,,,
2335.89,76.10146862483312,,,,,,0.014686088562011718,,,,,,,,,,,,
2335.9,76.23497997329773,,,,,,0.017133705139160155,,,,,,,,,,,,
2339.29,76.23497997329773,,,,,,,,,,,,,,0.017186618804931643,,,,
2339.3,76.36849132176235,,,,,,,,,,,,,,0.01963423538208008,,,,
2346.19,76.36849132176235,,,,,,0.014686088562011718,,,,,,,,,,,,
2346.22,76.50200267022697,,,,,,0.017133705139160155,,,,,,,,,,,,
2355.09,76.50200267022697,,,,,,,,,,,,,,0.017186618804931643,,,,
2355.1,76.63551401869158,,,,,,,,,,,,,,0.01963423538208008,,,,
2356.2,76.63551401869158,,,,,,0.014686088562011718,,,,,,,,,,,,
2356.21,76.7690253671562,,,,,,0.01713291931152344,,,,,,,,,,,,
2369.35,76.7690253671562,,,,,,0.014686088562011718,,,,,,,,,,,,
2369.39,76.90253671562083,,,,,,0.01713291931152344,,,,,,,,,,,,
2371.66,76.90253671562083,,,,,,,,,,,,,,0.017186618804931643,,,,
2371.68,77.03604806408545,,,,,,,,,,,,,,0.01963344955444336,,,,
2371.7,77.03604806408545,,,,,,,3.278946201324463,,,,,,,,,,,
2371.71,77.03604806408545,,,,,,,3.3288043212890623,,,,,,,,,,,
2371.72,77.03604806408545,,,,,,,3.411901203155517,,,,,,,,,,,
2371.73,77.03604806408545,,,,,,,3.4285205841064452,,,,,,,,,,,
2371.74,77.03604806408545,,,,,,,3.494998085021973,,,,,,,,,,,
2380.48,77.16955941255006,,,,,,0.014686088562011718,,,,,,,,,,,,
2380.5,77.30307076101468,,,,,,0.01713291931152344,,,,,,,,,,,,
2391.32,77.30307076101468,,,,,,0.014686088562011718,,,,,,,,,,,,
2391.33,77.4365821094793,,,,,,0.01713291931152344,,,,,,,,,,,,
2400.7,77.4365821094793,,,,,,,,,,,,,,0.017186618804931643,,,,
2400.72,77.57009345794393,,,,,,,,,,,,,,0.01963344955444336,,,,
2401.59,77.57009345794393,,,,,,0.014686088562011718,,,,,,,,,,,,
2401.6,77.70360480640855,,,,,,0.01713291931152344,,,,,,,,,,,,
2412.07,77.70360480640855,,,,,,0.014686088562011718,,,,,,,,,,,,
2412.08,77.83711615487317,,,,,,0.01713291931152344,,,,,,,,,,,,
2415.9,77.83711615487317,,,,,,,,,,,,,,0.017186618804931643,,,,
2415.91,77.97062750333778,,,,,,,,,,,,,,0.01963344955444336,,,,
2422.44,77.97062750333778,,,,,,0.014686088562011718,,,,,,,,,,,,
2422.45,78.10413885180239,,,,,,0.01713291931152344,,,,,,,,,,,,
2432.05,78.10413885180239,,,,,,,,,,,,,,0.017186618804931643,,,,
2432.06,78.23765020026701,,,,,,,,,,,,,,0.019633457183837893,,,,
2433.26,78.23765020026701,,,,,,0.014686088562011718,,,,,,,,,,,,
2433.27,78.37116154873164,,,,,,0.017132926940917968,,,,,,,,,,,,
2444.68,78.37116154873164,,,,,,0.014686088562011718,,,,,,,,,,,,
2444.69,78.50467289719626,,,,,,0.017132926940917968,,,,,,,,,,,,
2447.15,78.50467289719626,,,,,,,,,,,,,,0.017186618804931643,,,,
2447.16,78.63818424566088,,,,,,,,,,,,,,0.019633457183837893,,,,
2454.62,78.63818424566088,,,,,,0.017121253967285158,,,,,,,,,,,,
2454.64,78.63818424566088,,,,,,0.014686088562011718,,,,,,,,,,,,
2454.65,78.7716955941255,,,,,,0.017132926940917968,,,,,,,,,,,,
2461.21,78.7716955941255,,,,,,,,,,,,,,0.017186618804931643,,,,
2461.22,78.90520694259013,,,,,,,,,,,,,,0.019651283264160158,,,,
2464.72,78.90520694259013,,,,,,0.014686088562011718,,,,,,,,,,,,
2464.73,79.03871829105474,,,,,,0.017150753021240236,,,,,,,,,,,,
2464.75,79.03871829105474,,,,,,,3.578094966888428,,,,,,,,,,,
2464.76,79.03871829105474,,,,,,,3.5947143478393553,,,,,,,,,,,
2464.77,79.03871829105474,,,,,,,3.6279530982971195,,,,,,,,,,,
2464.78,79.03871829105474,,,,,,,3.7442887420654296,,,,,,,,,,,
2474.81,79.17222963951936,,,,,,0.014686088562011718,,,,,,,,,,,,
2474.82,79.30574098798398,,,,,,0.017150753021240236,,,,,,,,,,,,
2476.08,79.30574098798398,,,,,,,,,,,,,,0.017186618804931643,,,,
2476.09,79.43925233644859,,,,,,,,,,,,,,0.019651283264160158,,,,
2484.74,79.43925233644859,,,,,,0.014686088562011718,,,,,,,,,,,,
2485.69,79.57276368491321,,,,,,0.017150753021240236,,,,,,,,,,,,
2490.37,79.57276368491321,,,,,,,,,,,,,,0.017186618804931643,,,,
2490.39,79.70627503337784,,,,,,,,,,,,,,0.019651283264160158,,,,
2496.5,79.70627503337784,,,,,,0.014686088562011718,,,,,,,,,,,,
2496.52,79.83978638184246,,,,,,0.017150753021240236,,,,,,,,,,,,
2505.04,79.83978638184246,,,,,,,,,,,,,,0.017186618804931643,,,,
2505.06,79.97329773030707,,,,,,,,,,,,,,0.019651283264160158,,,,
2508.59,79.97329773030707,,,,,,0.014686088562011718,,,,,,,,,,,,
2508.62,80.10680907877169,,,,,,0.017150753021240236,,,,,,,,,,,,
2520.0,80.24032042723631,,,,,,0.014686088562011718,,,,,,,,,,,,
2520.01,80.24032042723631,,,,,,0.017150753021240236,,,,,,,,,,,,
2520.48,80.24032042723631,,,,,,,,,,,,,,0.017186618804931643,,,,
2520.5,80.37383177570094,,,,,,,,,,,,,,0.019651290893554687,,,,
2529.98,80.37383177570094,,,,,,0.014686088562011718,,,,,,,,,,,,
2530.07,80.50734312416556,,,,,,0.017150760650634766,,,,,,,,,,,,
2533.79,80.50734312416556,,,,,,,,,,,,,,0.017186618804931643,,,,
2533.81,80.64085447263018,,,,,,,,,,,,,,0.019651290893554687,,,,
2540.76,80.64085447263018,,,,,,0.014686088562011718,,,,,,,,,,,,
2541.24,80.77436582109479,,,,,,0.017150760650634766,,,,,,,,,,,,
2547.21,80.77436582109479,,,,,,,,,,,,,,0.017186618804931643,,,,
2547.23,80.90787716955941,,,,,,,,,,,,,,0.019651290893554687,,,,
2551.74,80.90787716955941,,,,,,0.014686088562011718,,,,,,,,,,,,
2551.75,81.04138851802402,,,,,,0.017150760650634766,,,,,,,,,,,,
2561.78,81.04138851802402,,,,,,,,,,,,,,0.017186618804931643,,,,
2561.79,81.17489986648864,,,,,,,,,,,,,,0.019651290893554687,,,,
2562.0,81.17489986648864,,,,,,0.014686088562011718,,,,,,,,,,,,
2562.01,81.30841121495327,,,,,,0.017150760650634766,,,,,,,,,,,,
2572.65,81.30841121495327,,,,,,0.014686088562011718,,,,,,,,,,,,
2572.91,81.44192256341789,,,,,,0.017150760650634766,,,,,,,,,,,,
2574.52,81.44192256341789,,,,,,,,,,,,,,0.017186618804931643,,,,
2574.54,81.57543391188251,,,,,,,,,,,,,,0.019651290893554687,,,,
2584.32,81.57543391188251,,,,,,0.014686088562011718,,,,,,,,,,,,
2584.5,81.70894526034714,,,,,,0.017150760650634766,,,,,,,,,,,,
2589.99,81.70894526034714,,,,,,,,,,,,,,0.017186618804931643,,,,
2590.0,81.84245660881174,,,,,,,,,,,,,,0.019651290893554687,,,,
2594.89,81.84245660881174,,,,,,0.014686088562011718,,,,,,,,,,,,
2594.9,81.97596795727637,,,,,,0.017150760650634766,,,,,,,,,,,,
2602.41,81.97596795727637,,,,,,,,,,,,,,0.017186618804931643,,,,
2602.42,82.10947930574099,,,,,,,,,,,,,,0.019651290893554687,,,,
2608.02,82.10947930574099,,,,,,0.014686088562011718,,,,,,,,,,,,
2608.03,82.2429906542056,,,,,,0.017150760650634766,,,,,,,,,,,,
2615.46,82.2429906542056,,,,,,,,,,,,,,0.017186618804931643,,,,
2615.47,82.37650200267022,,,,,,,,,,,,,,0.019651290893554687,,,,
2626.96,82.37650200267022,,,,,,0.014686088562011718,,,,,,,,,,,,
2626.97,82.51001335113484,,,,,,0.017150760650634766,,,,,,,,,,,,
2628.39,82.51001335113484,,,,,,,,,,,,,,0.017186618804931643,,,,
2628.55,82.64352469959947,,,,,,,,,,,,,,0.019651290893554687,,,,
2638.19,82.64352469959947,,,,,,0.014686088562011718,,,,,,,,,,,,
2638.2,82.77703604806408,,,,,,0.017150760650634766,,,,,,,,,,,,
2642.29,82.77703604806408,,,,,,,,,,,,,,0.017186618804931643,,,,
2642.3,82.9105473965287,,,,,,,,,,,,,,0.019651290893554687,,,,
2653.96,82.9105473965287,,,,,,0.014686088562011718,,,,,,,,,,,,
2653.97,83.04405874499332,,,,,,0.017150760650634766,,,,,,,,,,,,
2658.73,83.04405874499332,,,,,,,,,,,,,,0.017186618804931643,,,,
2658.75,83.17757009345794,,,,,,,,,,,,,,0.019651290893554687,,,,
2665.92,83.17757009345794,,,,,,0.014686088562011718,,,,,,,,,,,,
2665.93,83.31108144192257,,,,,,0.017150760650634766,,,,,,,,,,,,
2675.21,83.31108144192257,,,,,,,,,,,,,,0.017186618804931643,,,,
2675.23,83.44459279038719,,,,,,,,,,,,,,0.019651290893554687,,,,
2676.14,83.44459279038719,,,,,,0.014686088562011718,,,,,,,,,,,,
2676.15,83.5781041388518,,,,,,0.017150760650634766,,,,,,,,,,,,
2686.42,83.5781041388518,,,,,,0.014686088562011718,,,,,,,,,,,,
2686.43,83.71161548731642,,,,,,0.017150760650634766,,,,,,,,,,,,
2689.96,83.71161548731642,,,,,,,,,,,,,,0.017186618804931643,,,,
2689.97,83.84512683578103,,,,,,,,,,,,,,0.019651290893554687,,,,
2697.78,83.84512683578103,,,,,,0.014686088562011718,,,,,,,,,,,,
2697.79,83.97863818424565,,,,,,0.017150760650634766,,,,,,,,,,,,
2702.56,83.97863818424565,,,,,,,,,,,,,,0.017186618804931643,,,,
2702.71,84.11214953271028,,,,,,,,,,,,,,0.019651290893554687,,,,
2709.54,84.11214953271028,,,,,,0.014686088562011718,,,,,,,,,,,,
2709.55,84.2456608811749,,,,,,0.017150760650634766,,,,,,,,,,,,
2720.46,84.2456608811749,,,,,,0.014686088562011718,,,,,,,,,,,,
2720.47,84.37917222963952,,,,,,0.017150760650634766,,,,,,,,,,,,
2733.71,84.37917222963952,,,,,,0.014686088562011718,,,,,,,,,,,,
2733.73,84.51268357810414,,,,,,0.017150760650634766,,,,,,,,,,,,
2745.24,84.51268357810414,,,,,,0.014686088562011718,,,,,,,,,,,,
2745.25,84.64619492656875,,,,,,0.017150760650634766,,,,,,,,,,,,
2746.59,84.64619492656875,,,,,,,,,,,,,,0.017186618804931643,,,,
2746.6,84.77970627503338,,,,,,,,,,,,,,0.019651290893554687,,,,
2756.42,84.77970627503338,,,,,,0.014686088562011718,,,,,,,,,,,,
2756.92,84.913217623498,,,,,,0.017150760650634766,,,,,,,,,,,,
2760.32,84.913217623498,,,,,,,,,,,,,,0.017186618804931643,,,,
2760.33,85.04672897196261,,,,,,,,,,,,,,0.019651290893554687,,,,
2769.37,85.04672897196261,,,,,,0.014686088562011718,,,,,,,,,,,,
2769.4,85.18024032042723,,,,,,0.017150760650634766,,,,,,,,,,,,
2775.42,85.18024032042723,,,,,,,,,,,,,,0.017186618804931643,,,,
2775.43,85.31375166889185,,,,,,,,,,,,,,0.019651290893554687,,,,
2782.42,85.31375166889185,,,,,,0.014686088562011718,,,,,,,,,,,,
2782.43,85.44726301735648,,,,,,0.017150760650634766,,,,,,,,,,,,
2794.39,85.44726301735648,,,,,,0.014686088562011718,,,,,,,,,,,,
2794.4,85.58077436582109,,,,,,0.017150760650634766,,,,,,,,,,,,
2794.6,85.58077436582109,,,,,,,,,,,,,,0.017186618804931643,,,,
2794.61,85.71428571428571,,,,,,,,,,,,,,0.019651290893554687,,,,
2809.25,85.71428571428571,,,,,,,,,,,,,,0.017186618804931643,,,,
2809.26,85.84779706275033,,,,,,,,,,,,,,0.019651290893554687,,,,
2817.59,85.84779706275033,,,,,,0.014686088562011718,,,,,,,,,,,,
2817.6,85.98130841121495,,,,,,0.017150760650634766,,,,,,,,,,,,
2825.69,85.98130841121495,,,,,,,,,,,,,,0.017186618804931643,,,,
2825.7,86.11481975967958,,,,,,,,,,,,,,0.019651290893554687,,,,
2839.14,86.11481975967958,,,,,,0.014686088562011718,,,,,,,,,,,,
2839.19,86.2483311081442,,,,,,0.017150760650634766,,,,,,,,,,,,
2840.25,86.2483311081442,,,,,,,,,,,,,,0.017186618804931643,,,,
2840.29,86.38184245660881,,,,,,,,,,,,,,0.019651290893554687,,,,
2851.97,86.38184245660881,,,,,,0.014686088562011718,,,,,,,,,,,,
2851.98,86.51535380507343,,,,,,0.017150760650634766,,,,,,,,,,,,
2854.61,86.51535380507343,,,,,,,,,,,,,,0.017186618804931643,,,,
2854.62,86.64886515353804,,,,,,,,,,,,,,0.019651290893554687,,,,
2863.32,86.64886515353804,,,,,,0.014686088562011718,,,,,,,,,,,,
2863.34,86.78237650200266,,,,,,0.017150760650634766,,,,,,,,,,,,
2869.62,86.78237650200266,,,,,,,,,,,,,,0.017186618804931643,,,,
2869.64,86.91588785046729,,,,,,,,,,,,,,0.019651290893554687,,,,
2876.81,86.91588785046729,,,,,,0.014686088562011718,,,,,,,,,,,,
2876.83,87.04939919893191,,,,,,0.017158424377441406,,,,,,,,,,,,
2884.1,87.04939919893191,,,,,,,,,,,,,,0.017186618804931643,,,,
2884.11,87.18291054739653,,,,,,,,,,,,,,0.019658954620361328,,,,
2884.14,87.18291054739653,,,,,,,3.7941468620300296,,,,,,,,,,,
2884.16,87.18291054739653,,,,,,,3.844004993438721,,,,,,,,,,,
2884.17,87.18291054739653,,,,,,,3.9271018867492673,,,,,,,,,,,
2884.18,87.18291054739653,,,,,,,3.9437212677001954,,,,,,,,,,,
2884.19,87.18291054739653,,,,,,,4.010198780059814,,,,,,,,,,,
2884.2,87.18291054739653,,,,,,,4.0600568885803225,,,,,,,,,,,
2884.21,87.18291054739653,,,,,,,4.07667626953125,,,,,,,,,,,
2884.22,87.18291054739653,,,,,,,4.1597731513977045,,,,,,,,,,,
2884.23,87.18291054739653,,,,,,,4.176392520904542,,,,,,,,,,,
2884.24,87.18291054739653,,,,,,,4.193011890411377,,,,,,,,,,,
2884.25,87.18291054739653,,,,,,,4.325966880798339,,,,,,,,,,,
2884.26,87.18291054739653,,,,,,,4.359205631256104,,,,,,,,,,,
2884.27,87.18291054739653,,,,,,,4.409063774108887,,,,,,,,,,,
2884.28,87.18291054739653,,,,,,,4.458921882629395,,,,,,,,,,,
2884.29,87.18291054739653,,,,,,,4.508779991149902,,,,,,,,,,,
2884.3,87.18291054739653,,,,,,,4.542018741607666,,,,,,,,,,,
2884.31,87.18291054739653,,,,,,,4.591876884460449,,,,,,,,,,,
2884.32,87.18291054739653,,,,,,,4.64173501586914,,,,,,,,,,,
2884.33,87.18291054739653,,,,,,,4.691593158721924,,,,,,,,,,,
2884.34,87.18291054739653,,,,,,,4.741451290130615,,,,,,,,,,,
2887.22,87.31642189586114,,,,,,0.014686088562011718,,,,,,,,,,,,
2887.25,87.44993324432576,,,,,,0.017158424377441406,,,,,,,,,,,,
2897.62,87.44993324432576,,,,,,0.014686088562011718,,,,,,,,,,,,
2897.65,87.58344459279039,,,,,,0.017158424377441406,,,,,,,,,,,,
2898.61,87.58344459279039,,,,,,,,,,,,,,0.017186618804931643,,,,
2898.62,87.71695594125501,,,,,,,,,,,,,,0.019658954620361328,,,,
2908.36,87.71695594125501,,,,,,0.014686088562011718,,,,,,,,,,,,
2908.44,87.85046728971963,,,,,,0.017158424377441406,,,,,,,,,,,,
2912.95,87.85046728971963,,,,,,,,,,,,,,0.017186618804931643,,,,
2912.96,87.98397863818424,,,,,,,,,,,,,,0.019658954620361328,,,,
2918.66,87.98397863818424,,,,,,0.014686088562011718,,,,,,,,,,,,
2919.05,88.11748998664886,,,,,,0.017158424377441406,,,,,,,,,,,,
2926.61,88.11748998664886,,,,,,,,,,,,,,0.017186618804931643,,,,
2926.62,88.25100133511347,,,,,,,,,,,,,,0.019658954620361328,,,,
2930.3,88.25100133511347,,,,,,0.014686088562011718,,,,,,,,,,,,
2930.31,88.3845126835781,,,,,,0.017158424377441406,,,,,,,,,,,,
2942.85,88.3845126835781,,,,,,0.014686088562011718,,,,,,,,,,,,
2942.86,88.51802403204272,,,,,,0.017158432006835936,,,,,,,,,,,,
2946.45,88.51802403204272,,,,,,,,,,,,,,0.017186618804931643,,,,
2946.46,88.65153538050734,,,,,,,,,,,,,,0.01965896224975586,,,,
2960.52,88.65153538050734,,,,,,0.014686088562011718,,,,,,,,,,,,
2960.54,88.78504672897196,,,,,,0.017158432006835936,,,,,,,,,,,,
2963.61,88.78504672897196,,,,,,,,,,,,,,0.017186618804931643,,,,
2963.62,88.91855807743659,,,,,,,,,,,,,,0.01965896224975586,,,,
2972.08,88.91855807743659,,,,,,0.014686088562011718,,,,,,,,,,,,
2972.1,89.05206942590121,,,,,,0.017158432006835936,,,,,,,,,,,,
2980.73,89.05206942590121,,,,,,,,,,,,,,0.017186618804931643,,,,
2980.74,89.18558077436582,,,,,,,,,,,,,,0.01965896224975586,,,,
2982.96,89.18558077436582,,,,,,0.014686088562011718,,,,,,,,,,,,
2982.97,89.31909212283044,,,,,,0.017158432006835936,,,,,,,,,,,,
2993.59,89.31909212283044,,,,,,0.014686088562011718,,,,,,,,,,,,
2993.98,89.45260347129505,,,,,,0.017158432006835936,,,,,,,,0.017186618804931643,,,,
2994.11,89.58611481975967,,,,,,,,,,,,,,0.01965896224975586,,,,
3004.22,89.58611481975967,,,,,,0.014686088562011718,,,,,,,,,,,,
3004.23,89.7196261682243,,,,,,0.017158432006835936,,,,,,,,,,,,
3009.15,89.7196261682243,,,,,,,,,,,,,,0.017186618804931643,,,,
3009.16,89.85313751668892,,,,,,,,,,,,,,0.01965896224975586,,,,
3014.37,89.85313751668892,,,,,,0.014686088562011718,,,,,,,,,,,,
3014.39,89.98664886515354,,,,,,0.017158432006835936,,,,,,,,,,,,
3024.32,89.98664886515354,,,,,,,,,,,,,,0.017186618804931643,,,,
3024.33,90.12016021361815,,,,,,,,,,,,,,0.01965896224975586,,,,
3024.85,90.12016021361815,,,,,,0.014686088562011718,,,,,,,,,,,,
3024.97,90.25367156208277,,,,,,0.017158432006835936,,,,,,,,,,,,
3035.21,90.25367156208277,,,,,,0.014686088562011718,,,,,,,,,,,,
3035.23,90.3871829105474,,,,,,0.017158432006835936,,,,,,,,,,,,
3038.16,90.3871829105474,,,,,,,,,,,,,,0.017186618804931643,,,,
3038.18,90.52069425901202,,,,,,,,,,,,,,0.01965896224975586,,,,
3045.75,90.65420560747664,,,,,,0.017158432006835936,,,,,,,,,,,,
3054.06,90.65420560747664,,,,,,,,,,,,,,0.017186618804931643,,,,
3054.15,90.78771695594125,,,,,,,,,,,,,,0.01965896224975586,,,,
3056.77,90.78771695594125,,,,,,0.014686088562011718,,,,,,,,,,,,
3056.79,90.92122830440587,,,,,,0.017158432006835936,,,,,,,,,,,,
3066.59,90.92122830440587,,,,,,0.014686088562011718,,,,,,,,,,,,
3066.61,91.05473965287048,,,,,,0.01593539047241211,,,,,,,,,,,,
3066.62,91.05473965287048,,,,,,0.017158432006835936,,,,,,,,,,,,
3067.91,91.05473965287048,,,,,,,,,,,,,,0.017186618804931643,,,,
3067.92,91.1882510013351,,,,,,,,,,,,,,0.01843592071533203,,,,
3067.93,91.1882510013351,,,,,,,,,,,,,,0.01965896224975586,,,,
3076.57,91.1882510013351,,,,,,0.014686088562011718,,,,,,,,,,,,
3076.58,91.32176234979973,,,,,,0.017158432006835936,,,,,,,,,,,,
3084.89,91.32176234979973,,,,,,,,,,,,,,0.017186618804931643,,,,
3084.9,91.45527369826435,,,,,,,,,,,,,,0.01965896224975586,,,,
3098.5,91.58878504672897,,,,,,,,,,,,,,0.01965896224975586,,,,
3107.72,91.58878504672897,,,,,,0.014686088562011718,,,,,,,,,,,,
3107.75,91.7222963951936,,,,,,0.01593539047241211,,,,,,,,,,,,
3107.76,91.7222963951936,,,,,,0.017158432006835936,,,,,,,,,,,,
3115.62,91.7222963951936,,,,,,,,,,,,,,0.017186618804931643,,,,
3115.64,91.85580774365822,,,,,,,,,,,,,,0.01965896224975586,,,,
3118.61,91.85580774365822,,,,,,0.014686088562011718,,,,,,,,,,,,
3118.62,91.98931909212283,,,,,,0.017158432006835936,,,,,,,,,,,,
3128.98,91.98931909212283,,,,,,0.014686088562011718,,,,,,,,,,,,
3128.99,92.12283044058745,,,,,,0.014686962127685547,,,,,,,,,,,,
3129.0,92.12283044058745,,,,,,0.017158432006835936,,,,,,,,,,,,
3134.7,92.12283044058745,,,,,,,,,,,,,,0.017186618804931643,,,,
3134.71,92.25634178905207,,,,,,,,,,,,,,0.01965896224975586,,,,
3139.91,92.25634178905207,,,,,,0.014686088562011718,,,,,,,,,,,,
3139.92,92.38985313751668,,,,,,0.017158432006835936,,,,,,,,,,,,
3152.58,92.38985313751668,,,,,,0.014686088562011718,,,,,,,,,,,,
3152.59,92.5233644859813,,,,,,0.017158432006835936,,,,,,,,,,,,
3163.6,92.5233644859813,,,,,,0.014686088562011718,,,,,,,,,,,,
3163.61,92.65687583444593,,,,,,0.017158432006835936,,,,,,,,,,,,
3166.69,92.65687583444593,,,,,,,,,,,,,,0.017186618804931643,,,,
3166.7,92.79038718291055,,,,,,,,,,,,,,0.01965896224975586,,,,
3177.14,92.79038718291055,,,,,,0.014686088562011718,,,,,,,,,,,,
3177.18,92.92389853137516,,,,,,0.017158432006835936,,,,,,,,,,,,
3182.56,92.92389853137516,,,,,,,,,,,,,,0.019648006439208984,,,,
3182.57,92.92389853137516,,,,,,,,,,,,,,0.017186618804931643,,,,
3182.61,93.05740987983978,,,,,,,,,,,,,,0.01965896224975586,,,,
3188.0,93.05740987983978,,,,,,0.014686088562011718,,,,,,,,,,,,
3188.01,93.1909212283044,,,,,,0.017158432006835936,,,,,,,,,,,,
3196.66,93.1909212283044,,,,,,,,,,,,,,0.017186618804931643,,,,
3196.68,93.32443257676903,,,,,,,,,,,,,,0.01965896224975586,,,,
3198.76,93.32443257676903,,,,,,0.014686088562011718,,,,,,,,,,,,
3198.77,93.45794392523365,,,,,,0.017158432006835936,,,,,,,,,,,,
3208.93,93.45794392523365,,,,,,0.014686088562011718,,,,,,,,,,,,
3208.95,93.59145527369826,,,,,,0.017158432006835936,,,,,,,,,,,,
3209.4,93.59145527369826,,,,,,,,,,,,,,0.017186618804931643,,,,
3209.41,93.72496662216288,,,,,,,,,,,,,,0.01965896224975586,,,,
3219.52,93.72496662216288,,,,,,0.014686088562011718,,,,,,,,,,,,
3219.58,93.85847797062749,,,,,,0.017158432006835936,,,,,,,,,,,,
3223.35,93.85847797062749,,,,,,,,,,,,,,0.017186618804931643,,,,
3223.36,93.99198931909211,,,,,,,,,,,,,,0.01965896224975586,,,,
3229.97,93.99198931909211,,,,,,0.014686088562011718,,,,,,,,,,,,
3229.99,94.12550066755674,,,,,,0.017158432006835936,,,,,,,,,,,,
3237.68,94.12550066755674,,,,,,,,,,,,,,0.017186618804931643,,,,
3237.69,94.25901201602136,,,,,,,,,,,,,,0.01965896224975586,,,,
3240.57,94.25901201602136,,,,,,0.014686088562011718,,,,,,,,,,,,
3240.65,94.39252336448598,,,,,,0.017158432006835936,,,,,,,,,,,,
3251.09,94.39252336448598,,,,,,,,,,,,,,0.017186618804931643,,,,
3251.11,94.5260347129506,,,,,,,,,,,,,,0.01965896224975586,,,,
3251.42,94.5260347129506,,,,,,0.014686088562011718,,,,,,,,,,,,
3251.49,94.65954606141523,,,,,,0.017158432006835936,,,,,,,,,,,,
3261.61,94.65954606141523,,,,,,0.014686088562011718,,,,,,,,,,,,
3261.83,94.79305740987984,,,,,,0.017158432006835936,,,,,,,,,,,,
3264.83,94.79305740987984,,,,,,,,,,,,,,0.017186618804931643,,,,
3264.84,94.92656875834446,,,,,,,,,,,,,,0.01965896224975586,,,,
3272.33,94.92656875834446,,,,,,0.014686088562011718,,,,,,,,,,,,
3272.37,95.06008010680908,,,,,,0.017158432006835936,,,,,,,,,,,,
3278.34,95.06008010680908,,,,,,,,,,,,,,0.017186618804931643,,,,
3278.35,95.19359145527369,,,,,,,,,,,,,,0.01965896224975586,,,,
3283.21,95.19359145527369,,,,,,0.014686088562011718,,,,,,,,,,,,
3283.22,95.32710280373831,,,,,,0.017158432006835936,,,,,,,,,,,,
3291.99,95.32710280373831,,,,,,,,,,,,,,0.017186618804931643,,,,
3292.0,95.46061415220294,,,,,,,,,,,,,,0.01965896224975586,,,,
3293.27,95.46061415220294,,,,,,0.014686088562011718,,,,,,,,,,,,
3293.29,95.59412550066756,,,,,,0.017158432006835936,,,,,,,,,,,,
3305.7,95.59412550066756,,,,,,,,,,,,,,0.017186618804931643,,,,
3305.71,95.72763684913217,,,,,,,,,,,,,,0.01965896224975586,,,,
3306.24,95.72763684913217,,,,,,0.014686088562011718,,,,,,,,,,,,
3306.25,95.86114819759679,,,,,,0.017158432006835936,,,,,,,,,,,,
3317.14,95.86114819759679,,,,,,0.014686088562011718,,,,,,,,,,,,
3317.15,95.99465954606141,,,,,,0.017158432006835936,,,,,,,,,,,,
3319.41,95.99465954606141,,,,,,,,,,,,,,0.017186618804931643,,,,
3319.84,96.12817089452604,,,,,,,,,,,,,,0.01965896224975586,,,,
3333.1,96.12817089452604,,,,,,0.014686088562011718,,,,,,,,,,,,
3333.11,96.26168224299066,,,,,,0.017158432006835936,,,,,,,,,,,,
3334.35,96.26168224299066,,,,,,,,,,,,,,0.017186618804931643,,,,
3334.48,96.39519359145527,,,,,,,,,,,,,,0.01965896224975586,,,,
3343.93,96.39519359145527,,,,,,0.014686088562011718,,,,,,,,,,,,
3343.94,96.52870493991989,,,,,,0.017158432006835936,,,,,,,,,,,,
3352.31,96.52870493991989,,,,,,,,,,,,,,0.017186618804931643,,,,
3352.32,96.6622162883845,,,,,,,,,,,,,,0.01965896224975586,,,,
3354.09,96.6622162883845,,,,,,0.014686088562011718,,,,,,,,,,,,
3354.11,96.79572763684912,,,,,,0.017158432006835936,,,,,,,,,,,,
3365.25,96.92923898531375,,,,,,0.017158432006835936,,,,,,,,,,,,
3369.02,96.92923898531375,,,,,,,,,,,,,,0.017186618804931643,,,,
3369.03,97.06275033377837,,,,,,,,,,,,,,0.01965896224975586,,,,
3379.16,97.06275033377837,,,,,,0.014686088562011718,,,,,,,,,,,,
3379.18,97.19626168224299,,,,,,0.017158432006835936,,,,,,,,,,,,
3382.31,97.19626168224299,,,,,,,,,,,,,,0.017186618804931643,,,,
3382.32,97.32977303070761,,,,,,,,,,,,,,0.01965896224975586,,,,
3390.5,97.46328437917222,,,,,,0.017158432006835936,,,,,,,,,,,,
3394.52,97.46328437917222,,,,,,,,,,,,,,0.017186618804931643,,,,
3394.53,97.59679572763685,,,,,,,,,,,,,,0.01965896224975586,,,,
3400.66,97.59679572763685,,,,,,0.014686088562011718,,,,,,,,,,,,
3400.68,97.73030707610147,,,,,,0.017158432006835936,,,,,,,,,,,,
3406.62,97.73030707610147,,,,,,,,,,,,,,0.017186618804931643,,,,
3406.64,97.86381842456609,,,,,,,,,,,,,,0.019632740020751955,,,,
3411.11,97.86381842456609,,,,,,0.014686088562011718,,,,,,,,,,,,
3411.12,97.9973297730307,,,,,,0.01713220977783203,4.758070671081542,,,,,,,,,,,
3411.14,97.9973297730307,,,,,,,4.791309410095215,,,,,,,,,,,
3411.15,97.9973297730307,,,,,,,4.841167541503906,,,,,,,,,,,
3411.16,97.9973297730307,,,,,,,4.891025672912598,,,,,,,,,,,
3411.17,97.9973297730307,,,,,,,4.940883804321289,,,,,,,,,,,
3411.18,97.9973297730307,,,,,,,4.957503173828124,,,,,,,,,,,
3411.19,97.9973297730307,,,,,,,5.023980674743652,,,,,,,,,,,
3411.2,97.9973297730307,,,,,,,5.0738387947082515,,,,,,,,,,,
3411.21,97.9973297730307,,,,,,,5.107077545166016,,,,,,,,,,,
3411.22,97.9973297730307,,,,,,,5.173555046081543,,,,,,,,,,,
3411.23,97.9973297730307,,,,,,,5.206793796539307,,,,,,,,,,,
3411.24,97.9973297730307,,,,,,,5.240032546997071,,,,,,,,,,,
3411.25,97.9973297730307,,,,,,,5.356368179321289,,,,,,,,,,,
3411.26,97.9973297730307,,,,,,,5.3896069297790525,,,,,,,,,,,
3411.27,97.9973297730307,,,,,,,5.422845680236817,,,,,,,,,,,
3411.28,97.9973297730307,,,,,,,5.45608443069458,,,,,,,,,,,
3411.29,97.9973297730307,,,,,,,5.539181312561035,,,,,,,,,,,
3411.3,97.9973297730307,,,,,,,5.572420063018798,,,,,,,,,,,
3411.31,97.9973297730307,,,,,,,5.589039443969726,,,,,,,,,,,
3411.32,97.9973297730307,,,,,,,5.67213631439209,,,,,,,,,,,
3411.33,97.9973297730307,,,,,,,5.705375064849854,,,,,,,,,,,
3411.34,97.9973297730307,,,,,,,5.755233184814453,,,,,,,,,,,
3411.35,97.9973297730307,,,,,,,5.805091304779053,,,,,,,,,,,
3411.36,97.9973297730307,,,,,,,5.821710685729981,,,,,,,,,,,
3411.37,97.9973297730307,,,,,,,5.871568828582763,,,,,,,,,,,
3411.39,97.9973297730307,,,,,,,5.921426971435547,,,,,,,,,,,
3411.4,97.9973297730307,,,,,,,5.97128511428833,,,,,,,,,,,
3411.41,97.9973297730307,,,,,,,6.054382007598877,,,,,,,,,,,
3411.42,97.9973297730307,,,,,,,6.071001377105713,,,,,,,,,,,
3419.37,98.13084112149532,,,,,,,,,,,,,,0.017186618804931643,,,,
3419.39,98.26435246995995,,,,,,,,,,,,,,0.019632740020751955,,,,
3421.16,98.26435246995995,,,,,,0.014686088562011718,,,,,,,,,,,,
3421.17,98.39786381842455,,,,,,0.01713220977783203,,,,,,,,,,,,
3431.71,98.39786381842455,,,,,,0.014686088562011718,,,,,,,,,,,,
3431.72,98.53137516688918,,,,,,0.01713220977783203,,,,,,,,,,,,
3434.46,98.53137516688918,,,,,,,,,,,,,,0.017186618804931643,,,,
3434.47,98.6648865153538,,,,,,,,,,,,,,0.019632740020751955,,,,
3443.62,98.6648865153538,,,,,,0.014686088562011718,,,,,,,,,,,,
3443.65,98.79839786381842,,,,,,0.01713220977783203,,,,,,,,,,,,
3447.87,98.79839786381842,,,,,,,,,,,,,,0.017186618804931643,,,,
3447.89,98.93190921228305,,,,,,,,,,,,,,0.019632740020751955,,,,
3462.73,98.93190921228305,,,,,,,,,,,,,,0.017186618804931643,,,,
3462.75,99.06542056074767,,,,,,,,,,,,,,0.019632740020751955,,,,
3477.26,99.06542056074767,,,,,,,,,,,,,,0.017186618804931643,,,,
3477.27,99.19893190921229,,,,,,,,,,,,,,0.019632740020751955,,,,
3480.03,99.19893190921229,,,,,,0.014686088562011718,,,,,,,,,,,,
3480.06,99.3324432576769,,,,,,0.017132217407226563,,,,,,,,,,,,
3497.48,99.3324432576769,,,,,,0.014686088562011718,,,,,,,,,,,,
3497.49,99.46595460614151,,,,,,0.017132217407226563,,,,,,,,,,,,
3503.0,99.46595460614151,,,,,,,,,,,,,,0.017186618804931643,,,,
3503.01,99.59946595460613,,,,,,,,,,,,,,0.019632747650146484,,,,
3508.97,99.59946595460613,,,,,,0.014686088562011718,,,,,,,,,,,,
3517.05,99.73297730307075,,,,,,,,,,,,,,0.017186618804931643,,,,
3517.08,99.86648865153538,,,,,,,,,,,,,,0.11690290451049805,,,,
3517.28,100.0,,,,,,0.0,0.0,,0.0,,,0.0,,,,0.0,0.0,
3517.29,100.0,,,,,,,0.0,0.0,,,,,,0.0,,,,
