time,10.32.89.135:59274:1,10.32.89.147:46078:1,10.32.89.153:37696:1,10.32.89.209:55962:1,10.32.89.229:57362:1,10.32.91.41:44590:1,10.32.93.116:42186:1,10.32.93.11:44914:1,10.32.93.188:48914:1
74.29,1.0,,,,,,,,
74.34,0.0,,,,,,,,
74.45,1.0,,,,,,,,
74.48,0.0,,,,,,,,
76.48,,,,1.0,,,,,
76.54,,,,0.0,,,,,
76.73,,,,1.0,,,,,
76.73,,,,0.0,,,,,
79.34,1.0,,,,,,,,
79.36,0.0,,,,,,,,
79.7,,1.0,,,,,,,
79.76,,0.0,,,,,,,
80.03,,,,1.0,,,,,
80.06,,,,0.0,,,,,
80.09,,,1.0,,,,,,
80.14,,,0.0,,,,,,
80.77,,,1.0,,,,,,
80.78,,,0.0,,,,,,
85.68,2.0,4.0,,,,,1.0,,
85.69,,,,,,,0.0,,
85.75,1.0,,,,,,,,
85.82,0.0,,,,,,,,
85.86,,3.0,,,,,,,
85.95,,2.0,,,,,,,
86.0,,1.0,,,,,,,
86.06,,0.0,,,,,,,
86.76,,,,,,,2.0,,2.0
87.14,,,,,,,,,4.0
87.15,,,,,,,,,3.0
87.18,,,,,,,,,0.0
88.26,,,,,,,0.0,,
89.25,,,,,,,,,1.0
89.28,,,,,,,,,0.0
89.49,,,,,,,,,1.0
89.51,,,,,,,,,0.0
89.54,,1.0,,,,,,,
89.57,,0.0,,,,,,,
90.48,,,,,,,,,1.0
90.49,,,,,,,,,0.0
92.9,,,,,1.0,,,,
92.91,,,,,0.0,,,,
93.7,,,,,1.0,,,,
93.71,,,,,0.0,,,,
93.84,,,,,1.0,,,,
93.85,,,,,0.0,,,,
94.53,1.0,,,,,,,,
94.57,0.0,,,,,,,,
94.65,1.0,,,,,,,,
94.66,0.0,,,,,,,,
95.49,1.0,,,,,,,,
95.58,0.0,,,,,,,,
96.89,,,,,,,1.0,,
96.94,,,,,,,0.0,,
97.57,,1.0,,,,,,,
97.62,,0.0,,,,,,,
97.9,,1.0,,1.0,,,,,
97.91,,0.0,,0.0,,,,,
102.78,,,,1.0,,,,,
102.82,,,,1.0,,,,,
102.83,,,,0.0,,,,,
102.84,,,,,,,,,1.0
102.86,,,,,,,,,0.0
103.0,,,,1.0,,,,,
103.02,,,,0.0,,,,,
106.16,,,,,1.0,,,,
106.3,,,,,0.0,,,,
110.25,,,,,,1.0,,,
110.26,,,,,,0.0,,,
110.27,,,,,,1.0,,,
110.33,,,,,,0.0,,,
110.36,,,,,,1.0,,,
110.46,,,,,,0.0,,,
111.36,,,,,,1.0,,,
111.37,,,,,,0.0,,,
115.52,,,,,,,,1.0,
115.53,,,,,,,,0.0,
128.3,,,1.0,,,,,,
128.31,,,0.0,,,,,,
133.19,,,1.0,,,,,,
133.21,,,0.0,,,,,,
135.41,,,2.0,,,,,,
135.46,,,1.0,,,,,,
135.91,,,0.0,,,,,,
141.91,,,,,,,,1.0,
141.93,,,,,,,,0.0,
146.26,,,,,,,,1.0,
146.3,,,,,,,,0.0,
229.5,,,,,1.0,,,,
229.78,,,,,0.0,,,,
253.11,,1.0,,,,,,,
253.12,,0.0,,,,,,,
308.93,,,,,1.0,,,,
309.2,,,,,0.0,,,,
319.32,,,,,,,,1.0,
319.43,,,,,,,,0.0,
333.19,,,,,1.0,,,,
333.25,,,,,0.0,,,,
349.15,,,,,1.0,,,,
349.3,,,,,0.0,,,,
504.75,,,,,1.0,,,,
505.09,,,,,0.0,,,,
515.29,,1.0,,,,,,,
515.3,,0.0,,,,,,,
740.98,,1.0,,,,,,,
740.99,,0.0,,,,,,,
762.68,,,,,1.0,,,,
763.25,,,,,0.0,,,,
790.64,,,,,,,1.0,,
790.65,,,,,,,0.0,,
790.95,,,,,1.0,,,,
791.0,,,,,0.0,,,,
842.16,,,,,1.0,,,,
842.22,,,,,0.0,,,,
895.94,,1.0,,,,,,,
895.95,,0.0,,,,,,,
900.54,,,,,1.0,,,,
900.67,,,,,0.0,,,,
943.34,,,,,1.0,,,,
943.44,,,,,0.0,,,,
998.57,0.0,,,,,,,,
1147.23,,,,,,,1.0,,
1147.24,,,,,,,0.0,,
1162.04,,,1.0,,,,,,
1162.28,,,0.0,,,,,,
1187.19,,,1.0,,,,,,
1187.23,,,0.0,,,,,,
1323.85,,,1.0,,,,,,
1324.04,,,0.0,,,,,,
1362.74,,,1.0,,,,,,
1362.82,,,0.0,,,,,,
1377.0,,,,,,1.0,,,
1377.18,,,,,,0.0,,,
1418.3,,1.0,,,,,,,
1418.31,,0.0,,,,,,,
1608.07,,1.0,,,,,,,
1608.08,,0.0,,,,,,,
1644.62,,,1.0,,,,,,
1645.08,,,0.0,,,,,,
1664.94,,,,,,,1.0,,
1664.95,,,,,,,0.0,,
1958.26,,,1.0,,,,,,
1959.0,,,0.0,,,,,,
1969.53,,1.0,,,,,,,
1969.54,,0.0,,,,,,,
2006.91,,,1.0,,,,,,
2006.98,,,0.0,,,,,,
2035.82,,1.0,,,,,,,
2035.83,,0.0,,,,,,,
2093.71,,,1.0,,,,,,
2094.19,,,0.0,,,,,,
2103.71,,1.0,,,,,,,
2103.71,,0.0,,,,,,,
2249.21,,1.0,,,,,,,
2249.21,,0.0,,,,,,,
2265.77,,,1.0,,,,,,
2266.71,,,0.0,,,,,,
2371.8,,,1.0,,,,,,
2372.03,,,0.0,,,,,,
2444.67,,1.0,,,,,,,
2444.67,,0.0,,,,,,,
2454.62,,1.0,,,,,,,
2454.64,,0.0,,,,,,,
2464.86,,,1.0,,,,,,
2465.15,,,0.0,,,,,,
2756.41,,1.0,,,,,,,
2756.42,,0.0,,,,,,,
2884.57,,,1.0,,,,,,
2885.74,,,0.0,,,,,,
2930.29,,1.0,,,,,,,
2930.3,,0.0,,,,,,,
3182.56,,,,,,,1.0,,
3182.57,,,,,,,0.0,,
3306.23,,1.0,,,,,,,
3306.24,,0.0,,,,,,,
3411.69,,,1.0,,,,,,
3412.58,,,0.0,,,,,,
3497.47,,1.0,,,,,,,
3497.48,,0.0,,,,,,,
3517.14,,,,,,,1.0,,
3517.27,,,,,,,0.0,,
3517.28,,0.0,0.0,,0.0,0.0,,0.0,0.0
3517.29,,,,0.0,,,0.0,,
