time,10.32.88.251:60140:1,10.32.89.107:53248:1,10.32.89.61:33668:1,10.32.89.69:51864:1,10.32.90.72:52774:1,10.32.90.80:47440:1,10.32.93.112:51550:1,10.32.93.116:37334:1,10.32.93.118:33596:1,10.32.93.120:43918:1
32.0,,1.0,,,,,,,,
32.01,,0.0,,,,,,,,
32.03,,,1.0,,,,,,,
32.1,,,3.0,,,,,,,
32.12,,,5.0,,,,,,,
32.14,,,0.0,,,,,,,
32.15,,,,,1.0,,,,,1.0
32.17,,1.0,,,2.0,,,,,
32.19,,2.0,,,,,,,,2.0
32.22,,3.0,,,3.0,,,,,
32.26,,,1.0,,,,,,,3.0
32.3,,0.0,0.0,,0.0,,,,,0.0
34.65,2.0,,,,,,,,,
34.76,0.0,,,,,,,,,
39.61,,,,,0.0,,,,,
39.87,,,,,0.0,,,,,
40.0,,0.0,,,,,,,,
40.01,,,1.0,,,,,,,
40.02,,,0.0,,,,,,,
40.11,,,,,,,,0.0,,
40.17,,0.0,,,,,,,,
40.59,,,,1.0,,,,,,
40.6,,,,0.0,,,,,,
41.46,1.0,,,,,,,,,
41.47,0.0,,,,,,,,,
42.42,,1.0,,,,,,,,
42.43,,0.0,,,,,,,,
50.75,,,,,,0.0,,,,
50.78,,0.0,,,,,,,,
50.8,,,,0.0,,,,,,
50.94,,,,1.0,,,,,,
50.95,,,,0.0,,,,,,
51.0,,,,,,,,,1.0,
51.01,,,,,,,,,0.0,
51.16,0.0,,,,,,,,,
51.38,,1.0,,,,,,,,
51.39,,0.0,,,,,,,,
51.69,,,,,0.0,,,,,
53.32,,,1.0,,,,,,,
53.34,,,0.0,,,,,,,
61.38,,,1.0,,,,,,,
61.39,,,0.0,,,,,,,
61.46,,,,1.0,,,,,,
61.47,,,0.0,0.0,,,,,,
61.56,,,1.0,,,,,,,
61.57,,,0.0,,,,,,,
61.72,,,,,1.0,,,,,
61.73,,,,,0.0,,,,,
61.88,,,,,0.0,,,,,
61.89,,,1.0,1.0,,,,,,
61.9,,,0.0,0.0,,,,,,
62.54,,,,,,,1.0,,,
62.6,,,,,,,0.0,,,
72.27,,,,,,,,,,0.0
72.32,,,,1.0,,,,,,
72.34,,,,0.0,,,,,,
72.5,,,,,,0.0,,,,0.0
72.52,,,,0.0,,,,,,
72.6,,,,,,,,1.0,,
72.61,,,,,1.0,,,0.0,,
72.64,,,,,0.0,,,,,
72.69,,1.0,,,,,,,,
72.72,,0.0,,,,,,,,
72.75,,,,,0.0,,,,,
82.87,,1.0,,,,,,,,
82.88,,0.0,,,,,,,,
82.91,,1.0,,,,,,,,
82.92,,0.0,,,,,,,,
82.94,,,,,0.0,,,,,
83.06,,,,,1.0,,,,,
83.07,,,,,0.0,,,,,
83.21,,,,,,,1.0,,,
83.22,,,,,,,0.0,,,
83.46,,,,,,,,,0.0,
83.72,,,,,0.0,,,,,
83.85,,,,0.0,,,,,,
84.46,,1.0,,,,,,,,
84.47,,0.0,,,,,,,,
93.27,,,,,1.0,,,,,
93.28,,,,,1.0,,,,,
93.29,,,,,0.0,,,,,
93.39,,,,1.0,,,,,,
93.4,,,,0.0,,,,,,
93.5,,0.0,0.0,,,,,,,
93.75,,,,,,,,0.0,,
94.02,,1.0,,,,,,,,
94.03,,0.0,,,,,,,,
94.06,,,,,,0.0,,,,
103.69,,,,,,1.0,,,,
103.7,,,,,,0.0,,,,
103.71,,,,,,0.0,,,,
103.74,0.0,,,,,,,,,
103.99,1.0,,,,,,,,,
104.0,0.0,,,,,,,,,
104.37,,0.0,,,,,,,,
104.61,,,,,0.0,,,,,
104.72,,,,,,,,,,0.0
105.05,,1.0,,,,,,,,
105.07,,0.0,,,,,,,,
106.12,,,,,,,,,1.0,
106.13,,,,,,,,,0.0,
119.4,48.0,54.0,52.0,52.0,,46.0,32.0,34.0,36.0,28.0
119.41,,,47.0,,,,,,,
119.42,,53.0,46.0,,,,,,,
119.43,,,45.0,,,,,,35.0,
119.44,,52.0,44.0,,,45.0,,,,
119.45,,51.0,43.0,,,,31.0,,,
119.46,,49.0,,50.0,,,,,33.0,
119.47,47.0,,,49.0,,,,,,27.0
119.48,45.0,,42.0,,,44.0,,,,
119.49,,47.0,,47.0,,,,,,
119.5,42.0,,40.0,46.0,,,30.0,33.0,,
119.51,,,,,,,29.0,32.0,,
119.52,41.0,46.0,38.0,45.0,,,27.0,31.0,32.0,
119.53,,,,,,43.0,,,,
119.54,39.0,,,,,,,,,
119.55,38.0,,,44.0,,42.0,,30.0,,
119.56,,,34.0,,,,,29.0,30.0,
119.57,,44.0,,,,,,,,
119.59,,42.0,,43.0,,41.0,26.0,,,
119.6,,40.0,33.0,,,,,,29.0,
119.61,,,,42.0,,,25.0,,,25.0
119.62,,,32.0,41.0,,,,,,
119.63,,,31.0,,,,,28.0,,
119.64,37.0,37.0,,39.0,,,,,,24.0
119.65,,,,,,,,,,22.0
119.66,36.0,36.0,,,,,,,,
119.67,,,30.0,38.0,,,,27.0,28.0,21.0
119.68,,,29.0,36.0,,,,25.0,,
119.69,,,,,,38.0,,,27.0,
119.7,35.0,,27.0,,,,,24.0,,
119.71,34.0,35.0,,35.0,,,,,,
119.72,32.0,34.0,,,,37.0,,23.0,,
119.73,31.0,,,,,,,,,
119.74,,33.0,,,,36.0,,,,20.0
119.75,30.0,,26.0,32.0,,33.0,,,26.0,19.0
119.76,,,25.0,,,,,,,
119.77,,32.0,,,,,,,24.0,
119.78,,,24.0,31.0,,32.0,,,,18.0
119.79,29.0,31.0,,,,,,,,
119.8,,,,30.0,,31.0,,,23.0,
119.81,,,22.0,29.0,,,,,,
119.82,,,,,,30.0,,22.0,,
119.84,28.0,,,28.0,,,,21.0,21.0,17.0
119.85,27.0,30.0,,27.0,,,,,20.0,
119.86,26.0,,,,,29.0,,,,
119.87,25.0,,,,,28.0,,,19.0,15.0
119.88,,29.0,,,,,,,18.0,
119.89,,,21.0,26.0,,26.0,24.0,,17.0,
119.9,,28.0,20.0,,,,,,,14.0
119.91,,27.0,,25.0,,,,20.0,,
119.92,,,,24.0,,25.0,,19.0,,
119.93,,,,,,,,18.0,,13.0
119.94,,24.0,,,,24.0,23.0,17.0,,
119.96,,,,,,,21.0,,,12.0
119.97,,23.0,,,,23.0,,,,
119.98,24.0,,19.0,22.0,,,20.0,16.0,16.0,
119.99,,,18.0,21.0,,,19.0,15.0,,
120.0,,,17.0,19.0,,,18.0,14.0,,11.0
120.01,23.0,22.0,16.0,,,,,,,
120.02,,,15.0,,,22.0,17.0,,15.0,
120.03,22.0,,,,,,,13.0,14.0,
120.04,,21.0,13.0,,,,,,,
120.05,,20.0,,,,21.0,16.0,,,
120.06,,18.0,12.0,,,,,12.0,,10.0
120.07,,,,,,,,,13.0,
120.09,,17.0,,18.0,,,15.0,,12.0,
120.1,,16.0,,17.0,,20.0,,,,9.0
120.11,,,,,,,,,11.0,
120.12,,,,,,,,,10.0,8.0
120.13,,13.0,11.0,14.0,,19.0,,,9.0,
120.15,,,,,,18.0,,11.0,,
120.16,20.0,12.0,,,,,14.0,,7.0,
120.17,18.0,,10.0,13.0,,17.0,,10.0,,
120.18,,11.0,9.0,,,,,9.0,,
120.19,17.0,,,12.0,,,,8.0,,
120.2,16.0,,8.0,,,16.0,,,,
120.21,15.0,10.0,7.0,,,14.0,13.0,,,
120.22,,,,11.0,,,,7.0,,
120.23,,,,,,13.0,,,,
120.24,,9.0,5.0,,,12.0,11.0,,,
120.25,14.0,8.0,3.0,,,,,,,
120.26,,,,9.0,,11.0,10.0,,,
120.27,11.0,,,,,10.0,,6.0,,
120.28,,,,,,9.0,,,,
120.29,10.0,54.0,49.0,49.0,60.0,74.0,35.0,48.0,40.0,40.0
120.3,,53.0,47.0,48.0,,,,46.0,,
120.31,,52.0,,46.0,,72.0,34.0,,,
120.32,,51.0,,44.0,,70.0,33.0,,,
120.34,,,45.0,,58.0,,,,,39.0
120.35,,,,42.0,,69.0,32.0,45.0,39.0,37.0
120.36,,,44.0,,,,31.0,44.0,38.0,
120.37,,,43.0,,56.0,,,43.0,,
120.38,,,42.0,39.0,,,30.0,,37.0,36.0
120.39,9.0,49.0,,,55.0,,28.0,42.0,,35.0
120.4,,,,,,68.0,27.0,41.0,,34.0
120.41,,48.0,,,,66.0,,40.0,36.0,32.0
120.42,7.0,47.0,,,52.0,65.0,,39.0,,31.0
120.43,6.0,,41.0,37.0,,64.0,,,34.0,29.0
120.44,5.0,45.0,,36.0,51.0,63.0,,38.0,33.0,
120.45,,44.0,40.0,34.0,,,,,,28.0
120.46,3.0,,,,,62.0,26.0,,,
120.47,,42.0,38.0,,49.0,,,,,
120.48,,40.0,37.0,,48.0,,,,,27.0
120.49,2.0,39.0,,31.0,47.0,60.0,25.0,,,
120.5,1.0,37.0,36.0,,,,,,,
120.51,,36.0,,30.0,46.0,58.0,,37.0,,
120.52,,,,29.0,45.0,54.0,,,32.0,
120.53,0.0,,,,44.0,51.0,,36.0,31.0,
120.54,,35.0,,28.0,43.0,49.0,,,,
120.55,,,35.0,,,47.0,,,,25.0
120.56,,34.0,,,,46.0,,,,
120.57,,,34.0,,,43.0,,,30.0,
120.59,,32.0,,27.0,42.0,,,,,
120.6,,,,,41.0,42.0,,35.0,29.0,
120.61,,,,,,41.0,,34.0,,
120.62,,,33.0,26.0,,40.0,24.0,,28.0,
120.63,,31.0,31.0,,39.0,,,,,
120.64,,,30.0,25.0,38.0,,,,,
120.65,,30.0,,,37.0,,,,,
120.66,,29.0,,,,,23.0,,27.0,
120.67,,,,24.0,,,,33.0,,
120.68,,,29.0,23.0,,,22.0,32.0,,
120.69,,,,,36.0,,,31.0,,
120.7,,,28.0,21.0,35.0,,21.0,30.0,26.0,24.0
120.71,,,27.0,20.0,34.0,,,,25.0,
120.72,,,26.0,,33.0,,20.0,,,
120.73,,,,19.0,32.0,,,28.0,,
120.74,,,25.0,,31.0,39.0,,,,
120.75,,28.0,24.0,17.0,29.0,38.0,,27.0,,
120.76,,,23.0,,28.0,37.0,,26.0,,
120.77,,,22.0,,,36.0,,,,23.0
120.78,,27.0,,,26.0,,,,,21.0
120.79,,,,,,35.0,,,,
120.8,,,21.0,,25.0,,19.0,25.0,24.0,
120.81,,,,16.0,,,,24.0,,
120.82,,,,,24.0,,17.0,,,
120.84,,,,14.0,,34.0,,22.0,23.0,
120.85,,,,,22.0,,,,,
120.86,,26.0,,,,,16.0,21.0,,20.0
120.87,,22.0,,13.0,,,,,,
120.88,,21.0,,,,,,,22.0,
120.89,,,19.0,,,33.0,,,21.0,19.0
120.9,,,,,,32.0,15.0,20.0,20.0,
120.91,,19.0,18.0,,,31.0,,19.0,,
120.92,,18.0,,,,,14.0,18.0,19.0,
120.93,,,,,,30.0,13.0,,,18.0
120.94,,,17.0,,,,,16.0,18.0,17.0
120.95,,17.0,,,21.0,,,,,
120.96,,16.0,,,19.0,29.0,,,,
120.97,,,16.0,,,28.0,,,17.0,
120.98,,,,12.0,,,,,,16.0
120.99,,15.0,14.0,11.0,,27.0,,,,15.0
121.0,,,13.0,10.0,17.0,26.0,10.0,,16.0,
121.01,,,,,16.0,25.0,,14.0,,
121.02,,,12.0,,15.0,,,,,
121.03,,,,,,,,12.0,,14.0
121.04,,,,9.0,,,,,15.0,
121.05,,14.0,,8.0,14.0,23.0,,,,
121.06,,13.0,,,,,,11.0,13.0,
121.09,,,11.0,7.0,,22.0,9.0,10.0,,
121.1,,12.0,10.0,,13.0,20.0,,,,
121.11,,11.0,,,,,,9.0,,
121.12,,10.0,,6.0,,,,8.0,,13.0
121.13,,9.0,,,,,7.0,,,
121.14,,,,,,19.0,,,12.0,12.0
121.15,,,,,,,6.0,,,
121.23,,,9.0,,,17.0,5.0,7.0,,11.0
121.24,,,,,11.0,,,,,
121.25,,,,,10.0,16.0,,6.0,,
121.26,,,,,,15.0,,,,
121.27,,,,,,,,,,10.0
121.28,,,,,9.0,,4.0,,,
121.29,,8.0,8.0,,,,,,,
121.3,,,,,,14.0,,,,
121.32,,,,,8.0,13.0,,,,
121.34,,7.0,,,,,,,11.0,
121.35,,,,,,,,,10.0,
121.36,,,,5.0,,,,,9.0,
121.37,,6.0,,,,,,,,
121.38,,,,4.0,,12.0,,,,
121.4,,,7.0,,,,,,,
121.41,,,,3.0,,,,,,
121.42,,,,2.0,,,,,8.0,
121.43,,,,,,11.0,,,7.0,
121.44,42.0,38.0,43.0,38.0,41.0,,28.0,22.0,33.0,29.0
121.45,50.0,61.0,55.0,48.0,69.0,10.0,38.0,40.0,35.0,30.0
121.46,,60.0,53.0,46.0,,9.0,,,,
121.47,,,,,68.0,,37.0,,34.0,
121.48,49.0,,49.0,45.0,67.0,,,,,
121.49,,,,,66.0,8.0,,,32.0,
121.5,,58.0,,44.0,64.0,7.0,36.0,,,
121.51,48.0,,,,61.0,6.0,,,31.0,
121.52,47.0,,,,,,,,30.0,
121.53,,,48.0,43.0,,,35.0,39.0,28.0,29.0
121.54,46.0,55.0,,,59.0,,,,,
121.55,,54.0,47.0,,58.0,,,37.0,,28.0
121.56,,53.0,46.0,,56.0,,33.0,,,
121.57,,51.0,,,,,,,,
121.59,44.0,,,,55.0,,,,,
121.6,42.0,50.0,45.0,,,,,,26.0,
121.61,,49.0,,,,,,36.0,,27.0
121.62,40.0,47.0,44.0,,54.0,,32.0,,25.0,26.0
121.63,,45.0,43.0,,53.0,,31.0,35.0,24.0,
121.64,,,42.0,,51.0,5.0,30.0,,23.0,
121.65,,44.0,41.0,42.0,48.0,,29.0,34.0,,
121.66,,,,,,4.0,28.0,,,25.0
121.67,,42.0,,41.0,47.0,,,32.0,22.0,
121.68,39.0,,,,,,27.0,31.0,,
121.69,37.0,,39.0,,45.0,3.0,,,,
121.7,,,,,42.0,,,30.0,,
121.71,35.0,,,,,,,,21.0,
121.72,34.0,,,,,,,29.0,20.0,
121.73,,39.0,38.0,40.0,,,,28.0,19.0,
121.74,,,,,40.0,2.0,,,,
121.75,32.0,,,39.0,37.0,,26.0,27.0,18.0,24.0
121.76,31.0,,35.0,,36.0,,,26.0,,23.0
121.77,30.0,36.0,,,,1.0,,,17.0,
121.78,,,,,,,,,16.0,
121.79,,,,38.0,34.0,,25.0,,,
121.8,,35.0,,35.0,,,,25.0,,
121.82,29.0,34.0,34.0,,32.0,,23.0,23.0,14.0,22.0
121.84,,32.0,,,,,,,,21.0
121.85,,,33.0,32.0,,,,,,20.0
121.86,,,,,,,,,13.0,
121.87,,29.0,,31.0,30.0,0.0,,22.0,,19.0
121.88,,,32.0,,,,,,,
121.89,,,,29.0,29.0,,,,12.0,
121.9,28.0,28.0,30.0,28.0,,,,,,
121.91,26.0,,,27.0,,,,,,17.0
121.92,,,,26.0,,,,,,16.0
121.93,25.0,,,25.0,28.0,,,20.0,,15.0
121.94,,26.0,26.0,,27.0,,,,,
121.95,,,,23.0,,,22.0,,11.0,
121.96,23.0,,,,,,,,,
121.97,,,,,,,,19.0,,
121.98,,25.0,25.0,21.0,25.0,,,,,14.0
121.99,,24.0,24.0,,,,,,,
122.0,,23.0,22.0,,23.0,,,18.0,10.0,12.0
122.01,,,,20.0,22.0,,,,,11.0
122.02,22.0,,21.0,,,,,17.0,9.0,10.0
122.03,,21.0,,,,,,,,
122.04,,20.0,,,,,21.0,,,
122.05,,18.0,,19.0,,,19.0,,,
122.06,,,,18.0,20.0,,18.0,,,
122.07,,,20.0,,19.0,,,16.0,,8.0
122.09,,16.0,,,,,17.0,15.0,,
122.1,19.0,,,17.0,18.0,,,,,
122.11,,,,,17.0,,,14.0,,
122.12,17.0,,19.0,,,,,13.0,,
122.13,,,,16.0,16.0,,,,,
122.14,,,18.0,,15.0,,,,,7.0
122.15,,14.0,,14.0,,,,,,
122.16,,,,,13.0,,16.0,,,6.0
122.17,16.0,13.0,,,12.0,,,,,5.0
122.18,,,17.0,13.0,,,,,,
122.19,,,16.0,,,,15.0,12.0,8.0,
122.2,,,,,,,,11.0,,
122.21,14.0,,,,,,,10.0,,
122.22,,,,12.0,11.0,,,9.0,7.0,
122.23,,,15.0,10.0,,,14.0,,,3.0
122.25,11.0,12.0,,,,,12.0,7.0,6.0,
122.26,,,14.0,,10.0,,,,,
122.27,,,13.0,9.0,,,,6.0,,
122.28,,,,,,,,,,2.0
122.29,,11.0,,8.0,,,11.0,,4.0,
122.3,,10.0,11.0,,9.0,,,,,
122.31,,,,7.0,,,,,,
122.32,,,9.0,,,,,5.0,,
122.34,,,8.0,,8.0,,9.0,,3.0,
122.35,10.0,9.0,,,,,,,,
122.36,,,,6.0,,,8.0,,,
122.37,,,6.0,5.0,6.0,,7.0,3.0,,
122.38,,,5.0,,,,,,,
122.39,8.0,8.0,4.0,4.0,5.0,,5.0,,,
122.4,56.0,54.0,50.0,,67.0,56.0,33.0,33.0,37.0,36.0
122.41,54.0,53.0,48.0,,64.0,,32.0,,33.0,33.0
122.42,53.0,51.0,47.0,,62.0,,,,32.0,32.0
122.43,52.0,48.0,,,61.0,,,,,
122.44,,46.0,,,60.0,,30.0,32.0,31.0,
122.45,49.0,44.0,45.0,,,55.0,29.0,31.0,,30.0
122.46,,43.0,44.0,,58.0,54.0,27.0,,,
122.47,,,43.0,,57.0,53.0,,30.0,,29.0
122.48,47.0,41.0,,3.0,56.0,52.0,26.0,,28.0,
122.49,,39.0,42.0,2.0,54.0,51.0,,,,
122.5,46.0,38.0,40.0,,,49.0,25.0,28.0,26.0,
122.51,45.0,37.0,39.0,1.0,,48.0,,,,
122.52,,,,,,47.0,,,,
122.53,44.0,,,0.0,53.0,,,,,28.0
122.54,42.0,35.0,,,52.0,45.0,,,25.0,
122.55,,,37.0,,51.0,44.0,,,,
122.56,,,,,,,,27.0,,27.0
122.57,,34.0,36.0,,,,,,,26.0
122.59,,,,,50.0,43.0,,,,
122.6,41.0,,35.0,,,,24.0,,,
122.61,40.0,33.0,34.0,,49.0,,,26.0,,
122.62,,,,,,,23.0,,,
122.63,39.0,32.0,,,48.0,,22.0,,,
122.64,38.0,31.0,,,,42.0,,25.0,,
122.65,,,,,47.0,41.0,,,24.0,
122.66,37.0,30.0,,,46.0,,,,,
122.67,,28.0,,,44.0,,,,,
122.68,,,,,,,21.0,,,
122.69,,27.0,32.0,,43.0,39.0,20.0,24.0,,
122.7,35.0,,,,,38.0,,,,
122.71,34.0,,31.0,,,,,,,
122.72,,,,,,,19.0,,23.0,
122.73,33.0,26.0,,,42.0,,,,22.0,
122.74,32.0,25.0,,,41.0,,,,21.0,
122.75,31.0,24.0,30.0,,,,,,20.0,
122.76,,,29.0,,40.0,,,21.0,,
122.77,,,,,,37.0,,,19.0,25.0
122.78,30.0,,28.0,,,,18.0,,,
122.79,,,27.0,,39.0,36.0,,,,
122.8,,23.0,26.0,,38.0,35.0,,,,24.0
122.81,,,,,,34.0,,,,23.0
122.82,29.0,,,,,,17.0,,,
122.84,,,25.0,,37.0,,,,,21.0
122.85,,,,,,33.0,,20.0,,
122.86,27.0,,24.0,,36.0,,,,,20.0
122.87,25.0,,23.0,,,32.0,,,,
122.88,,,22.0,,35.0,,,,18.0,
122.9,22.0,22.0,,,34.0,,16.0,19.0,,
122.91,,21.0,,,33.0,,15.0,,,
122.92,,,,,,,,18.0,,
122.93,,,,,,30.0,14.0,17.0,,19.0
122.94,,,20.0,,32.0,,13.0,16.0,,
122.95,,,,,,,12.0,15.0,,
122.96,,,18.0,,31.0,,,,,
122.97,20.0,,17.0,,30.0,,,,17.0,
122.99,,,,,,29.0,,,16.0,
123.0,17.0,,16.0,,27.0,28.0,,14.0,15.0,
123.01,16.0,20.0,15.0,,26.0,,,,,
123.02,,19.0,13.0,,,27.0,,,14.0,18.0
123.03,15.0,,,,,,,13.0,,
123.04,,,11.0,,25.0,25.0,,,,17.0
123.05,,,,,,,11.0,,,
123.06,,,,,,22.0,,12.0,,
123.07,14.0,,,,24.0,21.0,10.0,11.0,,
123.09,,17.0,,,,20.0,,,,15.0
123.1,,,,,22.0,,9.0,,13.0,
123.11,,,10.0,,,,,,,
123.12,,16.0,,,,,,,12.0,14.0
123.13,,,,,20.0,19.0,,,11.0,13.0
123.14,,,9.0,,19.0,,,,,
123.15,,,8.0,,,,8.0,,10.0,
123.16,,15.0,,,18.0,15.0,,,,
123.17,13.0,14.0,,,,,7.0,,,12.0
123.18,,,7.0,,,14.0,,10.0,,
123.19,,,,,,12.0,,,,10.0
123.2,11.0,,,,,,,9.0,,9.0
123.21,,13.0,6.0,,17.0,,,,,
123.22,,,,,16.0,,,,,8.0
123.23,10.0,,,,,11.0,,8.0,9.0,
123.24,,12.0,5.0,,,,,,8.0,
123.25,9.0,10.0,,,15.0,9.0,6.0,7.0,7.0,
123.26,,,,,,,5.0,,6.0,
123.27,,,,,14.0,,3.0,,,7.0
123.28,,,,,13.0,8.0,,,,
123.29,,,4.0,,,7.0,,,5.0,6.0
123.3,7.0,9.0,,,11.0,,,5.0,,
123.31,,8.0,,,10.0,,,,4.0,
123.32,,7.0,3.0,,,,,,,5.0
123.34,53.0,63.0,,52.0,61.0,67.0,35.0,35.0,28.0,37.0
123.35,52.0,,,,,64.0,34.0,31.0,,
123.36,51.0,62.0,,,59.0,,,,,36.0
123.37,50.0,61.0,,50.0,57.0,,32.0,,,
123.38,48.0,60.0,,,56.0,63.0,31.0,30.0,,35.0
123.39,,58.0,,49.0,55.0,,,,,34.0
123.4,47.0,57.0,,,54.0,62.0,30.0,29.0,27.0,32.0
123.41,46.0,,,48.0,53.0,60.0,29.0,,,
123.42,45.0,55.0,,,52.0,59.0,28.0,27.0,,
123.43,,53.0,,47.0,48.0,,,,,
123.44,,52.0,,,,57.0,,,26.0,31.0
123.45,44.0,51.0,,,,,,,25.0,28.0
123.46,,,2.0,46.0,47.0,56.0,,26.0,24.0,
123.47,42.0,48.0,,45.0,45.0,55.0,,,,
123.48,41.0,45.0,,,,53.0,,,22.0,
123.49,,44.0,,,44.0,51.0,,,21.0,
123.5,,,1.0,43.0,43.0,,,,,
123.51,40.0,43.0,0.0,,,50.0,,25.0,20.0,27.0
123.52,37.0,42.0,,42.0,,,27.0,,,
123.53,,40.0,,41.0,,,,,,
123.54,,39.0,,,,,,24.0,,26.0
123.55,,38.0,,,,,,23.0,18.0,
123.56,,37.0,,,42.0,,26.0,,,
123.57,35.0,,,40.0,,49.0,,,,
123.59,34.0,,,39.0,41.0,,,,,25.0
123.6,33.0,36.0,,,40.0,,,,17.0,24.0
123.61,,35.0,,,,48.0,,,,
123.62,,,,37.0,,,,22.0,,
123.63,,,,36.0,,47.0,,,,
123.64,,,,,38.0,,,,,23.0
123.65,32.0,,,35.0,,46.0,,,15.0,
123.66,31.0,,,34.0,37.0,,,,,22.0
123.67,,34.0,,33.0,,,,,14.0,
123.68,,,,,35.0,45.0,,20.0,,
123.69,,,,32.0,34.0,,,,,
123.7,,,,31.0,,,,,,
123.71,,,,,33.0,43.0,,,,
123.72,,,,30.0,32.0,42.0,25.0,19.0,,
123.73,29.0,,,29.0,,41.0,,,,
123.74,28.0,33.0,,28.0,,,24.0,,,
123.75,27.0,32.0,,27.0,,40.0,23.0,,12.0,21.0
123.76,,,,26.0,,,,,11.0,20.0
123.77,,,,,,,,,,19.0
123.78,,,,,31.0,39.0,,,,18.0
123.79,,,,,,,,18.0,9.0,
123.8,26.0,31.0,,,30.0,37.0,,,,
123.81,,,,,29.0,36.0,22.0,,,
123.82,,28.0,,,,,,,,
123.84,25.0,,,,,35.0,21.0,,,
123.85,24.0,,,25.0,,,,,,
123.86,,,,,,34.0,,,7.0,
123.87,,27.0,,,,32.0,,,,17.0
123.88,,26.0,,,28.0,31.0,20.0,,,16.0
123.89,22.0,,,,,,19.0,,,15.0
123.9,,25.0,,,,30.0,,,,13.0
123.91,,,,,,29.0,,,,12.0
123.92,21.0,24.0,,,,,,,,
123.93,20.0,,,,26.0,,,,,
123.94,,,,24.0,,28.0,,17.0,,11.0
123.95,,23.0,,,,27.0,,,,
123.96,,22.0,,,,26.0,,,,
123.97,18.0,,,,,,18.0,14.0,,
123.98,17.0,21.0,,23.0,,,,,,
123.99,16.0,,,,25.0,25.0,,,,10.0
124.0,15.0,,,,,24.0,17.0,13.0,6.0,
124.01,,,,,,23.0,,12.0,,9.0
124.02,13.0,20.0,,,,,,,,
124.03,,18.0,,,,22.0,16.0,11.0,,
124.04,,,,,,,,,,8.0
124.05,12.0,,,21.0,23.0,,,,4.0,
124.06,,17.0,,20.0,,,15.0,,,
124.09,,16.0,,,22.0,20.0,13.0,10.0,,
124.1,,,,,,,,,,6.0
124.11,,15.0,,,,,,,,
124.12,,,,19.0,,19.0,12.0,,,5.0
124.13,11.0,,,,21.0,,,9.0,,
124.14,,,,,,,10.0,,,4.0
124.15,,14.0,,,20.0,,9.0,,,
124.16,,13.0,,,18.0,,,,,
124.17,10.0,,,,,18.0,,8.0,,
124.18,,,,,16.0,,8.0,,,
124.19,9.0,11.0,,,,,,,,3.0
124.2,,,,18.0,14.0,,,7.0,,
124.21,8.0,,,,,17.0,7.0,,,
124.22,7.0,10.0,,17.0,12.0,,,,,
124.23,6.0,,,16.0,,,,,,
124.24,,,,,,16.0,,,,2.0
124.25,5.0,8.0,,13.0,10.0,14.0,4.0,,,
124.26,,,,,,13.0,,,3.0,
124.27,,,,12.0,,12.0,,,2.0,
124.28,,7.0,,11.0,,11.0,,,,
124.29,,,,,9.0,,,6.0,1.0,
124.3,,6.0,,,,,,,,
124.31,,,,10.0,7.0,,,,,1.0
124.32,,,,9.0,5.0,,,5.0,,
124.34,,5.0,,8.0,,,,,,
124.35,3.0,4.0,,,,,,,,
124.36,,,,,4.0,10.0,,3.0,,
124.37,53.0,,48.0,52.0,54.0,61.0,38.0,45.0,37.0,39.0
124.38,,,,47.0,53.0,60.0,37.0,,36.0,
124.39,52.0,,,,50.0,,36.0,,35.0,
124.4,,,,44.0,49.0,58.0,,,,
124.41,,3.0,,,47.0,,34.0,,,
124.42,51.0,,,42.0,,53.0,32.0,,,38.0
124.43,49.0,,,40.0,45.0,52.0,,43.0,34.0,
124.44,47.0,,,37.0,,,30.0,42.0,,
124.45,,,,,44.0,51.0,,,33.0,35.0
124.46,46.0,,47.0,,43.0,50.0,,41.0,,
124.47,,2.0,46.0,36.0,,49.0,,40.0,32.0,
124.48,45.0,1.0,,,,48.0,29.0,,31.0,
124.49,,,,35.0,,46.0,,,,
124.5,43.0,0.0,,,,45.0,,38.0,30.0,34.0
124.51,,,,,42.0,43.0,28.0,37.0,,33.0
124.52,,,,,,,,36.0,,32.0
124.53,,,,34.0,41.0,,,,,31.0
124.54,42.0,,45.0,,39.0,,,,,
124.55,,,44.0,,,42.0,,34.0,,
124.56,40.0,,,,,41.0,,,,
124.57,38.0,,,33.0,,40.0,,,,
124.59,,,,31.0,38.0,39.0,27.0,,,
124.6,37.0,,43.0,,,,,,29.0,
124.61,,,42.0,,37.0,38.0,,,,
124.62,,,,30.0,36.0,,,,28.0,
124.63,36.0,,,,,,26.0,,,30.0
124.64,,,,29.0,34.0,,,33.0,,
124.65,,,41.0,27.0,,,25.0,32.0,,
124.66,35.0,,,,,,,,,
124.67,,,,,33.0,,24.0,31.0,,
124.68,34.0,,,25.0,,,23.0,,27.0,29.0
124.69,,,,,32.0,37.0,22.0,30.0,26.0,28.0
124.7,,,40.0,,,,,,,
124.71,,,,,,,,,25.0,
124.72,,,39.0,24.0,,35.0,20.0,29.0,24.0,
124.73,,,,23.0,,,19.0,,,
124.74,,,38.0,,,,,,23.0,
124.75,32.0,,37.0,20.0,,,18.0,28.0,,26.0
124.76,31.0,,,,,,,,22.0,
124.77,,,36.0,,31.0,,,,,25.0
124.78,,,34.0,,,34.0,17.0,27.0,,
124.79,,,32.0,,,33.0,,,21.0,
124.8,,,,19.0,30.0,,16.0,,,
124.81,,,,,,,14.0,,,
124.82,30.0,,31.0,,28.0,32.0,,26.0,,
124.84,,,,17.0,,,,25.0,20.0,24.0
124.85,28.0,,29.0,,,,,,,
124.86,,,,,,31.0,,,,
124.87,,,,16.0,27.0,,,,,
124.88,,,,,26.0,30.0,13.0,,18.0,
124.89,27.0,,,15.0,,,,24.0,17.0,22.0
124.9,26.0,,28.0,,,,,23.0,,
124.91,25.0,,27.0,,,,,,,21.0
124.92,,,26.0,,,,,,,
124.93,,,,,24.0,,,,16.0,
124.94,23.0,,,,22.0,,,22.0,,20.0
124.95,,,,,21.0,28.0,,,,19.0
124.96,,,,,20.0,27.0,,21.0,,
124.97,,,25.0,,19.0,,,,15.0,
124.98,22.0,,,,18.0,26.0,,,14.0,
124.99,21.0,,,,,,,,,18.0
125.0,,,24.0,14.0,16.0,,12.0,20.0,,16.0
125.01,20.0,,,,,,,18.0,,
125.02,18.0,,23.0,,,25.0,11.0,,,
125.03,17.0,,,,,,,,,15.0
125.04,16.0,,,13.0,15.0,,9.0,,,
125.05,15.0,,22.0,,14.0,24.0,,,13.0,
125.06,,,,,,23.0,,,,
125.07,,,21.0,,,22.0,,,12.0,
125.09,14.0,,,,13.0,,,,11.0,14.0
125.1,13.0,,,12.0,,,,,,13.0
125.11,12.0,,20.0,9.0,,,,,,12.0
125.12,,,,8.0,12.0,,,,,11.0
125.13,11.0,,,,,21.0,,,,
125.14,10.0,,18.0,,,20.0,8.0,,,
125.15,,,,7.0,11.0,,,,9.0,
125.16,,,,6.0,,,,,,
125.17,,,17.0,,,19.0,7.0,,,
125.18,,,16.0,,,,6.0,15.0,,
125.19,8.0,,15.0,,,,,,,10.0
125.2,,,,,10.0,,5.0,13.0,,
125.21,,,,,,,,12.0,,
125.22,7.0,,13.0,,,18.0,,,,9.0
125.23,6.0,,,,,,4.0,,,
125.24,,,,,,16.0,,,,
125.25,5.0,,12.0,,9.0,14.0,,,7.0,8.0
125.26,4.0,,11.0,,,,,,6.0,
125.27,,,,,,,,,5.0,7.0
125.28,,,,,8.0,13.0,,11.0,,6.0
125.29,,,10.0,,,,,,4.0,5.0
125.3,,,,,,11.0,,,,
125.31,,,8.0,,6.0,10.0,,,,
125.32,48.0,58.0,56.0,60.0,58.0,69.0,38.0,,26.0,37.0
125.34,,,55.0,55.0,,68.0,37.0,,,
125.35,47.0,,54.0,54.0,,,,,,36.0
125.36,,56.0,51.0,,,67.0,,,,
125.37,46.0,,50.0,53.0,56.0,,36.0,10.0,,
125.38,45.0,,,52.0,,66.0,,,,35.0
125.39,,55.0,48.0,,55.0,65.0,34.0,,,34.0
125.4,,,46.0,51.0,,,32.0,9.0,,
125.41,,,,,53.0,63.0,31.0,,25.0,
125.42,,,45.0,50.0,52.0,62.0,,8.0,,32.0
125.43,44.0,,,49.0,,61.0,30.0,7.0,,31.0
125.44,43.0,,44.0,,51.0,60.0,29.0,,,
125.45,41.0,,42.0,,,,,,24.0,
125.46,40.0,54.0,41.0,48.0,50.0,,28.0,6.0,23.0,30.0
125.47,38.0,53.0,,,48.0,59.0,,,,29.0
125.48,37.0,,,,,,,5.0,,27.0
125.49,,52.0,,,46.0,55.0,,3.0,22.0,
125.5,35.0,,39.0,46.0,44.0,54.0,,1.0,20.0,
125.51,,,,44.0,43.0,,27.0,,,26.0
125.52,,51.0,,,42.0,51.0,26.0,,,
125.53,,50.0,,43.0,,,,0.0,,
125.54,32.0,48.0,,,,,,,19.0,
125.55,,47.0,,,,50.0,25.0,,,
125.56,31.0,46.0,,,,,,,,
125.57,,44.0,,,41.0,,,,18.0,25.0
125.59,,,,,,48.0,,,,24.0
125.6,,,38.0,41.0,,,23.0,,17.0,23.0
125.61,,43.0,35.0,,,,,,,
125.62,,,34.0,40.0,,,,,,
125.63,,,,39.0,,,,,,
125.64,,,33.0,,39.0,46.0,,,,
125.65,30.0,42.0,,,,44.0,,,,
125.66,,,,38.0,,,,,,
125.67,29.0,,,37.0,,43.0,,,,
125.68,28.0,41.0,,36.0,38.0,42.0,,,,22.0
125.69,27.0,,32.0,,,41.0,,,,
125.7,,,,,37.0,40.0,,,,
125.71,,39.0,30.0,35.0,,,22.0,,,
125.72,,,,33.0,,39.0,,,,
125.73,,,29.0,,36.0,,,,16.0,
125.74,,38.0,,30.0,35.0,38.0,,,,21.0
125.75,,37.0,27.0,,34.0,,,,15.0,20.0
125.76,,36.0,,,33.0,36.0,,,,
125.77,,,,,,35.0,21.0,,,
125.78,26.0,35.0,,29.0,,33.0,,,,
125.79,,,,28.0,,,19.0,,,
125.8,,,,27.0,,,,,,19.0
125.81,25.0,33.0,,26.0,,,,,,18.0
125.82,,,26.0,25.0,,,,,,17.0
125.84,,32.0,,,,32.0,,,,16.0
125.85,24.0,,,24.0,,,,,,
125.86,23.0,,25.0,23.0,,31.0,,,14.0,
125.87,,,24.0,22.0,31.0,,,,,15.0
125.88,,31.0,,21.0,,,,,13.0,
125.89,21.0,,,20.0,,,,,,
125.9,,29.0,,,,,,,,14.0
125.91,20.0,28.0,,,,,,,,13.0
125.92,,27.0,23.0,19.0,29.0,,18.0,,,
125.93,,26.0,,,,30.0,17.0,,,
125.94,19.0,25.0,,,27.0,,,,,
125.95,,,,,,,16.0,,,
125.96,,,,18.0,25.0,,,,12.0,
125.97,,,21.0,17.0,,,,,,
125.98,,,,,,,,,,11.0
125.99,18.0,,,16.0,,,,,11.0,
126.0,,24.0,20.0,,23.0,29.0,,,10.0,10.0
126.01,,23.0,19.0,,,,15.0,,,
126.02,16.0,,,,,28.0,14.0,,,
126.03,,,,,,,13.0,,9.0,
126.04,,21.0,18.0,,22.0,,,,,9.0
126.05,,,17.0,,,,12.0,,,8.0
126.06,,,,15.0,,27.0,11.0,,,
126.07,,,,,20.0,,10.0,,,
126.09,15.0,20.0,,,,,9.0,,,
126.1,14.0,,,,,,8.0,,,7.0
126.11,,,,,19.0,26.0,,,8.0,6.0
126.12,,19.0,,,18.0,,,,7.0,
126.13,13.0,,16.0,14.0,17.0,25.0,6.0,,,5.0
126.14,,,15.0,,16.0,,,,6.0,
126.15,,,,,,24.0,,,,
126.16,12.0,18.0,14.0,13.0,,23.0,,,,
126.17,,,,12.0,15.0,,,,,
126.18,,,13.0,11.0,,22.0,,,,
126.19,,,12.0,10.0,13.0,21.0,4.0,,,
126.2,,17.0,11.0,,,,,,5.0,
126.22,,16.0,,7.0,11.0,,,,,4.0
126.23,,15.0,10.0,,,,,,,
126.24,10.0,,,,,,,,,
126.25,,14.0,9.0,5.0,10.0,19.0,,,4.0,
126.26,8.0,13.0,,,,,,,,
126.27,,11.0,,,9.0,16.0,,,3.0,
126.28,,,8.0,4.0,,,3.0,,,
126.29,,,,,,15.0,,,,
126.3,7.0,10.0,7.0,,,14.0,,,,
126.31,5.0,,,,8.0,11.0,,,,
126.32,,8.0,,,7.0,,,,2.0,
126.34,,7.0,,,6.0,10.0,,,,3.0
126.35,,6.0,,3.0,5.0,,,,,
126.36,57.0,51.0,61.0,55.0,57.0,61.0,27.0,34.0,34.0,
126.37,55.0,50.0,,,56.0,60.0,,,31.0,2.0
126.38,53.0,,60.0,,54.0,,,,30.0,
126.39,52.0,46.0,,54.0,,58.0,,,,
126.4,,,,,52.0,56.0,,,29.0,
126.41,,,58.0,53.0,51.0,52.0,26.0,,,
126.42,51.0,45.0,57.0,51.0,,,,,27.0,
126.43,49.0,44.0,,,,51.0,24.0,,,
126.44,,43.0,53.0,,,,,,26.0,
126.45,,42.0,52.0,49.0,49.0,49.0,,,,
126.46,48.0,,50.0,,47.0,47.0,,32.0,,1.0
126.47,,,49.0,47.0,,,23.0,31.0,,
126.48,47.0,40.0,,,,,,,,0.0
126.49,43.0,,,,,46.0,,,,
126.5,42.0,38.0,47.0,,,45.0,,,,
126.51,41.0,,46.0,,45.0,44.0,,,,
126.52,,,,,44.0,43.0,,,,
126.53,39.0,37.0,,,43.0,42.0,,,25.0,
126.54,,,45.0,,42.0,,,,24.0,
126.55,38.0,,44.0,,41.0,,22.0,,,
126.56,37.0,,43.0,46.0,40.0,41.0,,,,
126.57,,,42.0,45.0,,,,29.0,,
126.59,,36.0,41.0,44.0,,,21.0,,,
126.6,,,,,,,,,23.0,
126.61,,34.0,,,,,17.0,28.0,,
126.62,,33.0,40.0,,,40.0,,,,
126.63,36.0,,,,39.0,39.0,,,22.0,
126.64,,32.0,,,,38.0,15.0,,21.0,
126.65,,,39.0,,,,,,,
126.66,,30.0,,,,36.0,14.0,,,
126.67,35.0,,,42.0,,35.0,,,,
126.68,,29.0,,41.0,,,,,,
126.69,,,37.0,40.0,,,,,,
126.7,34.0,28.0,,,38.0,34.0,,27.0,,
126.71,,27.0,,,,,,,,
126.72,,25.0,,,37.0,,13.0,,20.0,
126.73,33.0,,,,36.0,,,,,
126.74,32.0,24.0,,,,33.0,,,19.0,
126.75,31.0,,36.0,39.0,,32.0,12.0,,18.0,
126.76,,,,,,31.0,,,16.0,
126.77,,23.0,35.0,38.0,,,,,,
126.78,30.0,,34.0,37.0,,,,,,
126.79,,22.0,,35.0,,29.0,,26.0,,
126.8,,,,34.0,,,,,,
126.81,,,33.0,33.0,,,,,,
126.82,29.0,20.0,32.0,,,,,25.0,,
126.84,28.0,19.0,30.0,,,,,,,
126.85,,,29.0,,,28.0,,,,
126.86,25.0,,28.0,,,27.0,,,,
126.87,,,,32.0,34.0,,,24.0,,
126.88,,,,,,,,,15.0,
126.89,,,,,33.0,,11.0,23.0,14.0,
126.9,24.0,18.0,,31.0,,,,,12.0,
126.91,,,,,32.0,,,22.0,,
126.92,23.0,,,30.0,,26.0,10.0,,,
126.93,,,,,31.0,,,,11.0,
126.94,,17.0,,,30.0,,,,,
126.95,21.0,,,,,25.0,,21.0,,
126.96,20.0,,,29.0,,,,20.0,,
126.97,,16.0,27.0,,,24.0,,,,
126.98,,,26.0,28.0,,23.0,,,,
126.99,,15.0,25.0,27.0,,,9.0,19.0,10.0,
127.0,,,,26.0,,21.0,,18.0,,
127.01,,,,,,20.0,8.0,17.0,,
127.02,,14.0,23.0,,,19.0,,,,
127.03,,,22.0,,,,,,,
127.04,,13.0,21.0,24.0,,,,16.0,,
127.05,19.0,12.0,20.0,23.0,28.0,,,,,
127.06,17.0,,,22.0,27.0,,,,,
127.07,,,19.0,,26.0,,7.0,15.0,,
127.09,,,,,,,,14.0,9.0,
127.1,,11.0,,,25.0,,,,,
127.11,,,,,22.0,,,,,
127.12,,,,20.0,21.0,17.0,,13.0,,
127.13,,,18.0,,,,,,,
127.14,,,,18.0,,16.0,,12.0,,
127.15,15.0,10.0,,,,15.0,,,,
127.16,,,,,20.0,14.0,,,8.0,
127.17,,,,,19.0,13.0,,,,
127.18,14.0,,,,,,,,,
127.19,13.0,,17.0,,17.0,12.0,,,7.0,
127.2,,,,17.0,,11.0,,,5.0,
127.21,,8.0,,,15.0,,,,,
127.22,,,16.0,15.0,14.0,10.0,,11.0,,
127.23,11.0,,15.0,,,,,,,
127.24,10.0,,,13.0,,,6.0,,,
127.25,9.0,,14.0,11.0,13.0,8.0,,,,
127.26,,7.0,,9.0,12.0,,,,3.0,
127.27,,,,8.0,,,,,,
127.28,,5.0,,7.0,,,,,,
127.29,,4.0,13.0,,,,4.0,10.0,,
127.3,,,12.0,6.0,11.0,,,,,
127.31,,,11.0,5.0,,,2.0,9.0,,
127.32,8.0,,,4.0,,,,,,
127.34,7.0,2.0,,,,,,8.0,2.0,
127.35,,,10.0,,10.0,,,,,
127.36,,1.0,,3.0,,,,,1.0,
127.37,6.0,,,,,,1.0,7.0,,
127.38,,,8.0,1.0,9.0,,,,,
127.39,5.0,,7.0,,8.0,,,,,
127.4,29.0,28.0,29.0,25.0,34.0,35.0,,220.0,16.0,19.0
127.41,28.0,27.0,28.0,23.0,33.0,33.0,0.0,,,
127.42,27.0,25.0,,21.0,,32.0,,,,
127.43,,,26.0,,32.0,31.0,,217.0,,
127.44,26.0,24.0,,,28.0,30.0,,214.0,,
127.45,25.0,,,,27.0,29.0,,212.0,,
127.46,,,21.0,20.0,,28.0,,209.0,15.0,
127.47,,,,18.0,,27.0,,207.0,,
127.48,,,,,26.0,26.0,,206.0,,18.0
127.49,22.0,,19.0,,,23.0,,204.0,,
127.5,21.0,23.0,18.0,,,,,200.0,,17.0
127.51,,,,,,,,198.0,14.0,
127.52,,22.0,,,,,,,,16.0
127.53,,,,,24.0,,,194.0,,14.0
127.54,,,,,,,,193.0,,
127.55,20.0,,,,23.0,,,191.0,,
127.56,,,,,,,,185.0,,
127.57,,,,,22.0,,,,,
127.59,,,,,,22.0,,183.0,,
127.6,,,,16.0,,,,180.0,,
127.61,17.0,,,,,,,179.0,,
127.62,,20.0,,,,,,178.0,,
127.63,,,,,,,,173.0,,
127.64,,,,,,,,171.0,,
127.65,16.0,,,15.0,,,,170.0,,
127.66,,,16.0,,,,,167.0,,13.0
127.67,,,,,,,,164.0,,12.0
127.69,15.0,,,14.0,,,,161.0,,
127.7,,,15.0,,,21.0,,159.0,,
127.71,,19.0,,13.0,,20.0,,,,
127.72,,,,,,,,157.0,,
127.73,14.0,,,,,,,156.0,,
127.74,,,,12.0,,19.0,,154.0,,11.0
127.75,13.0,18.0,14.0,,21.0,,,149.0,,
127.76,,,,,,,,147.0,,
127.77,,17.0,,,,,,144.0,,
127.78,,,,,,,,140.0,13.0,
127.79,,,,11.0,,18.0,,138.0,,
127.8,,,,,20.0,,,135.0,,
127.81,,,,,,,,133.0,12.0,
127.82,,,,,,,,130.0,,10.0
127.84,,,,,,,,127.0,,
127.85,,,,,,17.0,,125.0,,
127.86,,,,10.0,,,,122.0,,
127.87,,,,,,16.0,,120.0,,
127.88,,16.0,,8.0,,,,119.0,,
127.89,,15.0,,,,,,117.0,,
127.9,,,,7.0,,15.0,,116.0,,
127.91,,,,,,14.0,,114.0,,9.0
127.92,,14.0,,,,,,,,
127.93,,,13.0,,,,,113.0,,
127.94,12.0,,,,,,,106.0,,
127.95,,,12.0,,,,,105.0,,
127.96,,,,6.0,,,,104.0,11.0,8.0
127.97,11.0,12.0,,,,,,103.0,,
127.98,,11.0,,,,,,101.0,,
127.99,,10.0,,,19.0,,,99.0,,
128.0,9.0,,,,17.0,13.0,,97.0,,
128.01,,,,,15.0,,,96.0,,
128.02,,,,,,,,95.0,10.0,
128.03,,,,,,,,94.0,,7.0
128.04,8.0,,11.0,,,,,92.0,,6.0
128.05,,,,,,,,91.0,,5.0
128.06,,,,,14.0,,,90.0,,
128.07,,,,,,,,86.0,8.0,
128.09,,,,,,,,85.0,,
128.1,,9.0,,,,12.0,,,7.0,
128.11,7.0,,9.0,,,,,83.0,,
128.12,,8.0,,,,,,81.0,,
128.13,,,,,,,,78.0,,
128.14,,7.0,,,13.0,,,,,
128.15,,,,,,11.0,,75.0,,4.0
128.16,,,,,,,,73.0,,
128.17,,,,,12.0,,,,,
128.18,,,,,,10.0,,68.0,5.0,
128.19,,,,,11.0,,,65.0,,
128.2,,,8.0,,,,,62.0,,
128.21,,,,,,,,61.0,,3.0
128.22,,,,,,,,60.0,,
128.23,,,,5.0,10.0,9.0,,59.0,,
128.24,,,,4.0,8.0,8.0,,56.0,,
128.25,,,7.0,3.0,,,,54.0,4.0,
128.26,,,,2.0,,,,52.0,,2.0
128.27,,6.0,6.0,,7.0,,,,,
128.28,,5.0,,,,,,50.0,,
128.29,,4.0,5.0,,6.0,7.0,,49.0,,
128.3,,,,,5.0,,,48.0,3.0,
128.31,,3.0,,,,,,47.0,,
128.32,,,,1.0,,6.0,,44.0,,
128.34,,2.0,4.0,,,,,43.0,2.0,
128.35,6.0,,,,,,,40.0,,
128.36,5.0,,,,,5.0,,,,
128.37,,,,,,,,38.0,,
128.38,,,,,,,,36.0,,
128.39,,,,,4.0,,,32.0,,
128.4,4.0,,,,,4.0,,27.0,,
128.41,,,,,,3.0,,26.0,,
128.42,,,,,,,,25.0,1.0,
128.43,3.0,1.0,,,3.0,,,,,1.0
128.44,,,,,,,,20.0,,
128.45,,,,,,,,17.0,,
128.46,,0.0,,,,,,14.0,,
128.47,,,3.0,,2.0,1.0,,13.0,,
128.48,2.0,,,,,,,,,
128.49,1.0,,2.0,0.0,,,,11.0,0.0,0.0
128.5,,,,,,0.0,,9.0,,
128.51,,,1.0,,1.0,,,5.0,,
128.52,0.0,,,,,,,2.0,,
128.53,,,0.0,,0.0,,,0.0,,
135.73,,,,,2.0,,,,,
135.74,,,,,0.0,,,,,
136.73,,,,,,,,,1.0,
136.74,,,,,,,,,0.0,
138.53,26.0,36.0,24.0,18.0,32.0,216.0,18.0,,19.0,13.0
138.54,,34.0,,,,213.0,,,,
138.55,,,,,,212.0,,,,
138.56,,,,,,211.0,,,17.0,
138.57,,,22.0,,,209.0,,,,
138.59,,,,,,207.0,,,,
138.6,,,,,,205.0,,,,
138.61,,,,,,200.0,17.0,,,
138.62,,33.0,,17.0,,198.0,,,,
138.63,,,,,31.0,196.0,,,,
138.64,,32.0,21.0,,,194.0,,,,
138.65,,,,,,190.0,,,,
138.66,,31.0,,,,189.0,,,16.0,
138.67,,,,,,186.0,,,,
138.68,,30.0,,,30.0,,,,15.0,
138.69,,,20.0,,,184.0,,,,12.0
138.7,25.0,,,16.0,,180.0,,,,
138.71,24.0,,19.0,,29.0,178.0,,,,
138.72,23.0,,,,,177.0,,,,11.0
138.73,22.0,,,,,175.0,,,,
138.74,,29.0,,,,172.0,,,,9.0
138.75,,,,,28.0,170.0,,,,
138.76,21.0,,,,27.0,168.0,,,,8.0
138.77,,,18.0,,,167.0,,,,
138.78,,28.0,,,,166.0,,,,
138.79,20.0,26.0,,15.0,,164.0,,,,
138.8,,,,14.0,26.0,,,,,
138.81,,24.0,,,,163.0,,,,
138.82,19.0,,,,,162.0,,,14.0,
138.84,,,,,,159.0,16.0,,,
138.85,,,,,,,15.0,,13.0,
138.86,18.0,23.0,,,,157.0,,,,
138.87,,,17.0,,,154.0,,,,
138.88,17.0,,,,25.0,153.0,,,,7.0
138.89,,,,,,151.0,14.0,,,
138.9,,,16.0,,,149.0,,,,
138.91,,,,,,148.0,12.0,,12.0,
138.92,,22.0,,13.0,24.0,146.0,,,11.0,
138.93,,21.0,,,,145.0,,,,
138.94,,,15.0,,,144.0,,,10.0,
138.95,,20.0,,,,143.0,,,9.0,
138.96,,19.0,,,22.0,140.0,,,,
138.97,16.0,18.0,,12.0,,139.0,,,8.0,
138.98,15.0,,,,,137.0,,,,
138.99,,,,,,135.0,,,,
139.0,,17.0,,,,128.0,,,,
139.01,,16.0,,,,127.0,,,,
139.02,,,14.0,11.0,,124.0,,,,
139.03,,,,,21.0,121.0,,,,
139.04,,,,,,118.0,,,7.0,
139.05,,,13.0,,,117.0,,,,
139.06,14.0,15.0,,,20.0,116.0,,,,
139.07,,,11.0,,,,,,,
139.09,,,,,,113.0,,,,
139.1,,,,,19.0,110.0,,,,
139.11,,,,,,108.0,,,6.0,
139.12,,,,,18.0,105.0,,,,
139.13,,,,10.0,17.0,103.0,,,,
139.14,,,,8.0,,102.0,,,,
139.15,,,,,16.0,101.0,11.0,,,
139.16,,,,,,99.0,10.0,,,
139.17,,14.0,,,,96.0,,,,
139.18,,,,,,93.0,,,,
139.19,13.0,,,,15.0,91.0,,,,6.0
139.2,12.0,,10.0,,,88.0,,,,
139.21,,,,,,86.0,,,,
139.22,,,,,,85.0,9.0,,,5.0
139.23,,,,,14.0,81.0,,,,
139.24,,12.0,9.0,,,80.0,,,5.0,
139.25,10.0,11.0,8.0,,13.0,79.0,8.0,,,
139.26,,,7.0,,,77.0,,,,
139.27,,,,,11.0,75.0,,,,
139.28,,,,,,71.0,,,,
139.29,,,,,10.0,70.0,,,,
139.3,,10.0,,,9.0,,6.0,,,
139.31,,,,,,68.0,,,,
139.32,,,,,,66.0,,,,
139.34,,9.0,,7.0,7.0,64.0,,,,
139.35,,,,,,62.0,5.0,,,
139.36,9.0,,,,6.0,61.0,,,,
139.37,,8.0,6.0,,,,,,4.0,
139.38,8.0,,,,,59.0,,,,4.0
139.39,7.0,,5.0,,,57.0,,,,
139.4,,,,,,54.0,,,,
139.41,6.0,7.0,4.0,,,52.0,,,,
139.42,,,,6.0,,51.0,,,,
139.43,5.0,,,5.0,,48.0,,,,
139.44,,,,,,,3.0,,,3.0
139.45,,,,4.0,,44.0,,,,
139.46,,,,3.0,,,,,,
139.47,,,3.0,,,42.0,,,,
139.48,,6.0,,,,40.0,,,,
139.49,4.0,5.0,,,,37.0,,,,
139.5,,,,,5.0,33.0,,,,2.0
139.51,3.0,,,,4.0,30.0,,,,
139.53,,,2.0,2.0,5.0,25.0,,,,
139.54,,,,,4.0,,,,,
139.55,2.0,,,,,23.0,,,,
139.56,,,,,,20.0,,,,
139.57,,4.0,,,,19.0,2.0,,3.0,
139.59,,3.0,,,,,,,,
139.6,,2.0,,,,17.0,,,2.0,
139.61,,,,,3.0,15.0,1.0,,,1.0
139.62,,,,,,10.0,,,,
139.63,1.0,,,,,,0.0,,,
139.64,,1.0,,,,8.0,,,1.0,
139.65,,,,,,5.0,,,,0.0
139.66,,0.0,1.0,,2.0,4.0,,,,
139.67,,,,1.0,,3.0,,,0.0,
139.68,,,0.0,,,0.0,,,,
139.69,0.0,,,0.0,1.0,,,,,
140.24,181.0,17.0,18.0,18.0,,18.0,10.0,16.0,18.0,16.0
140.25,211.0,18.0,22.0,21.0,,26.0,,20.0,21.0,18.0
140.26,209.0,,,20.0,,,,,,
140.27,,,,,,,,19.0,,
140.28,207.0,,,18.0,,,,,,17.0
140.29,204.0,,21.0,,,,,18.0,,16.0
140.3,,,,,,25.0,,,,
140.31,203.0,,20.0,17.0,,24.0,,,,
140.32,202.0,17.0,,,,,,,,
140.34,199.0,16.0,,,,,,,,15.0
140.35,198.0,,,16.0,,23.0,,17.0,19.0,
140.36,194.0,,,,,,,,,
140.37,,14.0,,,,,,,,
140.38,192.0,,18.0,,,,,,,
140.39,191.0,13.0,,,,,,,,
140.4,190.0,12.0,,,,22.0,,,18.0,
140.41,,,17.0,15.0,,,,,,
140.42,188.0,,,14.0,,20.0,,,,
140.43,187.0,11.0,,,,,,,,
140.44,186.0,,,,,,,16.0,,
140.45,183.0,,16.0,,,19.0,,,,14.0
140.46,181.0,,,,,,,,,
140.47,176.0,,,,,,,,,
140.48,172.0,10.0,,,,,,,,
140.49,170.0,,,,,,,,,
140.5,165.0,,,,,18.0,9.0,15.0,,
140.51,163.0,,15.0,,,,,,,
140.52,161.0,,14.0,13.0,,,,,,
140.53,160.0,9.0,,,,,,,17.0,
140.54,158.0,,,,,,,,,
140.55,157.0,,,,,,,14.0,,
140.56,153.0,,,,,,,13.0,,
140.57,151.0,,,,,,8.0,,,
140.59,149.0,,,,,,,,16.0,
140.6,146.0,,,12.0,,,,,,
140.61,142.0,,,,,,,12.0,,
140.62,140.0,,,,,,,,,
140.63,139.0,,,,,17.0,,,,
140.64,136.0,,13.0,11.0,,16.0,,11.0,,
140.65,133.0,,,,,,,,,
140.66,131.0,,12.0,,,,,,,13.0
140.67,129.0,,,,,,,,15.0,
140.68,127.0,,,10.0,,,,,,
140.69,124.0,,,,,15.0,,10.0,,
140.7,,,,9.0,,,,9.0,,
140.71,121.0,,,,,,,,,
140.72,119.0,,,,,,,,,
140.73,115.0,8.0,,8.0,,,,,,
140.74,113.0,,,,,,7.0,,,
140.75,109.0,,,7.0,,14.0,,,14.0,
140.76,107.0,,,,,12.0,,,,12.0
140.77,106.0,,11.0,,,,,,13.0,
140.78,102.0,,,,,,6.0,,,
140.79,100.0,,,,0.0,,,,12.0,
140.8,98.0,,,,,,,,,
140.81,97.0,,,,,11.0,,8.0,,11.0
140.82,,7.0,,,,,5.0,,11.0,
140.84,96.0,,,,,,,,,10.0
140.85,94.0,,,7.0,,,,,,
140.86,92.0,,,,,,,7.0,,9.0
140.87,90.0,,10.0,,,,,,,
140.88,89.0,,,6.0,,,,,,8.0
140.89,87.0,,,,,,,,,
140.9,85.0,,9.0,,,10.0,,,,
140.91,82.0,,,5.0,,,,,10.0,
140.92,80.0,,,,,,,,,
140.93,79.0,,,,,,,6.0,,
140.94,78.0,6.0,,,,,,,,
140.95,77.0,,7.0,,,9.0,,,,
140.96,75.0,,,4.0,,,,,,
140.97,73.0,,,,,,,,,
140.98,72.0,,,,,,,,9.0,
140.99,71.0,,,,,,,,,
141.0,70.0,5.0,6.0,,,,,,8.0,
141.01,68.0,,,,,,,,,
141.02,67.0,,,,,8.0,,,,
141.04,,4.0,,3.0,,,,,,
141.06,66.0,,,,,,,,,
141.07,64.0,,,,1.0,,,,9.0,
141.09,63.0,3.0,,,,,,,8.0,
141.1,61.0,,,,,,4.0,,,
141.12,,,,,,,,,,7.0
141.14,,,,2.0,,,,,,
141.16,60.0,,,,,,,,,
141.17,59.0,,,,,,,,,
141.18,58.0,,,,,,,,,
141.22,57.0,,,,,,,,,
141.24,,,,,,,,5.0,,
141.25,56.0,,,,,,,,,
141.26,55.0,,,,,,,,,6.0
141.27,54.0,,,,,,,,,
141.28,,,,,,,,4.0,,
141.3,53.0,,,,,7.0,,,,
141.31,51.0,,,,,,,,,
141.35,,,,,,,3.0,,,
141.4,50.0,,,,,,,,,
141.41,49.0,,,,,,,,,
141.42,,,,,,,,3.0,,
141.44,,,,,,,2.0,,,
141.47,48.0,,,,,,,,,
141.48,,,5.0,,,,,,,
141.5,,,4.0,,,,,,,
141.52,46.0,,,,,,,,,
141.53,45.0,,,,,,,,,
141.55,,,3.0,,,,,,,
141.57,44.0,,,,,,,,,
141.61,43.0,,,,,,,,7.0,
141.62,,,,,,,,,,5.0
141.66,,,,,,,,,6.0,
141.67,42.0,,,,,,,,,
141.68,41.0,,,,,,,,,
141.7,40.0,,,,,,,,,
141.72,,,,,,6.0,,,,
141.74,,,5.0,,,,,,5.0,
141.75,,,3.0,1.0,,5.0,,,,
141.77,38.0,,,,,,,,,
141.79,,,,0.0,,,,,,
141.8,37.0,,,,,,,,,
141.82,,,,,,4.0,,,,
141.84,36.0,,,,,,,,,
141.86,,,,,,,,,,4.0
141.87,,,,,,,,,4.0,
141.9,,8.0,8.0,45.0,8.0,8.0,4.0,9.0,8.0,12.0
141.91,35.0,24.0,19.0,214.0,37.0,35.0,17.0,20.0,22.0,19.0
141.92,,,,213.0,36.0,,,,,
141.93,,,,211.0,,,,,,
141.94,,,,206.0,35.0,,,,,18.0
141.95,,,,204.0,,34.0,,19.0,,
141.96,34.0,,,202.0,33.0,,,,,
141.97,33.0,,,198.0,,33.0,,,,
141.98,32.0,23.0,,196.0,,,,18.0,,
141.99,,,17.0,194.0,,,,,,
142.0,31.0,,,185.0,,30.0,,,,
142.01,30.0,,,184.0,32.0,,,,21.0,
142.02,,,,182.0,31.0,29.0,,,,
142.03,,,,181.0,30.0,,,,,
142.04,,,,179.0,,28.0,,,20.0,
142.05,29.0,,,175.0,,,,,,
142.06,,,,174.0,,,,,,
142.07,,,16.0,170.0,29.0,,,,,
142.09,28.0,,15.0,167.0,,,,,,
142.1,,,,165.0,,,16.0,,,17.0
142.11,,,,164.0,,27.0,,,,16.0
142.12,,,,162.0,,,,,,
142.13,,22.0,14.0,161.0,28.0,,,,,
142.14,,,,159.0,26.0,26.0,,17.0,,
142.15,,21.0,,,25.0,,,,19.0,
142.16,,,,158.0,,,,,,
142.17,27.0,20.0,,155.0,24.0,,,,18.0,
142.18,26.0,19.0,,,,,,,,
142.19,25.0,,,149.0,,,,,,
142.2,24.0,,13.0,,,25.0,,,,
142.21,,,,147.0,23.0,24.0,14.0,,17.0,
142.22,,,,145.0,,,,,,
142.23,,,,142.0,,,13.0,,16.0,
142.24,22.0,,,141.0,,,,,,
142.25,21.0,18.0,,136.0,22.0,,,16.0,14.0,
142.26,,,12.0,133.0,,,,,,
142.27,,,11.0,132.0,,,,,,
142.28,,17.0,,130.0,,,,,13.0,
142.29,,,,127.0,,,12.0,15.0,,
142.3,,,10.0,126.0,21.0,23.0,,14.0,,15.0
142.31,20.0,,,125.0,,22.0,,,,
142.32,19.0,,,122.0,,21.0,11.0,,,14.0
142.34,,,,,,,,13.0,,
142.35,18.0,,,120.0,,20.0,,,,
142.36,17.0,,9.0,118.0,,19.0,,12.0,,13.0
142.37,,,,117.0,,18.0,,,,
142.38,16.0,,,114.0,20.0,,,,12.0,12.0
142.39,,,,113.0,19.0,,,,,
142.4,15.0,16.0,,111.0,,,,,11.0,
142.41,,,,109.0,,17.0,,11.0,,
142.42,14.0,15.0,8.0,108.0,18.0,,10.0,,,
142.43,,,,107.0,,16.0,,,10.0,
142.44,,,,105.0,,,,,,11.0
142.45,,,7.0,103.0,,,,10.0,,
142.46,,,,101.0,,,8.0,9.0,,
142.47,,,,100.0,,,,,,
142.48,,,5.0,97.0,,,,,,
142.49,13.0,,,,,,,8.0,9.0,
142.5,,14.0,,95.0,16.0,14.0,7.0,7.0,8.0,
142.51,11.0,,,93.0,15.0,,,,,
142.52,,13.0,4.0,,,,,,7.0,
142.53,9.0,,,91.0,13.0,13.0,,,,
142.54,8.0,12.0,,89.0,,,6.0,,,10.0
142.55,,,3.0,85.0,,,,,,
142.56,6.0,,2.0,83.0,,11.0,,,,
142.57,,,,81.0,,9.0,,,,
142.59,5.0,,,77.0,,,,,,
142.6,,,,76.0,,,,,,
142.61,,,,74.0,,,,,,
142.62,,11.0,,68.0,,8.0,,,,
142.63,,,,66.0,12.0,,5.0,,,
142.64,,,,65.0,,,,,,
142.65,,,1.0,64.0,9.0,,4.0,,6.0,
142.66,4.0,,,62.0,,,,,,
142.67,,,,59.0,,,,,,
142.68,,,,57.0,8.0,7.0,,,,
142.69,3.0,,,54.0,,6.0,3.0,,,
142.7,,,,53.0,,5.0,,6.0,,8.0
142.71,,,,52.0,,,,,5.0,7.0
142.72,,10.0,,49.0,,,,,,
142.73,,9.0,,47.0,,,,,,
142.74,,,,43.0,,,,,5.0,6.0
142.75,2.0,,,41.0,,,,5.0,4.0,
142.76,1.0,8.0,,37.0,,,,,3.0,
142.77,0.0,,,34.0,,4.0,2.0,,,
142.78,,,0.0,33.0,,,1.0,,,
142.79,,,,32.0,,,,4.0,,
142.8,,,,27.0,5.0,,,,,5.0
142.81,,,,26.0,,,,,,
142.82,,,,25.0,,,,3.0,,
142.84,,7.0,,24.0,4.0,,,,,4.0
142.85,,6.0,,23.0,,,,,,
142.86,,,,20.0,,3.0,0.0,,,
142.87,,5.0,,18.0,,,,,,
142.88,,4.0,,17.0,,,,,,
142.89,,2.0,,16.0,3.0,,,,,
142.9,,,,15.0,,2.0,,,,3.0
142.91,,,,13.0,,,,2.0,2.0,
142.92,,,,12.0,,1.0,,1.0,,2.0
142.93,,1.0,,11.0,2.0,,,0.0,,
142.94,,,,10.0,,0.0,,,,
142.95,,,,9.0,,,,,,
142.96,,,,7.0,1.0,,,,1.0,0.0
142.97,,0.0,,6.0,,,,,,
142.98,,,,4.0,,,,,,
142.99,,,,0.0,0.0,,,,0.0,
143.07,,,,,,,,1.0,,
143.56,28.0,203.0,23.0,23.0,25.0,25.0,22.0,,16.0,29.0
143.57,,201.0,,21.0,,,,,,
143.59,,198.0,,20.0,24.0,,,,,
143.6,27.0,196.0,,19.0,,,,,,
143.61,,194.0,,,,24.0,,,,
143.62,,191.0,,,,,21.0,,15.0,
143.63,,,,18.0,22.0,,,,,
143.64,26.0,189.0,,,,,,,,
143.65,,188.0,,,,,,,,27.0
143.66,,187.0,22.0,,,23.0,20.0,,14.0,
143.67,,184.0,,17.0,,,,,13.0,
143.68,25.0,183.0,,,,22.0,,,,
143.69,,,,,,21.0,,,,
143.7,,182.0,,,21.0,19.0,,,,
143.71,,,,,,,19.0,,,
143.72,,181.0,,,19.0,,,,,25.0
143.73,,179.0,,,,18.0,,,12.0,23.0
143.74,,177.0,,,,,,,,
143.75,24.0,174.0,21.0,16.0,,16.0,,,,
143.76,23.0,171.0,,,,,,,,
143.77,,169.0,,,18.0,,18.0,,,
143.78,22.0,168.0,,,17.0,,,,11.0,
143.79,,167.0,,15.0,,,,,,
143.8,,165.0,20.0,,,,,,10.0,
143.81,21.0,164.0,,,,,17.0,,,
143.82,,,,,16.0,,16.0,,,
143.84,,162.0,,,,,15.0,,,
143.85,,,,14.0,15.0,,,,,22.0
143.86,,160.0,,,14.0,,,,,
143.87,20.0,156.0,,13.0,,,14.0,,,21.0
143.88,,155.0,,12.0,,15.0,,,,20.0
143.89,,154.0,,,,,13.0,,,
143.9,,153.0,19.0,,,,,,,
143.91,,150.0,,,13.0,,12.0,,9.0,
143.92,,148.0,,,,,,,,
143.93,,147.0,18.0,,,,11.0,,,
143.94,,142.0,,11.0,,,,,,
143.95,19.0,141.0,,10.0,,,,,8.0,
143.96,,138.0,,,,,10.0,,,
143.97,,,,,,,,,,18.0
143.98,,137.0,15.0,,12.0,,9.0,,,
143.99,,136.0,,,,,,,,
144.0,18.0,133.0,,9.0,11.0,14.0,,,,
144.01,,129.0,14.0,8.0,,,,,,
144.02,,126.0,,7.0,,,,,,
144.03,17.0,125.0,,,,,,,,
144.04,16.0,122.0,,,,,,,7.0,
144.05,,120.0,,,,,,,,
144.06,,117.0,,,,,,,,
144.07,,114.0,,,,,,,,
144.09,,111.0,,,10.0,,,,,
144.1,,110.0,13.0,,,,,,,17.0
144.11,,107.0,,,,,,,,
144.12,,105.0,,,9.0,,,,6.0,
144.13,,104.0,,,7.0,,,,,
144.14,,101.0,,,6.0,,,,,
144.15,,100.0,,,,13.0,,,,16.0
144.16,,98.0,12.0,,5.0,,,,,
144.17,,97.0,,,,12.0,,,,
144.18,,95.0,,,4.0,,,,,15.0
144.19,15.0,,,,,,,,5.0,
144.2,14.0,,,,,11.0,,,,14.0
144.21,13.0,93.0,11.0,,,,,,,13.0
144.22,,90.0,,,,,,,,
144.23,12.0,,,6.0,,,7.0,,,
144.24,11.0,86.0,,,,,,,,12.0
144.25,9.0,81.0,,,,,,,,
144.26,8.0,80.0,,,,,,,4.0,
144.27,,78.0,,,,10.0,,,,
144.28,,76.0,,,3.0,9.0,,,,
144.29,,74.0,,,,,,,,
144.3,7.0,73.0,,,,,,,,11.0
144.31,,72.0,,5.0,,,,,3.0,
144.32,,69.0,,,,,,,,10.0
144.34,6.0,66.0,10.0,4.0,,,,0.0,,9.0
144.35,,65.0,,,,,,,2.0,
144.36,,63.0,9.0,,,,6.0,,,
144.37,5.0,61.0,,,,,,,1.0,
144.38,,60.0,,,,,5.0,,,
144.39,,57.0,8.0,,,,4.0,,,
144.4,3.0,55.0,,,,,,,,8.0
144.41,,,7.0,,,,3.0,,,7.0
144.42,2.0,54.0,,,,,,,,
144.43,,51.0,,,,8.0,,,,
144.44,,50.0,6.0,,,6.0,,,,
144.46,,46.0,,,,5.0,,,,6.0
144.47,,42.0,5.0,,,,,,,
144.48,,41.0,,,,,,,0.0,
144.49,,39.0,,,,,,,,
144.5,,35.0,4.0,,,,,,,5.0
144.51,,33.0,3.0,,,,,,,4.0
144.52,,31.0,,3.0,2.0,,,,,
144.53,,30.0,,,1.0,4.0,2.0,,,3.0
144.54,,29.0,,2.0,,,,,,
144.55,,28.0,2.0,,,,,,,
144.56,,26.0,,,,3.0,,,,
144.57,1.0,25.0,1.0,,,,,,,
144.59,,22.0,,,,,1.0,,,
144.6,,,,1.0,,2.0,,,2.0,
144.61,,19.0,,,,,,,1.0,2.0
144.62,,17.0,,,,,,,,
144.63,0.0,14.0,,,,,,,,
144.64,,12.0,0.0,,0.0,,,,,
144.65,,10.0,,,,,,,,
144.66,,8.0,,,,1.0,0.0,,,
144.67,,6.0,,,,,,,,
144.68,,1.0,,0.0,,,,,,1.0
144.69,,0.0,,,,0.0,,,,0.0
146.36,,,1.0,,,,,,,
146.9,,,,,,,,,0.0,
147.1,1.0,,,,,,,,,
147.11,15.0,10.0,7.0,16.0,16.0,,3.0,2.0,8.0,128.0
147.12,22.0,26.0,25.0,26.0,27.0,,10.0,10.0,10.0,223.0
147.13,,,,,,,,,9.0,222.0
147.14,,,,,,,,9.0,,220.0
147.15,,,24.0,,,,,8.0,,218.0
147.16,,25.0,,,,,,,,
147.17,,24.0,23.0,,,,,,,214.0
147.18,,,,25.0,,,,,,212.0
147.19,21.0,,,,,,,,,209.0
147.2,,,,24.0,26.0,,,,,205.0
147.21,,,22.0,,,,,,,204.0
147.22,,,,,,,,,,200.0
147.23,20.0,,,,,,,,,198.0
147.24,,23.0,21.0,,25.0,,,,,196.0
147.25,19.0,,,,23.0,,,,8.0,191.0
147.26,,,,,22.0,,,,,188.0
147.27,18.0,,,,,,,,7.0,
147.28,,,,,21.0,,,,,185.0
147.29,17.0,,,,,,,,,184.0
147.3,,22.0,,,,,,7.0,,180.0
147.31,,,,23.0,,,,,,179.0
147.32,,,19.0,,,,8.0,,,176.0
147.34,,,,,,,,,,174.0
147.35,16.0,,,,,,7.0,,,169.0
147.36,,,,,,,,,,168.0
147.37,,21.0,,,,,,,,167.0
147.38,,19.0,,,,,6.0,,,163.0
147.39,,18.0,,22.0,,,,,,160.0
147.4,15.0,,,21.0,,,,,,
147.41,,,,20.0,,,,,,159.0
147.42,,,,19.0,,,,,,157.0
147.43,,17.0,,,20.0,,,,,156.0
147.44,,16.0,18.0,,,,,,6.0,
147.45,,,,,19.0,,,,,152.0
147.46,,15.0,,,18.0,,,,,151.0
147.47,14.0,,,,,,5.0,,,149.0
147.48,,,,,,,,,,148.0
147.49,13.0,14.0,,,,,,,,145.0
147.5,,,,17.0,,,,,,141.0
147.51,12.0,,,,,,,,,137.0
147.52,,,,,,,,,,134.0
147.53,,,,,,,,,,132.0
147.54,11.0,12.0,,,,,,6.0,,131.0
147.55,,,,,17.0,,,,,130.0
147.56,10.0,,,,,,,,,129.0
147.57,,,17.0,16.0,,,4.0,5.0,,127.0
147.59,,,,,,,,,,126.0
147.6,9.0,,,,,,,,,124.0
147.61,,11.0,,,,,,,,119.0
147.62,,,,,,,3.0,,,118.0
147.63,,,,,,,,,5.0,117.0
147.64,,,,15.0,16.0,,,,4.0,115.0
147.65,,,,,,,,,,114.0
147.66,,10.0,16.0,,,,,4.0,,112.0
147.67,,,,14.0,,,,3.0,,
147.68,8.0,,,,,,,,,108.0
147.69,,9.0,15.0,,,,,,,104.0
147.7,,,,,,,2.0,,,103.0
147.71,,,14.0,,,,,,,100.0
147.73,,8.0,13.0,,,,,,,97.0
147.74,,,,13.0,15.0,,,,,94.0
147.75,,7.0,12.0,12.0,14.0,,,,,91.0
147.76,7.0,,,,13.0,,,,,89.0
147.77,,,,,12.0,,,,,88.0
147.78,6.0,,,,,,,,,83.0
147.79,,6.0,,,,,,,,
147.8,,,,,,,,2.0,,80.0
147.81,,,,11.0,,,,,,79.0
147.82,,,11.0,,,,,,,76.0
147.84,5.0,,10.0,,11.0,,,,,74.0
147.85,,,,,,,,,,73.0
147.86,,,,,,,,,2.0,71.0
147.87,,,,,,,,,,70.0
147.88,,,,9.0,,,,,,69.0
147.89,,,,,10.0,,,,,64.0
147.9,,,,,,,,,,62.0
147.91,,5.0,9.0,8.0,,,,,,58.0
147.92,3.0,,,,9.0,,,,,
147.93,,,,,,,,,,54.0
147.94,,,,7.0,8.0,,,,,52.0
147.95,,,,,,,,,1.0,49.0
147.96,,4.0,,,,,,,,45.0
147.97,,,,,,,,,,44.0
147.98,,3.0,,5.0,,,,,,43.0
147.99,,,8.0,,,,1.0,,,40.0
148.0,,,6.0,4.0,7.0,,,,0.0,37.0
148.01,,,,,,,,,,34.0
148.03,2.0,,,,,,,1.0,,30.0
148.04,,1.0,,,,,,,,27.0
148.05,,,,3.0,,,,,,25.0
148.06,,,,2.0,,,,,,24.0
148.07,,0.0,,1.0,6.0,,,,,
148.09,,,5.0,,5.0,,0.0,0.0,,21.0
148.11,,,,,4.0,,,,,19.0
148.12,,,,,,,,,,18.0
148.13,1.0,,,,2.0,,,,,15.0
148.14,,,,0.0,0.0,,,,,13.0
148.15,,,4.0,,,,,,,10.0
148.16,,,1.0,,,,,,,7.0
148.17,,,,,,,,,,6.0
148.18,,,0.0,,,,,,,0.0
148.55,,,,,,,1.0,0.0,,
148.56,,,,,,,0.0,,,
149.55,,,,,,,,1.0,,
149.61,1.0,,,,,,,,,
149.69,0.0,,,,,,,,,
149.95,,,1.0,,,,,,,
149.96,,,0.0,,,,,,,
151.41,,,,,,,,0.0,,
151.49,,,,,,,1.0,1.0,,
151.5,,,,,,,0.0,,,
151.63,,,,,,2.0,,,,
151.64,,,,,,1.0,,,,
153.43,,,,,,,,0.0,,
153.5,,,,,,,,1.0,,
154.1,,,,,,0.0,,,,
154.82,,,,,,,,0.0,,
