Global Index,Retrieval Time,Task ID,Task Try ID
1,0.01,1,1
2,0.01,2,1
3,0.01,3,1
4,0.01,4,1
5,0.01,5,1
6,0.01,6,1
7,0.01,7,1
8,0.01,8,1
9,0.01,9,1
10,0.01,10,1
11,0.01,11,1
12,0.01,12,1
13,0.01,13,1
14,0.01,14,1
15,0.01,15,1
16,0.01,16,1
17,0.01,17,1
18,0.01,18,1
19,0.01,19,1
20,0.01,20,1
21,0.01,21,1
22,0.01,22,1
23,0.01,23,1
24,0.01,24,1
25,0.01,25,1
26,0.01,26,1
27,0.01,27,1
28,0.01,28,1
29,0.01,29,1
30,0.01,30,1
31,0.01,31,1
32,0.01,32,1
33,0.01,33,1
34,0.01,34,1
35,0.01,35,1
36,0.01,36,1
37,0.01,37,1
38,0.01,38,1
39,0.01,39,1
40,0.01,40,1
41,0.01,41,1
42,0.01,42,1
43,0.01,43,1
44,0.01,44,1
45,0.01,45,1
46,0.01,46,1
47,0.01,47,1
48,0.01,48,1
49,0.01,49,1
50,0.01,50,1
51,0.01,51,1
52,0.01,52,1
53,0.01,53,1
54,0.01,54,1
55,0.01,55,1
56,0.01,56,1
57,0.01,57,1
58,0.01,58,1
59,0.01,59,1
60,0.01,60,1
61,0.01,61,1
62,0.01,62,1
63,0.01,63,1
64,0.01,64,1
65,0.01,65,1
66,0.01,66,1
67,0.01,67,1
68,0.01,68,1
69,0.01,69,1
70,0.01,70,1
71,0.01,71,1
72,0.01,72,1
73,0.01,73,1
74,0.01,74,1
75,0.01,75,1
76,0.01,76,1
77,0.01,77,1
78,0.01,78,1
79,0.01,79,1
80,0.01,80,1
81,0.01,81,1
82,0.01,82,1
83,0.01,83,1
84,0.01,84,1
85,0.01,85,1
86,0.01,86,1
87,0.01,87,1
88,0.01,88,1
89,0.01,89,1
90,0.01,90,1
91,0.01,91,1
92,0.01,92,1
93,0.01,93,1
94,0.01,94,1
95,0.01,95,1
96,0.01,96,1
97,0.01,97,1
98,0.01,98,1
99,0.01,99,1
100,0.01,100,1
101,0.01,101,1
102,0.01,102,1
103,0.01,103,1
104,0.01,104,1
105,0.01,105,1
106,0.01,106,1
107,0.01,107,1
108,0.01,108,1
109,0.01,109,1
110,0.01,110,1
111,0.01,111,1
112,0.01,112,1
113,0.01,113,1
114,0.01,114,1
115,0.01,115,1
116,0.01,116,1
117,0.01,117,1
118,0.01,118,1
119,0.01,119,1
120,0.01,120,1
121,0.01,121,1
122,0.01,122,1
123,0.01,123,1
124,0.01,124,1
125,0.01,125,1
126,0.01,126,1
127,0.01,127,1
128,0.01,128,1
129,0.01,129,1
130,0.01,130,1
131,0.01,131,1
132,0.01,132,1
133,0.01,133,1
134,0.01,134,1
135,0.01,135,1
136,0.01,136,1
137,0.01,137,1
138,0.01,138,1
139,0.01,139,1
140,0.01,140,1
141,0.01,141,1
142,0.01,142,1
143,0.01,143,1
144,0.01,144,1
145,0.01,145,1
146,0.01,146,1
147,0.01,147,1
148,0.01,148,1
149,0.01,149,1
150,0.01,150,1
151,0.01,151,1
152,0.01,152,1
153,0.01,153,1
154,0.01,154,1
155,0.01,155,1
156,0.01,156,1
157,0.01,157,1
158,0.01,158,1
159,0.01,159,1
160,0.01,160,1
161,0.01,161,1
162,0.01,162,1
163,0.01,163,1
164,0.01,164,1
165,0.01,165,1
166,0.01,166,1
167,0.01,167,1
168,0.01,168,1
169,0.01,169,1
170,0.01,170,1
171,0.01,171,1
172,0.01,172,1
173,0.01,173,1
174,0.01,174,1
175,0.01,175,1
176,0.01,176,1
177,0.01,177,1
178,0.01,178,1
179,0.01,179,1
180,0.01,180,1
181,0.01,181,1
182,0.01,182,1
183,0.01,183,1
184,0.01,184,1
185,0.01,185,1
186,0.01,186,1
187,0.01,187,1
188,0.01,188,1
189,0.01,189,1
190,0.01,190,1
191,0.01,191,1
192,0.01,192,1
193,0.01,193,1
194,0.01,194,1
195,0.01,195,1
196,0.01,196,1
197,0.01,197,1
198,0.01,198,1
199,0.01,199,1
200,0.01,200,1
201,0.01,201,1
202,0.01,202,1
203,0.01,203,1
204,0.01,204,1
205,0.01,205,1
206,0.01,206,1
207,0.01,207,1
208,0.01,208,1
209,0.01,209,1
210,0.01,210,1
211,0.01,211,1
212,0.01,212,1
213,0.01,213,1
214,0.01,214,1
215,0.01,215,1
216,0.01,216,1
217,0.01,217,1
218,0.01,218,1
219,0.01,219,1
220,0.01,220,1
221,0.01,221,1
222,0.01,222,1
223,0.01,223,1
224,0.01,224,1
225,1.4099999999999966,225,1
226,0.01,226,1
227,0.01,227,1
228,0.01,228,1
229,0.01,229,1
230,0.01,230,1
231,0.01,231,1
232,0.01,232,1
233,0.01,233,1
234,0.01,234,1
235,0.01,235,1
236,0.01,236,1
237,0.01,237,1
238,0.01,238,1
239,0.010000000000001563,239,1
240,0.01,240,1
241,0.01,241,1
242,0.01,242,1
243,0.01,243,1
244,0.01,244,1
245,0.01,245,1
246,0.01,246,1
247,0.01,247,1
248,0.01,248,1
249,0.01,249,1
250,0.01,250,1
251,0.01,251,1
252,0.01,252,1
253,0.01,253,1
254,0.01,254,1
255,0.01,255,1
256,0.01,256,1
257,0.01,257,1
258,0.01,258,1
259,0.01,259,1
260,0.01,260,1
261,0.01,261,1
262,0.01,262,1
263,0.01,263,1
264,0.01,264,1
265,0.01,265,1
266,0.01,266,1
267,0.01,267,1
268,0.01,268,1
269,0.01,269,1
270,0.01,270,1
271,0.01,271,1
272,0.01,272,1
273,0.01,273,1
274,0.01,274,1
275,0.01,275,1
276,0.01,276,1
277,0.01,277,1
278,0.01,278,1
279,0.01,279,1
280,0.01,280,1
281,0.01,281,1
282,0.01,282,1
283,0.01,283,1
284,0.01,284,1
285,0.01,285,1
286,0.01,286,1
287,0.01,287,1
288,0.01,288,1
289,0.01,289,1
290,0.01,290,1
291,0.01,291,1
292,0.01,292,1
293,0.01,293,1
294,0.01,294,1
295,0.01,295,1
296,0.01,296,1
297,0.01,297,1
298,0.01,298,1
299,0.01,299,1
300,0.01,300,1
301,0.01,301,1
302,0.01,302,1
303,0.01,303,1
304,0.01,304,1
305,0.01,305,1
306,0.01,306,1
307,0.01,307,1
308,0.01,308,1
309,0.01,309,1
310,0.01,310,1
311,0.01,311,1
312,0.01,312,1
313,0.01,313,1
314,0.01,314,1
315,0.01,315,1
316,0.01,316,1
317,0.01,317,1
318,0.01,318,1
319,0.01,319,1
320,0.01,320,1
321,0.01,321,1
322,0.01,322,1
323,0.01,323,1
324,0.01,324,1
325,0.01,325,1
326,0.01,326,1
327,0.01,327,1
328,0.01,328,1
329,0.01,329,1
330,0.01,330,1
331,0.01,331,1
332,0.01,332,1
333,0.01,333,1
334,0.01,334,1
335,0.01,335,1
336,0.01,336,1
337,0.01,337,1
338,0.01,338,1
339,0.01,339,1
340,0.01,340,1
341,0.01,341,1
342,0.01,342,1
343,0.01,343,1
344,0.01,344,1
345,0.01,345,1
346,0.01,346,1
347,0.01,347,1
348,0.01,348,1
349,0.01,349,1
350,0.01,350,1
351,0.01,351,1
352,0.01,352,1
353,0.01,353,1
354,0.01,354,1
355,0.01,355,1
356,0.01,356,1
357,0.01,357,1
358,0.01,358,1
359,0.01,359,1
360,0.01,360,1
361,0.01,361,1
362,0.01,362,1
363,0.01,363,1
364,0.01,364,1
365,0.01,365,1
366,0.01,366,1
367,0.01,367,1
368,0.01,368,1
369,0.01,369,1
370,0.01,370,1
371,0.01,371,1
372,0.01,372,1
373,0.01,373,1
374,0.01,374,1
375,0.01,375,1
376,0.01,376,1
377,0.01,377,1
378,0.01,378,1
379,0.01,379,1
380,0.01,380,1
381,0.01,381,1
382,0.01,382,1
383,0.01,383,1
384,0.01,384,1
385,0.01,385,1
386,0.01,386,1
387,0.01,387,1
388,0.01,388,1
389,0.01,389,1
390,0.01,390,1
391,0.01,391,1
392,0.01,392,1
393,0.01,393,1
394,0.01,394,1
395,0.01,395,1
396,0.01,396,1
397,0.01,397,1
398,0.01,398,1
399,0.01,399,1
400,0.01,400,1
401,0.01,401,1
402,0.01,402,1
403,0.01,403,1
404,0.01,404,1
405,0.01,405,1
406,0.01,406,1
407,0.01,407,1
408,0.01,408,1
409,0.01,409,1
410,0.01,410,1
411,0.01,411,1
412,0.01,412,1
413,0.01,413,1
414,0.01,414,1
415,0.01,415,1
416,0.01,416,1
417,0.01,417,1
418,0.01,418,1
419,0.01,419,1
420,0.01,420,1
421,0.01,421,1
422,0.01,422,1
423,0.01,423,1
424,0.01,424,1
425,0.01,425,1
426,0.01,426,1
427,0.01,427,1
428,0.01,428,1
429,0.01,429,1
430,0.01,430,1
431,0.01,431,1
432,0.01,432,1
433,0.01,433,1
434,0.01,434,1
435,0.01,435,1
436,0.01,436,1
437,0.01,437,1
438,0.01,438,1
439,0.01,439,1
440,0.01,440,1
441,0.01,441,1
442,0.01,442,1
443,0.01,443,1
444,0.01,444,1
445,0.01,445,1
446,0.01,446,1
447,0.01,447,1
448,0.01,448,1
449,0.01,449,1
450,2.289999999999992,450,1
451,0.01,451,1
452,0.01,452,1
453,0.01,453,1
454,0.01,454,1
455,0.01,455,1
456,0.01,456,1
457,0.01,457,1
458,0.01,458,1
459,0.01,459,1
460,0.01,460,1
461,0.01,461,1
462,0.01,462,1
463,0.01,463,1
464,0.01,464,1
465,0.01,465,1
466,0.01,466,1
467,0.01,467,1
468,0.01,468,1
469,0.01,469,1
470,0.01,470,1
471,0.01,471,1
472,0.01,472,1
473,0.01,473,1
474,0.01,474,1
475,0.01,475,1
476,0.01,476,1
477,0.01,477,1
478,0.01,478,1
479,0.01,479,1
480,0.01,480,1
481,0.01,481,1
482,0.01,482,1
483,0.01,483,1
484,0.01,484,1
485,0.01,485,1
486,0.01,486,1
487,0.01,487,1
488,0.01,488,1
489,0.01,489,1
490,0.01,490,1
491,0.01,491,1
492,0.01,492,1
493,0.01,493,1
494,0.01,494,1
495,0.01,495,1
496,0.01,496,1
497,0.01,497,1
498,0.01,498,1
499,0.01,499,1
500,0.01,500,1
501,0.01,501,1
502,0.01,502,1
503,0.01,503,1
504,0.01,504,1
505,0.01,505,1
506,0.01,506,1
507,0.01,507,1
508,0.01,508,1
509,0.01,509,1
510,0.01,510,1
511,0.01,511,1
512,0.01,512,1
513,0.01,513,1
514,0.01,514,1
515,0.01,515,1
516,0.01,516,1
517,0.01,517,1
518,0.01,518,1
519,0.01,519,1
520,0.01,520,1
521,0.01,521,1
522,0.01,522,1
523,0.01,523,1
524,0.01,524,1
525,0.01,525,1
526,0.01,526,1
527,0.01,527,1
528,0.01,528,1
529,0.01,529,1
530,0.01,530,1
531,0.01,531,1
532,0.01,532,1
533,0.01,533,1
534,0.01,534,1
535,0.01,535,1
536,0.01,536,1
537,0.01,537,1
538,0.01,538,1
539,0.01,539,1
540,0.01,540,1
541,0.01,541,1
542,0.01,542,1
543,0.01,543,1
544,0.01,544,1
545,0.01,545,1
546,0.01,546,1
547,0.01,547,1
548,0.01,548,1
549,0.01,549,1
550,0.01,550,1
551,0.01,551,1
552,0.01,552,1
553,0.01,553,1
554,0.01,554,1
555,0.01,555,1
556,0.01,556,1
557,0.01,557,1
558,0.01,558,1
559,0.01,559,1
560,0.01,560,1
561,0.01,561,1
562,0.01,562,1
563,0.01,563,1
564,0.01,564,1
565,0.01,565,1
566,0.01,566,1
567,0.01,567,1
568,0.01,568,1
569,0.01,569,1
570,0.01,570,1
571,0.01,571,1
572,0.01,572,1
573,0.01,573,1
574,0.01,574,1
575,0.01,575,1
576,0.01,576,1
577,0.01,577,1
578,0.01,578,1
579,0.01,579,1
580,0.01,580,1
581,0.01,581,1
582,0.01,582,1
583,0.01,583,1
584,0.01,584,1
585,0.01,585,1
586,0.01,586,1
587,0.01,587,1
588,0.01,588,1
589,0.01,589,1
590,0.01,590,1
591,0.01,591,1
592,0.01,592,1
593,0.01,593,1
594,0.01,594,1
595,0.01,595,1
596,0.01,596,1
597,0.01,597,1
598,0.01,598,1
599,0.01,599,1
600,0.01,600,1
601,0.01,601,1
602,0.01,602,1
603,0.01,603,1
604,0.01,604,1
605,0.01,605,1
606,0.01,606,1
607,0.01,607,1
608,0.01,608,1
609,0.01,609,1
610,0.01,610,1
611,0.01,611,1
612,0.01,612,1
613,0.01,613,1
614,0.01,614,1
615,0.01,615,1
616,0.01,616,1
617,0.01,617,1
618,0.01,618,1
619,0.01,619,1
620,0.01,620,1
621,0.01,621,1
622,0.01,622,1
623,0.01,623,1
624,0.01,624,1
625,0.01,625,1
626,0.01,626,1
627,0.01,627,1
628,0.01,628,1
629,0.01,629,1
630,0.01,630,1
631,0.01,631,1
632,0.01,632,1
633,0.01,633,1
634,0.01,634,1
635,0.01,635,1
636,0.01,636,1
637,0.01,637,1
638,0.01,638,1
639,0.01,639,1
640,0.01,640,1
641,0.01,641,1
642,0.01,642,1
643,0.01,643,1
644,0.01,644,1
645,0.01,645,1
646,0.01,646,1
647,0.01,647,1
648,0.01,648,1
649,0.01,649,1
650,0.01,650,1
651,0.01,651,1
652,0.01,652,1
653,0.01,653,1
654,0.01,654,1
655,0.01,655,1
656,0.01,656,1
657,0.01,657,1
658,0.01,658,1
659,0.01,659,1
660,0.01,660,1
661,0.01,661,1
662,0.01,662,1
663,0.01,663,1
664,0.01,664,1
665,0.01,665,1
666,0.01,666,1
667,0.01,667,1
668,0.01,668,1
669,0.01,669,1
670,0.01,670,1
671,0.01,671,1
672,0.01,672,1
673,0.01,673,1
674,0.01,674,1
675,1.0899999999999963,675,1
676,0.01,676,1
677,0.01,677,1
678,0.01,678,1
679,0.01,679,1
680,0.01,680,1
681,0.01,681,1
682,0.01,682,1
683,0.01,683,1
684,0.01,684,1
685,0.01,685,1
686,0.01,686,1
687,0.01,687,1
688,0.01,688,1
689,0.01,689,1
690,0.01,690,1
691,0.01,691,1
692,0.01,692,1
693,0.01,693,1
694,0.01,694,1
695,0.01,695,1
696,0.01,696,1
697,0.01,697,1
698,0.01,698,1
699,0.01,699,1
700,0.01,700,1
701,0.01,701,1
702,0.01,702,1
703,0.01,703,1
704,0.01,704,1
705,0.01,705,1
706,0.01,706,1
707,0.01,707,1
708,0.01,708,1
709,0.01,709,1
710,0.01,710,1
711,0.01,711,1
712,0.01,712,1
713,0.01,713,1
714,0.01,714,1
715,0.01,715,1
716,0.01,716,1
717,0.01,717,1
718,0.01,718,1
719,0.01,719,1
720,0.01,720,1
721,0.01,721,1
722,0.01,722,1
723,0.01,723,1
724,0.01,724,1
725,0.01,725,1
726,0.01,726,1
727,0.01,727,1
728,0.01,728,1
729,0.01,729,1
730,0.01,730,1
731,0.01,731,1
732,0.01,732,1
733,0.01,733,1
734,0.01,734,1
735,0.01,735,1
736,0.01,736,1
737,0.01,737,1
738,0.01,738,1
739,0.01,739,1
740,0.01,740,1
741,0.01,741,1
742,0.01,742,1
743,0.01,743,1
744,0.01,744,1
745,0.01,745,1
746,0.01,746,1
747,0.01,747,1
748,0.01,748,1
749,0.01,749,1
750,0.01,750,1
751,0.01,751,1
752,0.01,752,1
753,0.01,753,1
754,0.01,754,1
755,0.01,755,1
756,0.01,756,1
757,0.01,757,1
758,0.01,758,1
759,0.01,759,1
760,0.01,760,1
761,0.01,761,1
762,0.01,762,1
763,0.01,763,1
764,0.01,764,1
765,0.01,765,1
766,0.01,766,1
767,0.01,767,1
768,0.01,768,1
769,0.01,769,1
770,0.01,770,1
771,0.01,771,1
772,0.01,772,1
773,0.01,773,1
774,0.01,774,1
775,0.01,775,1
776,0.01,776,1
777,0.01,777,1
778,0.01,778,1
779,0.01,779,1
780,0.01,780,1
781,0.01,781,1
782,0.01,782,1
783,0.01,783,1
784,0.01,784,1
785,0.01,785,1
786,0.01,786,1
787,0.01,787,1
788,0.01,788,1
789,0.01,789,1
790,0.01,790,1
791,0.01,791,1
792,0.01,792,1
793,0.01,793,1
794,0.01,794,1
795,0.01,795,1
796,0.01,796,1
797,0.01,797,1
798,0.01,798,1
799,0.01,799,1
800,0.01,800,1
801,0.01,801,1
802,0.01,802,1
803,0.01,803,1
804,0.01,804,1
805,0.01,805,1
806,0.01,806,1
807,0.01,807,1
808,0.01,808,1
809,0.01,809,1
810,0.01,810,1
811,0.01,811,1
812,0.01,812,1
813,0.01,813,1
814,0.01,814,1
815,0.01,815,1
816,0.01,816,1
817,0.01,817,1
818,0.01,818,1
819,0.01,819,1
820,0.01,820,1
821,0.01,821,1
822,0.01,822,1
823,0.01,823,1
824,0.01,824,1
825,0.01,825,1
826,0.01,826,1
827,0.01,827,1
828,0.01,828,1
829,0.01,829,1
830,0.01,830,1
831,0.01,831,1
832,0.01,832,1
833,0.01,833,1
834,0.01,834,1
835,0.01,835,1
836,0.01,836,1
837,0.01,837,1
838,0.01,838,1
839,0.01,839,1
840,0.01,840,1
841,0.01,841,1
842,0.01,842,1
843,0.01,843,1
844,0.01,844,1
845,0.010000000000005116,845,1
846,0.01,846,1
847,0.01,847,1
848,0.01,848,1
849,0.01,849,1
850,0.01,850,1
851,0.01,851,1
852,0.010000000000005116,852,1
853,0.01,853,1
854,0.01,854,1
855,0.01,855,1
856,0.01,856,1
857,0.01,857,1
858,0.01,858,1
859,0.010000000000005116,859,1
860,0.01,860,1
861,0.01,861,1
862,0.01,862,1
863,0.01,863,1
864,0.01,864,1
865,0.01,865,1
866,0.01,866,1
867,0.01,867,1
868,0.01,868,1
869,0.01,869,1
870,0.01,870,1
871,0.01,871,1
872,0.01,872,1
873,0.01,873,1
874,0.01,874,1
875,0.01,875,1
876,0.01,876,1
877,0.01,877,1
878,0.01,878,1
879,0.01,879,1
880,0.01,880,1
881,0.01,881,1
882,0.01,882,1
883,0.01,883,1
884,0.01,884,1
885,0.01,885,1
886,2.289999999999992,886,1
887,0.01,887,1
888,0.01,888,1
889,0.01,889,1
890,0.01,890,1
891,0.01,891,1
892,0.01,892,1
893,0.01,893,1
894,0.01,894,1
895,0.01,895,1
896,0.01,896,1
897,0.01,897,1
898,0.01,898,1
899,0.01,899,1
900,1.0699999999999932,900,1
901,0.01,901,1
902,0.01,902,1
903,0.01,903,1
904,0.01,904,1
905,0.01,905,1
906,0.01,906,1
907,0.01,907,1
908,0.01,908,1
909,0.01,909,1
910,0.01,910,1
911,0.01,911,1
912,0.01,912,1
913,0.01,913,1
914,0.01,914,1
915,0.01,915,1
916,0.01,916,1
917,0.01,917,1
918,0.01,918,1
919,0.01,919,1
920,0.01,920,1
921,0.01,921,1
922,0.01,922,1
923,0.01,923,1
924,0.01,924,1
925,0.01,925,1
926,0.01,926,1
927,0.01,927,1
928,0.01,928,1
929,0.01,929,1
930,0.01,930,1
931,0.01,931,1
932,0.01,932,1
933,0.01,933,1
934,0.01,934,1
935,0.01,935,1
936,0.01,936,1
937,0.01,937,1
938,0.01,938,1
939,0.01,939,1
940,0.01,940,1
941,0.01,941,1
942,0.01,942,1
943,0.01,943,1
944,0.01,944,1
945,0.01,945,1
946,0.01,946,1
947,0.01,947,1
948,0.01,948,1
949,0.01,949,1
950,0.01,950,1
951,0.01,951,1
952,0.01,952,1
953,0.01,953,1
954,0.01,954,1
955,0.01,955,1
956,0.01,956,1
957,0.01,957,1
958,0.01,958,1
959,0.01,959,1
960,0.01,960,1
961,0.01,961,1
962,0.01,962,1
963,0.01,963,1
964,0.01,964,1
965,0.01,965,1
966,0.01,966,1
967,0.01,967,1
968,0.01,968,1
969,0.01,969,1
970,0.01,970,1
971,0.01,971,1
972,0.01,972,1
973,0.01,973,1
974,0.01,974,1
975,0.01,975,1
976,0.01,976,1
977,0.01,977,1
978,0.01,978,1
979,0.01,979,1
980,0.01,980,1
981,0.01,981,1
982,0.01,982,1
983,0.01,983,1
984,0.01,984,1
985,0.01,985,1
986,0.01,986,1
987,0.01,987,1
988,0.01,988,1
989,0.01,989,1
990,0.01,990,1
991,0.01,991,1
992,0.01,992,1
993,0.01,993,1
994,0.01,994,1
995,0.01,995,1
996,0.01,996,1
997,0.01,997,1
998,0.01,998,1
999,0.01,999,1
1000,0.01,1000,1
1001,0.01,1001,1
1002,0.01,1002,1
1003,0.01,1003,1
1004,0.01,1004,1
1005,0.01,1005,1
1006,0.01,1006,1
1007,0.01,1007,1
1008,0.01,1008,1
1009,0.01,1009,1
1010,0.01,1010,1
1011,0.01,1011,1
1012,0.01,1012,1
1013,0.01,1013,1
1014,0.01,1014,1
1015,0.01,1015,1
1016,0.01,1016,1
1017,0.01,1017,1
1018,0.01,1018,1
1019,0.01,1019,1
1020,0.01,1020,1
1021,0.01,1021,1
1022,0.01,1022,1
1023,0.01,1023,1
1024,0.01,1024,1
1025,0.01,1025,1
1026,0.01,1026,1
1027,0.01,1027,1
1028,0.01,1028,1
1029,0.01,1029,1
1030,0.01,1030,1
1031,0.01,1031,1
1032,0.01,1032,1
1033,0.01,1033,1
1034,0.01,1034,1
1035,0.01,1035,1
1036,0.01,1036,1
1037,0.01,1037,1
1038,0.01,1038,1
1039,0.01,1039,1
1040,0.01,1040,1
1041,0.01,1041,1
1042,0.01,1042,1
1043,0.01,1043,1
1044,0.01,1044,1
1045,0.01,1045,1
1046,0.01,1046,1
1047,0.01,1047,1
1048,0.01,1048,1
1049,0.01,1049,1
1050,0.01,1050,1
1051,0.01,1051,1
1052,0.01,1052,1
1053,0.01,1053,1
1054,0.01,1054,1
1055,0.01,1055,1
1056,0.01,1056,1
1057,0.01,1057,1
1058,0.01,1058,1
1059,0.01,1059,1
1060,0.01,1060,1
1061,0.01,1061,1
1062,0.01,1062,1
1063,0.01,1063,1
1064,0.01,1064,1
1065,0.01,1065,1
1066,0.01,1066,1
1067,0.01,1067,1
1068,0.01,1068,1
1069,0.01,1069,1
1070,0.01,1070,1
1071,0.01,1071,1
1072,0.01,1072,1
1073,0.01,1073,1
1074,0.01,1074,1
1075,0.01,1075,1
1076,0.01,1076,1
1077,0.01,1077,1
1078,0.01,1078,1
1079,0.01,1079,1
1080,0.01,1080,1
1081,0.01,1081,1
1082,0.01,1082,1
1083,0.01,1083,1
1084,0.01,1084,1
1085,0.01,1085,1
1086,0.01,1086,1
1087,0.01,1087,1
1088,0.01,1088,1
1089,0.01,1089,1
1090,0.01,1090,1
1091,0.01,1091,1
1092,0.01,1092,1
1093,0.01,1093,1
1094,0.01,1094,1
1095,0.01,1095,1
1096,0.01,1096,1
1097,0.01,1097,1
1098,0.01,1098,1
1099,0.01,1099,1
1100,0.01,1100,1
1101,0.01,1101,1
1102,0.01,1102,1
1103,0.01,1103,1
1104,0.01,1104,1
1105,0.01,1105,1
1106,0.01,1106,1
1107,0.01,1107,1
1108,0.01,1108,1
1109,0.01,1109,1
1110,0.01,1110,1
1111,0.01,1111,1
1112,0.01,1112,1
1113,0.01,1113,1
1114,0.010000000000005116,1114,1
1115,0.01,1115,1
1116,0.01,1116,1
1117,0.01,1117,1
1118,0.01,1118,1
1119,0.010000000000005116,1119,1
1120,2.299999999999997,1120,1
1121,0.01,1121,1
1122,0.01,1122,1
1123,0.01,1123,1
1124,0.01,1124,1
1125,1.3299999999999983,1125,1
1126,0.01,1126,1
1127,0.01,1127,1
1128,0.01,1128,1
1129,0.01,1129,1
1130,0.01,1130,1
1131,0.01,1131,1
1132,0.01,1132,1
1133,0.01,1133,1
1134,0.01,1134,1
1135,0.01,1135,1
1136,0.01,1136,1
1137,0.01,1137,1
1138,0.01,1138,1
1139,0.01,1139,1
1140,0.01,1140,1
1141,0.01,1141,1
1142,0.01,1142,1
1143,0.01,1143,1
1144,0.01,1144,1
1145,0.01,1145,1
1146,0.01,1146,1
1147,0.01,1147,1
1148,0.01,1148,1
1149,0.01,1149,1
1150,0.01,1150,1
1151,0.01,1151,1
1152,0.01,1152,1
1153,0.01,1153,1
1154,0.01,1154,1
1155,0.01,1155,1
1156,0.01,1156,1
1157,0.01,1157,1
1158,0.01,1158,1
1159,0.01,1159,1
1160,0.01,1160,1
1161,0.01,1161,1
1162,0.01,1162,1
1163,0.01,1163,1
1164,0.01,1164,1
1165,0.01,1165,1
1166,0.01,1166,1
1167,0.01,1167,1
1168,0.01,1168,1
1169,0.01,1169,1
1170,0.01,1170,1
1171,0.01,1171,1
1172,0.01,1172,1
1173,0.01,1173,1
1174,0.01,1174,1
1175,0.01,1175,1
1176,0.01,1176,1
1177,0.01,1177,1
1178,0.01,1178,1
1179,0.01,1179,1
1180,0.01,1180,1
1181,0.01,1181,1
1182,0.01,1182,1
1183,0.01,1183,1
1184,0.01,1184,1
1185,0.01,1185,1
1186,0.01,1186,1
1187,0.01,1187,1
1188,0.01,1188,1
1189,0.01,1189,1
1190,0.01,1190,1
1191,0.01,1191,1
1192,0.01,1192,1
1193,0.01,1193,1
1194,0.01,1194,1
1195,0.01,1195,1
1196,0.01,1196,1
1197,0.01,1197,1
1198,0.01,1198,1
1199,0.01,1199,1
1200,0.01,1200,1
1201,0.01,1201,1
1202,0.01,1202,1
1203,0.01,1203,1
1204,0.01,1204,1
1205,0.01,1205,1
1206,0.01,1206,1
1207,0.01,1207,1
1208,0.01,1208,1
1209,0.01,1209,1
1210,0.01,1210,1
1211,0.01,1211,1
1212,0.01,1212,1
1213,0.01,1213,1
1214,0.01,1214,1
1215,0.01,1215,1
1216,0.01,1216,1
1217,0.01,1217,1
1218,0.01,1218,1
1219,0.01,1219,1
1220,0.01,1220,1
1221,0.01,1221,1
1222,0.01,1222,1
1223,0.01,1223,1
1224,0.01,1224,1
1225,0.01,1225,1
1226,0.01,1226,1
1227,0.01,1227,1
1228,0.01,1228,1
1229,0.01,1229,1
1230,0.01,1230,1
1231,0.01,1231,1
1232,0.01,1232,1
1233,0.01,1233,1
1234,0.01,1234,1
1235,0.01,1235,1
1236,0.01,1236,1
1237,0.01,1237,1
1238,0.01,1238,1
1239,0.01,1239,1
1240,0.01,1240,1
1241,0.01,1241,1
1242,0.01,1242,1
1243,0.01,1243,1
1244,0.01,1244,1
1245,0.01,1245,1
1246,0.01,1246,1
1247,0.01,1247,1
1248,0.01,1248,1
1249,0.01,1249,1
1250,0.01,1250,1
1251,0.01,1251,1
1252,0.01,1252,1
1253,0.01,1253,1
1254,0.01,1254,1
1255,0.01,1255,1
1256,0.01,1256,1
1257,0.01,1257,1
1258,0.01,1258,1
1259,0.01,1259,1
1260,0.01,1260,1
1261,0.01,1261,1
1262,0.01,1262,1
1263,0.01,1263,1
1264,0.01,1264,1
1265,0.01,1265,1
1266,0.01,1266,1
1267,0.01,1267,1
1268,0.01,1268,1
1269,0.01,1269,1
1270,0.01,1270,1
1271,0.01,1271,1
1272,0.01,1272,1
1273,0.01,1273,1
1274,0.01,1274,1
1275,0.01,1275,1
1276,0.01,1276,1
1277,0.01,1277,1
1278,0.01,1278,1
1279,0.01,1279,1
1280,0.01,1280,1
1281,0.01,1281,1
1282,0.01,1282,1
1283,0.01,1283,1
1284,0.01,1284,1
1285,0.01,1285,1
1286,0.01,1286,1
1287,0.01,1287,1
1288,0.01,1288,1
1289,0.01,1289,1
1290,0.01,1290,1
1291,0.01,1291,1
1292,0.01,1292,1
1293,0.01,1293,1
1294,0.01,1294,1
1295,0.01,1295,1
1296,0.01,1296,1
1297,0.01,1297,1
1298,0.01,1298,1
1299,0.01,1299,1
1300,0.01,1300,1
1301,0.01,1301,1
1302,0.01,1302,1
1303,0.01,1303,1
1304,0.01,1304,1
1305,0.01,1305,1
1306,0.01,1306,1
1307,0.01,1307,1
1308,0.01,1308,1
1309,0.01,1309,1
1310,0.01,1310,1
1311,0.01,1311,1
1312,0.01,1312,1
1313,0.01,1313,1
1314,0.01,1314,1
1315,0.01,1315,1
1316,0.01,1316,1
1317,0.01,1317,1
1318,0.01,1318,1
1319,0.01,1319,1
1320,0.01,1320,1
1321,0.01,1321,1
1322,0.01,1322,1
1323,0.01,1323,1
1324,0.01,1324,1
1325,0.01,1325,1
1326,0.01,1326,1
1327,0.01,1327,1
1328,0.01,1328,1
1329,0.01,1329,1
1330,0.01,1330,1
1331,0.01,1331,1
1332,0.01,1332,1
1333,0.01,1333,1
1334,0.01,1334,1
1335,0.01,1335,1
1336,0.01,1336,1
1337,0.01,1337,1
1338,0.01,1338,1
1339,0.01,1339,1
1340,0.01,1340,1
1341,0.01,1341,1
1342,0.01,1342,1
1343,0.01,1343,1
1344,0.01,1344,1
1345,0.01,1345,1
1346,0.01,1346,1
1347,0.01,1347,1
1349,0.01,1349,1
1350,0.9399999999999977,1350,1
1351,2.299999999999997,1351,1
1352,0.01,1352,1
1353,0.01,1353,1
1354,0.01,1354,1
1355,0.01,1355,1
1356,0.01,1356,1
1357,0.01,1357,1
1358,0.01,1358,1
1359,0.01,1359,1
1360,0.01,1360,1
1361,0.01,1361,1
1362,0.01,1362,1
1363,0.01,1363,1
1364,0.01,1364,1
1365,0.01,1365,1
1366,0.01,1366,1
1367,0.01,1367,1
1368,0.01,1368,1
1369,0.01,1369,1
1370,0.01,1370,1
1371,0.01,1371,1
1372,0.01,1372,1
1373,0.01,1373,1
1374,0.01,1374,1
1375,0.01,1375,1
1376,0.01,1376,1
1377,0.01,1377,1
1378,0.01,1378,1
1379,0.01,1379,1
1380,0.01,1380,1
1381,0.01,1381,1
1382,0.01,1382,1
1383,0.01,1383,1
1384,0.01,1384,1
1385,0.01,1385,1
1386,0.01,1386,1
1387,0.01,1387,1
1388,0.01,1388,1
1389,0.01,1389,1
1390,0.01,1390,1
1391,0.01,1391,1
1392,0.01,1392,1
1393,0.01,1393,1
1394,0.01,1394,1
1395,0.01,1395,1
1396,0.01,1396,1
1397,0.01,1397,1
1398,0.01,1398,1
1399,0.01,1399,1
1400,0.01,1400,1
1401,0.01,1401,1
1402,0.01,1402,1
1403,0.01,1403,1
1404,0.01,1404,1
1405,0.01,1405,1
1406,0.01,1406,1
1407,0.01,1407,1
1408,0.01,1408,1
1409,0.01,1409,1
1410,0.01,1410,1
1411,0.01,1411,1
1412,0.01,1412,1
1413,0.01,1413,1
1414,0.01,1414,1
1415,0.01,1415,1
1416,0.01,1416,1
1417,0.01,1417,1
1418,0.01,1418,1
1419,0.01,1419,1
1420,0.01,1420,1
1421,0.01,1421,1
1422,0.01,1422,1
1423,0.01,1423,1
1424,0.01,1424,1
1425,0.01,1425,1
1426,0.01,1426,1
1427,0.01,1427,1
1428,0.01,1428,1
1429,0.01,1429,1
1430,0.01,1430,1
1431,0.01,1431,1
1432,0.01,1432,1
1433,0.01,1433,1
1434,0.01,1434,1
1435,0.01,1435,1
1436,0.01,1436,1
1437,0.01,1437,1
1438,0.01,1438,1
1439,0.01,1439,1
1440,0.01,1440,1
1441,0.01,1441,1
1442,0.01,1442,1
1443,0.01,1443,1
1444,0.01,1444,1
1445,0.01,1445,1
1446,0.01,1446,1
1447,0.01,1447,1
1448,0.01,1448,1
1449,0.01,1449,1
1450,0.01,1450,1
1451,0.01,1451,1
1452,0.01,1452,1
1453,0.01,1453,1
1454,0.01,1454,1
1455,0.01,1455,1
1456,0.01,1456,1
1457,0.01,1457,1
1458,0.01,1458,1
1459,0.01,1459,1
1460,0.01,1460,1
1461,0.01,1461,1
1462,0.01,1462,1
1463,0.01,1463,1
1464,0.01,1464,1
1465,0.01,1465,1
1466,0.01,1466,1
1467,0.01,1467,1
1468,0.01,1468,1
1469,0.01,1469,1
1470,0.01,1470,1
1471,0.01,1471,1
1472,0.01,1472,1
1473,0.01,1473,1
1474,0.01,1474,1
1475,0.01,1475,1
1476,0.01,1476,1
1477,0.01,1477,1
1478,0.01,1478,1
1479,0.01,1479,1
1480,0.01,1480,1
1481,0.01,1481,1
1482,0.01,1482,1
1483,0.01,1483,1
1484,0.01,1484,1
1485,0.01,1485,1
1486,0.01,1486,1
1487,0.01,1487,1
1488,0.01,1488,1
1489,0.01,1489,1
1490,0.01,1490,1
1491,0.01,1491,1
1492,0.01,1492,1
1493,0.01,1493,1
1494,0.010000000000005116,1494,1
1495,0.01,1495,1
1496,0.01,1496,1
1497,0.01,1497,1
1498,0.01,1498,1
1499,0.01,1499,1
1500,0.01,1500,1
1501,0.01,1501,1
1502,0.01,1502,1
1503,0.01,1503,1
1504,0.01,1504,1
1505,0.01,1505,1
1506,0.01,1506,1
1507,0.01,1507,1
1508,0.01,1508,1
1509,0.01,1509,1
1510,0.01,1510,1
1511,0.01,1511,1
1512,0.01,1512,1
1513,0.01,1513,1
1514,0.01,1514,1
1515,0.01,1515,1
1516,0.01,1516,1
1517,0.01,1517,1
1518,0.01,1518,1
1519,0.01,1519,1
1520,0.01,1520,1
1521,0.01,1521,1
1522,0.01,1522,1
1523,0.01,1523,1
1524,0.01,1524,1
1525,0.01,1525,1
1526,0.01,1526,1
1527,0.01,1527,1
1528,0.01,1528,1
1529,0.01,1529,1
1530,0.01,1530,1
1531,0.01,1531,1
1532,0.01,1532,1
1533,0.01,1533,1
1534,0.01,1534,1
1535,0.01,1535,1
1536,0.01,1536,1
1537,0.01,1537,1
1538,0.01,1538,1
1539,0.01,1539,1
1540,0.01,1540,1
1541,0.01,1541,1
1542,0.01,1542,1
1543,0.01,1543,1
1544,0.01,1544,1
1545,0.01,1545,1
1546,0.01,1546,1
1547,0.01,1547,1
1548,0.01,1548,1
1549,0.01,1549,1
1550,0.01,1550,1
1551,0.01,1551,1
1552,0.01,1552,1
1553,0.01,1553,1
1554,0.01,1554,1
1555,0.01,1555,1
1556,0.01,1556,1
1557,0.01,1557,1
1558,0.01,1558,1
1559,0.01,1559,1
1560,0.01,1560,1
1561,0.01,1561,1
1562,0.01,1562,1
1563,0.01,1563,1
1564,0.01,1564,1
1565,0.01,1565,1
1566,0.01,1566,1
1567,0.01,1567,1
1568,0.01,1568,1
1569,0.01,1569,1
1570,0.01,1570,1
1571,0.01,1571,1
1572,0.01,1572,1
1573,0.01,1573,1
1574,0.01,1574,1
1575,0.9900000000000091,1575,1
1576,0.010000000000000231,1576,1
1577,0.01,1577,1
1578,0.01,1578,1
1579,0.01,1579,1
1580,0.01,1580,1
1581,0.01,1581,1
1582,0.01,1582,1
1583,0.01,1583,1
1584,0.01,1584,1
1585,0.01,1585,1
1586,0.01,1586,1
1587,0.01,1587,1
1588,0.01,1588,1
1589,0.01,1589,1
1590,0.01,1590,1
1591,0.01,1591,1
1592,0.01,1592,1
1593,0.01,1593,1
1594,0.01,1594,1
1595,0.01,1595,1
1596,0.01,1596,1
1597,0.01,1597,1
1598,0.01,1598,1
1599,0.01,1599,1
1600,0.01,1600,1
1601,0.01,1601,1
1602,0.01,1602,1
1603,0.01,1603,1
1604,0.01,1604,1
1605,0.01,1605,1
1606,0.01,1606,1
1607,0.01,1607,1
1608,0.01,1608,1
1609,0.01,1609,1
1610,0.01,1610,1
1611,0.01,1611,1
1612,0.01,1612,1
1613,0.01,1613,1
1614,0.01,1614,1
1615,0.01,1615,1
1616,0.01,1616,1
1617,0.01,1617,1
1618,0.01,1618,1
1619,0.01,1619,1
1620,0.01,1620,1
1621,0.01,1621,1
1622,0.01,1622,1
1623,0.01,1623,1
1624,0.01,1624,1
1625,0.01,1625,1
1626,0.01,1626,1
1627,0.01,1627,1
1628,0.01,1628,1
1629,0.01,1629,1
1630,0.01,1630,1
1631,0.01,1631,1
1632,0.01,1632,1
1633,0.01,1633,1
1634,0.01,1634,1
1635,0.01,1635,1
1636,0.01,1636,1
1637,0.01,1637,1
1638,0.01,1638,1
1639,0.01,1639,1
1640,0.01,1640,1
1641,0.01,1641,1
1642,0.01,1642,1
1643,0.01,1643,1
1644,0.01,1644,1
1645,0.01,1645,1
1646,0.01,1646,1
1647,0.01,1647,1
1648,0.01,1648,1
1649,0.01,1649,1
1650,0.01,1650,1
1651,0.01,1651,1
1652,0.01,1652,1
1653,0.01,1653,1
1654,0.01,1654,1
1655,0.01,1655,1
1656,0.01,1656,1
1657,0.01,1657,1
1658,0.01,1658,1
1659,0.01,1659,1
1660,0.01,1660,1
1661,0.01,1661,1
1662,0.01,1662,1
1663,0.01,1663,1
1664,0.01,1664,1
1665,0.01,1665,1
1666,0.01,1666,1
1667,0.01,1667,1
1668,0.01,1668,1
1669,0.01,1669,1
1670,0.01,1670,1
1671,0.01,1671,1
1672,0.01,1672,1
1673,0.01,1673,1
1674,0.01,1674,1
1675,0.01,1675,1
1676,0.01,1676,1
1677,0.01,1677,1
1678,0.01,1678,1
1679,0.01,1679,1
1680,0.01,1680,1
1681,0.01,1681,1
1682,0.01,1682,1
1683,0.01,1683,1
1684,0.01,1684,1
1685,0.01,1685,1
1686,0.01,1686,1
1687,0.01,1687,1
1688,0.01,1688,1
1689,0.01,1689,1
1690,0.01,1690,1
1691,0.01,1691,1
1692,0.01,1692,1
1693,0.01,1693,1
1694,0.01,1694,1
1695,0.01,1695,1
1696,0.01,1696,1
1697,0.01,1697,1
1698,0.01,1698,1
1699,0.01,1699,1
1700,0.01,1700,1
1701,0.01,1701,1
1702,0.01,1702,1
1703,0.01,1703,1
1704,0.01,1704,1
1705,0.01,1705,1
1706,0.01,1706,1
1707,0.01,1707,1
1708,0.01,1708,1
1709,0.01,1709,1
1710,0.01,1710,1
1711,0.01,1711,1
1712,0.01,1712,1
1713,0.01,1713,1
1714,0.01,1714,1
1715,0.01,1715,1
1716,0.01,1716,1
1717,0.01,1717,1
1718,0.01,1718,1
1719,0.01,1719,1
1720,0.01,1720,1
1721,0.01,1721,1
1722,0.01,1722,1
1723,0.01,1723,1
1724,0.01,1724,1
1725,0.01,1725,1
1726,0.01,1726,1
1727,0.01,1727,1
1728,0.01,1728,1
1729,0.01,1729,1
1730,0.01,1730,1
1731,0.01,1731,1
1732,0.01,1732,1
1733,0.01,1733,1
1734,0.01,1734,1
1735,0.01,1735,1
1736,0.01,1736,1
1737,0.01,1737,1
1738,0.01,1738,1
1739,0.01,1739,1
1740,0.01,1740,1
1741,0.01,1741,1
1742,0.01,1742,1
1743,0.01,1743,1
1744,0.01,1744,1
1745,0.01,1745,1
1746,0.01,1746,1
1747,0.01,1747,1
1748,0.01,1748,1
1749,0.01,1749,1
1750,0.01,1750,1
1751,0.01,1751,1
1752,0.01,1752,1
1753,0.01,1753,1
1754,0.01,1754,1
1755,0.01,1755,1
1756,0.01,1756,1
1757,0.01,1757,1
1758,0.01,1758,1
1759,0.01,1759,1
1760,0.01,1760,1
1761,0.01,1761,1
1762,0.01,1762,1
1763,0.01,1763,1
1764,0.01,1764,1
1765,0.01,1765,1
1766,0.01,1766,1
1767,0.01,1767,1
1768,0.01,1768,1
1769,0.01,1769,1
1770,0.01,1770,1
1771,0.01,1771,1
1772,0.01,1772,1
1773,0.01,1773,1
1774,0.01,1774,1
1775,0.01,1775,1
1776,0.01,1776,1
1777,0.01,1777,1
1778,0.01,1778,1
1779,0.01,1779,1
1780,0.01,1780,1
1781,0.01,1781,1
1782,0.01,1782,1
1783,0.01,1783,1
1784,0.01,1784,1
1785,0.01,1785,1
1786,0.01,1786,1
1787,0.01,1787,1
1788,0.01,1788,1
1789,0.01,1789,1
1790,0.01,1790,1
1791,0.01,1791,1
1792,0.01,1792,1
1793,0.01,1793,1
1794,0.01,1794,1
1795,0.010000000000001563,1795,1
1796,0.01,1796,1
1797,0.01,1797,1
1798,0.01,1798,1
1799,0.01,1799,1
1800,1.1000000000000014,1800,1
1801,0.01,1348,2
