Percentile,Completion Time
1,4.76
2,6.52
3,7.48
4,7.76
5,8.21
6,9.16
7,9.51
8,10.31
9,10.46
10,11.11
11,11.92
12,12.27
13,12.85
14,13.84
15,14.57
16,15.09
17,15.68
18,16.1
19,16.7
20,17.1
21,17.75
22,19.03
23,19.75
24,23.24
25,26.5
26,28.88
27,29.92
28,30.5
29,30.87
30,31.85
31,32.45
32,32.97
33,33.9
34,34.58
35,35.15
36,36.17
37,37.2
38,37.89
39,38.69
40,39.15
41,39.78
42,40.74
43,41.69
44,42.23
45,43.09
46,43.62
47,44.37
48,45.93
49,47.12
50,55.67
51,58.16
52,58.9
53,59.47
54,60.07
55,61.06
56,61.4
57,62.01
58,63.0
59,63.7
60,64.52
61,65.34
62,66.2
63,67.15
64,68.0
65,68.42
66,69.38
67,70.12
68,70.72
69,71.62
70,72.06
71,73.7
72,74.51
73,75.06
74,76.72
75,83.9
76,85.84
77,87.2
78,88.02
79,88.26
80,88.91
81,90.0
82,90.39
83,91.64
84,92.59
85,92.96
86,93.72
87,94.46
88,95.66
89,96.74
90,96.96
91,97.72
92,98.41
93,99.19
94,100.0
95,101.0
96,101.83
97,102.89
98,103.4
99,105.32
100,148.26
