time,10.32.89.61:39268:1,10.32.89.7:52128:1,10.32.90.219:50618:1,10.32.90.243:42632:1,10.32.93.116:59184:1,10.32.93.120:44742:1,10.32.93.196:59804:1,10.32.93.198:52202:1,10.32.93.220:48980:1,10.32.93.222:46558:1
2.9,,,,,,,1.0,,,
2.91,,,,,,,0.0,,,
3.64,0.0,0.0,,,0.0,0.0,,,,
7.48,,,,1.0,,,,,,
7.49,,,,0.0,,,,,,
9.09,,,,,,,,1.0,,
9.1,,,,,,,,0.0,,
11.46,,,,,,,,1.0,,
11.47,,,,,,,,0.0,,
23.23,2.0,1.0,1.0,3.0,5.0,1.0,,,1.0,1.0
23.24,0.0,0.0,0.0,0.0,0.0,0.0,,,0.0,0.0
25.31,,,,,,,,,1.0,
25.32,,,,,,,,,0.0,
25.92,,,,,1.0,,,,,
25.93,,,,,0.0,,,,,
30.86,,,,,,1.0,,,,
30.87,,,,,,0.0,,,,
32.24,,,,,,,,1.0,,
32.25,,,,,,,,0.0,,
46.03,,,,,1.0,,,,,
47.12,,,,,0.0,,,,1.0,
48.22,,,,,,,,,0.0,
54.17,1.0,1.0,,,,,,1.0,,
54.18,0.0,0.0,,,,,,0.0,,
62.58,1.0,,,,,,,,,
62.59,0.0,,,,,,,,,
76.7,,3.0,,,,,,,1.0,
76.72,,0.0,,,,,,,0.0,
80.11,,,,1.0,,,,,1.0,
80.12,1.0,,,,,,1.0,1.0,,
81.53,,,,,,,0.0,,,
82.41,0.0,,,0.0,,,,0.0,0.0,
87.56,,,,1.0,,,,,,
87.57,,,,0.0,,,,,,
94.41,,,,,,,1.0,,,
94.42,,,,,,,0.0,,,
103.98,,,,,,,,,1.0,
105.31,,3.0,,1.0,2.0,2.0,,1.0,0.0,
105.32,,0.0,,0.0,0.0,0.0,,0.0,,
105.89,,,,,,,,,,1.0
106.96,,,,,,,,,,0.0
128.82,,,,0.0,,,,,,
130.47,,,,,,,,1.0,,
131.46,,,,,,,,0.0,,
147.32,,,,,,,1.0,,,
148.26,,,,,,,0.0,,,
148.36,,,,,,,,,0.0,
148.37,,0.0,,,,0.0,,,,
148.38,,,0.0,,0.0,,,,,
148.38,0.0,,,,,,,0.0,,0.0
148.4,,,,,,,0.0,,,
