time,10.32.89.61:39268:1,10.32.89.7:52128:1,10.32.90.219:50618:1,10.32.90.243:42632:1,10.32.93.116:59184:1,10.32.93.120:44742:1,10.32.93.196:35480:1,10.32.93.196:59804:1,10.32.93.198:52202:1,10.32.93.220:48980:1,10.32.93.222:46558:1
0.0,,,,,,,,1.0,,,
2.04,,,,,,,,0.0,,,
2.91,,,,1.0,,,,,,,
2.96,,,,,,,,2.0,,,
2.97,,,,,,,,3.0,,,
2.99,,,,,,,,5.0,,,
3.0,,,,,,,,8.0,,,
3.01,,,,,,,,11.0,,,
3.02,,,,,,,,12.0,,,
3.03,,,3.0,,,,,,,,
3.04,,,5.0,,,,,,,,
3.06,,,7.0,,,,,,,,
3.07,,,8.0,,,,,,,,
3.09,,,9.0,,,,,,,,
3.1,,,10.0,,,,,,,,
3.11,,,11.0,,,,,,,,
3.12,,,12.0,,,,,,,,
3.15,,,,,,,,,,,1.0
3.16,,,,,,,,,,,3.0
3.18,,,,,,,,,,,4.0
3.19,,,,,,,,,,,5.0
3.2,,,,,,,,,,,6.0
3.21,,,,,,,,,,,7.0
3.23,,,,,,,,,,,8.0
3.24,,,,,,,,,,,9.0
3.25,,,,,,,,,,,11.0
3.26,,,,,,,,,,,12.0
3.27,,,,,,,,,,1.0,
3.29,,,,,,,,,,3.0,
3.4,,,,,,,,,,4.0,
3.46,,,,,,,,,,5.0,
3.5,,,,,,,,,,8.0,
3.51,,,,,,,,11.0,,12.0,
3.53,,,,,,,,10.0,1.0,,
3.54,,,,,,,,,6.0,,
3.57,,,,,,,,,7.0,,11.0
3.58,,,,,,,,,9.0,,
3.59,,,,,,,,,10.0,,
3.6,,,,,,,,,11.0,,
3.61,,,11.0,,,,,,,,
3.62,,,,,,,,,12.0,,
3.63,,,12.0,,,,,12.0,,,
3.64,0.0,0.0,,,0.0,0.0,,,,,12.0
3.65,,3.0,,,,,,,,,
3.66,,6.0,,,,,,,,,
3.68,,7.0,,,,,,,,,
3.69,,8.0,,,,,,,,,
3.7,,10.0,,,,,,,,,
3.72,,11.0,,,,,,,,,
3.73,,12.0,,,,2.0,,,,,
3.74,,,,,,9.0,,,,,
3.75,,,,,,11.0,,,,,
3.76,1.0,,,,,12.0,,,,,
3.77,5.0,,,,,,,,,,
3.78,6.0,,,,,,,11.0,,,
3.79,7.0,,,,,,,,,,
3.81,9.0,,,,,,,,,,
3.82,10.0,,,,,,,,,,
3.83,11.0,,,,,,,,,,
3.84,12.0,,,,4.0,,,,,,
3.85,,,,,5.0,,,,,,
3.86,,,,,6.0,,,,,,
3.87,,,,,8.0,,,,,,
3.88,,,,,10.0,,,,,,
3.9,,,,,12.0,,,,,,
3.91,,,12.0,,,,,12.0,,,
3.96,,,12.0,,,,,,,,
4.13,,,,,,,,12.0,,,
4.21,,,,,,11.0,,,,,
4.22,,,,,,12.0,,,,,
4.28,,,,,,,,,,11.0,
4.3,,,,,,,,,11.0,,
4.36,,,11.0,,,,,,,,
4.4,,,,,,,,,,12.0,
4.41,,,12.0,,,,,,12.0,,
4.47,,,,,,12.0,,,,,
4.58,,,,,11.0,,,,,,
4.61,,,,,12.0,,,,,,
4.62,,,,,,,,12.0,,,
4.76,,,,,,11.0,,,,,11.0
4.76,,,,,,12.0,,,,,
4.78,,,,,,,,,,,12.0
4.95,,,,,,,,,,11.0,
5.0,,,,,,,,,,12.0,
5.12,,,,,,,,,,11.0,
5.13,11.0,,,,,,,,,,
5.14,,,,,,,,,11.0,10.0,
5.17,,,,,,,,,,11.0,
5.2,,,,,,,,,,12.0,
5.23,,,,,,,,,,11.0,
5.24,12.0,,,,,,,,,,
5.25,,,,,,,,,12.0,,
5.26,,,,0.0,,,,,,12.0,
5.32,,,,,,,,,11.0,,
5.36,,,,3.0,,,,,,,
5.38,,,,4.0,,,,,,,
5.4,,,,5.0,,,,,,,
5.43,,,,6.0,,,,,,,
5.46,,,,7.0,,,,,,,
5.47,,,,11.0,,,,,,,
5.48,,,,12.0,,,,,12.0,,
5.5,,,11.0,,,,,,,,
5.6,,,12.0,,,,,,,,
5.66,,,11.0,,,,,,,,
5.67,,,12.0,,,,,,,,
5.71,,,,,,,,,11.0,,
5.73,,,,,,,,,12.0,,
5.92,,,,11.0,,11.0,,,,,
5.94,,,,12.0,,,,,,,
5.95,,,,,,12.0,,,,,
5.98,,,,,11.0,,,,,,
5.99,,,,,12.0,,,,,,
6.01,,,,,,,,,,11.0,
6.02,,,,,,,,,,12.0,
6.5,,,,,,,,11.0,,,
6.51,,,,,,,,12.0,,,
6.52,,,,,,,,12.0,,,
6.57,,,,,,11.0,,,,,
6.58,,,,,,12.0,,,,,
6.62,,,,,,,,,,12.0,
6.68,,,,,,,,12.0,,,
6.69,,,,,,,,,,11.0,
6.7,,,,,,,,,,12.0,
6.77,,,,,,,,11.0,,,
6.82,,,,,,,,12.0,,,
6.91,,,,,,,,11.0,,,
6.92,,,,,,,,12.0,,,
6.93,,,,,,,,11.0,,,
6.95,,,,,,,,12.0,,,
7.06,,,,,,,,,11.0,,
7.08,,,,,,,,,12.0,,
7.1,,,10.0,,,,,,,,
7.11,,,11.0,,,,,,,,
7.13,,,12.0,,,,,,,,
7.28,,,,,,,,11.0,,,
7.29,,,,,,,,12.0,,,
7.32,,,,,,,,11.0,,,
7.39,,,11.0,,,,,,,,
7.4,,,,,,,,9.0,,,
7.41,,,,,,,,10.0,,,11.0
7.42,,,,,,,,11.0,,,
7.43,,,,,,,,12.0,,,
7.47,,,12.0,,,,,,,,
7.48,,,,11.0,,,,11.0,,,11.0
7.49,,,,12.0,,,,12.0,,,12.0
7.5,,,,,,,,,,,11.0
7.51,,,,,,,,,,11.0,
7.52,,,,,,,,,,,9.0
7.53,,,,,,,,,,12.0,10.0
7.54,,,,,,,,,,,9.0
7.57,,,,,,,,,,,9.0
7.58,,,,,,,,,,,8.0
7.59,,,,,,,,11.0,,11.0,8.0
7.6,,,,,,,,12.0,,12.0,
7.61,,,,,,,,,,,10.0
7.63,,,,,,,,,,,12.0
7.69,,,,,,,,,,12.0,
7.75,,,,,,,,,12.0,12.0,
7.76,,,,12.0,,,,,,10.0,
7.78,,,,,,,,,11.0,11.0,
7.79,,,,,,,,,,12.0,
7.84,,,,,,,,,10.0,,
7.85,,,,,,,,,10.0,,
7.87,,,,,,,,11.0,10.0,,
7.88,,,,,,,,,10.0,,
7.89,,,,,,,,12.0,12.0,,
7.9,,,,,,,,,10.0,,11.0
7.92,,,,,,,,,,,12.0
8.01,,,11.0,,,,,,11.0,,11.0
8.03,,,11.0,,,,,,12.0,,12.0
8.06,,,12.0,,,12.0,,,,,
8.07,,,11.0,,,,,,,,
8.08,,,12.0,,,,,,,,
8.16,,,11.0,,,,,12.0,,,
8.18,,,11.0,,,,,,,,
8.19,,,12.0,,,,,,,,
8.21,,,,,11.0,,,,,,
8.22,,,,,12.0,,,,,,
8.26,,,,,,,,,12.0,,11.0
8.27,,,,,,,,,,,12.0
8.32,,,,,,,,,,,11.0
8.34,,,,,,,,,,,12.0
8.74,,,,,,,,,,11.0,
8.75,,,,,,,,,,12.0,
8.76,,,,,,,,,11.0,,
8.77,,,,,,,,,12.0,,
8.77,,,11.0,,,,,,,,
8.78,,,11.0,,,,,,,,
8.81,,,12.0,,,,,,,,
8.82,,,,,,,,,,11.0,
8.84,,,,,,,,,,12.0,
8.88,,,,,,,,11.0,,,
8.89,,,,,,,,12.0,,,
8.92,,,,,,,,11.0,,,
8.94,,,,,,,,12.0,,,
9.0,,,,,,12.0,,,,,
9.02,,,,,,11.0,,,,,
9.02,,,11.0,,,,,,,,
9.03,,,,,,12.0,,,,,
9.06,,,11.0,,,,,,,,
9.09,,,12.0,,,,,,11.0,,
9.11,,,,,,,,,12.0,,
9.11,,,,,,11.0,,,,,
9.14,,,,,,10.0,,,,,
9.15,,,,,11.0,9.0,,,,,
9.16,,,,,9.0,11.0,,,,,
9.17,,,,,8.0,,,,,,11.0
9.19,,,,,,12.0,,,,,
9.22,,,,,8.0,,,,,,
9.23,,,,,12.0,,,,,,
9.24,11.0,,,,,,,,,,
9.25,12.0,,,,,,,,,,12.0
9.27,11.0,,,,12.0,,,,,,
9.28,,,,,11.0,,,,,,
9.31,12.0,,,,12.0,,,,,,
9.35,,,,,12.0,,,,11.0,,
9.36,,,,,,,,,12.0,,
9.44,,,,,,11.0,,,,,
9.46,,,,,,12.0,,,,11.0,
9.47,,,,,,,,,,12.0,
9.5,,,12.0,,,11.0,,,,,
9.51,,,,,,12.0,,,,,
9.52,,,,12.0,,,,,,,
9.71,,,,11.0,,,,,,,
9.72,,,,12.0,,,,,11.0,,
9.73,,,,,,,,,12.0,,
9.75,,,12.0,,,,,,,,
9.96,,,,,11.0,,,,,,
9.97,,,,,12.0,,,,,,
9.98,,,,,11.0,,,,,,
10.0,11.0,,,,12.0,,,,,,
10.02,12.0,,,,,,,,,,
10.06,,,,,,,,,11.0,,
10.07,,,,,,,,,12.0,,
10.13,,,,,,,,,,12.0,
10.15,,12.0,,,,,,,,,
10.18,,11.0,,,,,,,,,
10.19,,12.0,,,,,,,,,
10.22,,11.0,,,,,,,,,
10.23,,12.0,,,,,,,,,
10.24,,11.0,,,11.0,,,,,,
10.25,,12.0,,,12.0,,,,,,
10.26,,,,,,,,12.0,,,
10.27,,,,,,,,,,11.0,
10.29,,11.0,,,,,,,,,
10.31,,,,,,,,,,12.0,
10.32,,11.0,,,,,,,,,
10.33,,12.0,,,,,,,,,
10.34,12.0,,,,11.0,,,,,11.0,
10.35,,11.0,,,12.0,,,,,12.0,
10.37,,9.0,,,,,,,,,
10.38,,11.0,,,,,,,,,
10.39,11.0,12.0,,,,,,,,,
10.4,12.0,,,,,,,,,,
10.41,,,,,,,,12.0,,,
10.42,11.0,,,11.0,,,,,,,
10.43,12.0,,,11.0,,,,,,,
10.44,,,,12.0,,,,,,,
10.46,10.0,,,12.0,,,,,,,
10.47,12.0,,,,,,,,,,
10.5,,,,12.0,,,,,,,
10.51,,,,12.0,,,,,,,
10.53,12.0,,,11.0,,,,,,,
10.54,,11.0,,12.0,,,,,,,
10.56,,12.0,,11.0,,,,,,,
10.57,,,,12.0,,,,,,,
10.6,,,11.0,,,,,,,,
10.61,,,12.0,,,,,,,,
10.65,,,,,,,,12.0,,,
10.67,11.0,,,,,,,,,,
10.69,12.0,,,,,,,,,,
10.78,,,,,,,,12.0,,,
10.85,,,,,,,,,,11.0,
10.86,,,,,,,,11.0,,12.0,
10.88,,,,,,,,11.0,,,
10.9,,,,,,,,12.0,,,
10.92,,,,11.0,,,,,,,
10.93,,,,12.0,,,,,,,
11.01,,12.0,,,,,,,,,
11.03,11.0,,,,,,,,,,
11.04,,,,,,,,,,,11.0
11.11,12.0,,,,,,,,,,
11.16,,,,,,,,,,,12.0
11.19,,,,,,,,,,11.0,
11.22,,,,,11.0,,,,,12.0,
11.24,,,,,12.0,,,,,,
11.32,,,,11.0,,,,,,,
11.34,,,,12.0,,,,,,,
11.36,,,,,,11.0,,,,,
11.37,,,,,,12.0,,11.0,,,
11.38,,,,,,,,12.0,,,
11.41,,,,12.0,,,,,,11.0,
11.43,,,,,,,,,,12.0,
11.46,,,,,,,,,11.0,,
11.47,,,,,,,,,12.0,,
11.5,,,,,,,,,11.0,11.0,
11.52,,,,,,,,,,12.0,
11.59,,,,,,,,,12.0,,
11.64,,,,,,,,11.0,,,
11.65,,,,,,,,12.0,,,
11.79,,,,,,,,,,,11.0
11.81,,,,,,,,,,,12.0
11.85,,,,,,,,,,11.0,
11.86,,,,,,,,,,12.0,
11.87,11.0,,,,,,,,,,
11.88,,,,,,,,11.0,,11.0,
11.9,,,,,,11.0,,,,10.0,11.0
11.91,,,,,,,,,,,10.0
11.92,,,,,,,,,,9.0,
11.93,,,,,,12.0,,12.0,,11.0,
11.94,12.0,,,11.0,,,,,,12.0,11.0
11.95,,,,12.0,,,,,,,12.0
11.97,,,,,,,,11.0,,,12.0
11.99,12.0,,,,,,,12.0,,,
12.0,,,,,,,,,,,12.0
12.09,,,,,,,,,,11.0,
12.1,,,,,,,,,,12.0,
12.13,,,,,,,,,11.0,,
12.15,,,11.0,,,,,,12.0,,
12.16,,,12.0,,,,,,,,
12.18,,,12.0,,,,,,,,
12.19,,,,,,,,,12.0,,
12.2,,,11.0,,,,,,,,
12.21,,,12.0,,,,,,,,
12.23,,,,,,,,,11.0,,
12.24,,,,,,,,,12.0,,
12.25,,,,,12.0,,,,,,
12.27,,,11.0,,,,,,11.0,,
12.28,,,,,,,,11.0,,,
12.29,,,,,,,,,12.0,,
12.31,,,12.0,,,,,12.0,,,
12.32,,,,,,,,,11.0,,11.0
12.33,,,,,,,,,12.0,,
12.34,,,,,,,,,,,12.0
12.38,,,,,,,,,11.0,11.0,
12.39,,,,,,,,11.0,,12.0,
12.42,,,,,,,,12.0,,,11.0
12.43,,,,,,,,12.0,12.0,,12.0
12.49,,,,,,,,,,,11.0
12.5,,,,,,,,,,,12.0
12.52,,,11.0,,,,,,,,
12.53,,,12.0,,,,,,,,11.0
12.57,,,,,,,,,,,12.0
12.58,,,,11.0,,,,,,,
12.59,,,,12.0,,,,,,,12.0
12.69,,,,,,,,,,,12.0
12.77,,,,11.0,,,,,,,
12.78,,,,12.0,,,,,,,
12.81,,,,,,,,11.0,,,
12.82,,,,,,,,12.0,,,
12.85,,,,,11.0,,,,,,
12.86,,,,,12.0,,,,,,
12.9,,11.0,,,,,,,,,
12.91,,12.0,,,,,,,,,
13.21,,,,,,,,11.0,,,
13.22,,,,,,,,12.0,,,
13.26,,,,,,,,12.0,,,
13.39,,,,,,12.0,,,,,
13.47,,,,,11.0,,,,,,11.0
13.48,,,,,12.0,,,,,,12.0
13.49,,,,,,11.0,,,,,
13.5,,,,,,12.0,,,,,
13.51,,,,,,,,,11.0,,
13.52,,,,,,,,,12.0,,
13.56,,,,,,,,,,11.0,
13.57,,,,,,,,,,12.0,
13.59,,,,,,,,,11.0,,
13.61,,,,,11.0,,,,,,
13.62,,,,,,,,,,11.0,
13.64,,,,11.0,,,,,12.0,,11.0
13.66,,,,,,,,,,12.0,
13.67,,,,,12.0,,,,,,12.0
13.68,,,,12.0,,,,,,,
13.72,,,,,12.0,,,,,,
13.73,,,,,12.0,,,,,,
13.78,,,,,,,,11.0,,,
13.82,,,,,,,,12.0,,,
13.83,,,11.0,,,,,,,,
13.84,,,11.0,,,,,,,,
13.86,,,12.0,,,,,,,,
13.87,,,,,,12.0,,,,,
14.0,,,,,,,,12.0,,,
14.04,,,,,,,,,,,11.0
14.07,,,,,,,,,,,12.0
14.09,,,11.0,,,,,,,,
14.11,,,12.0,,,,,,,,
14.13,,,,,,,,,11.0,,
14.15,,,11.0,,,,,,12.0,,11.0
14.16,,,10.0,,,,,,,,
14.17,,,12.0,,,,,,,,12.0
14.32,,,,,,11.0,,,,,
14.33,,,,,,12.0,,,,,
14.38,,,,,,,,,12.0,,
14.39,,,,,,,,12.0,,,
14.45,,,,,,11.0,,,,,
14.46,,,,,11.0,,,,,,
14.5,,,11.0,,,10.0,,,,,
14.53,,,,,,11.0,,,,,
14.54,,,,,,11.0,,,,,
14.56,,,12.0,,12.0,,,,,,
14.57,,,,11.0,11.0,12.0,,,,,
14.58,,,,,,,,,,11.0,
14.59,,,,,,11.0,,,,,
14.61,,,,12.0,12.0,12.0,,,,,
14.62,,,,,,,,,,12.0,
14.65,,,,,,11.0,,,,,
14.66,,,,,,12.0,,,,,
14.69,,,,,,,,12.0,,,
14.71,,,,,11.0,,,,,,
14.72,,,,11.0,12.0,,,,,,
14.73,,,11.0,12.0,,,,,,,
14.74,,,12.0,,,,,,,,
14.85,,,,,,,,,,11.0,
14.86,,,,,11.0,,,11.0,,,
14.87,,,11.0,,,,,,,12.0,
14.88,,,12.0,,12.0,,,12.0,,,
14.9,,,,,,11.0,,,,,
14.92,,,,,,11.0,,,,,
14.93,,,,,,,,,11.0,,
14.94,,,,,,12.0,,,,,
14.97,,,,,,,,11.0,12.0,,
14.98,,,,,,,,12.0,,,
15.0,,,,,,,,,,11.0,
15.01,,,,,,,,,,12.0,
15.09,,,,,12.0,,,,,,
15.11,,,,,,,,,,11.0,
15.12,,,,,,,,,,12.0,
15.14,11.0,,,,,,,,,,
15.15,12.0,,,,,,,,,,
15.16,,,,,,,,11.0,,,
15.18,,,,,,,,12.0,,,
15.19,,,,,,,,11.0,,,
15.22,,,,,,,,12.0,,,
15.4,,,,,,,,,,12.0,
15.43,,,11.0,,,,,,,,
15.44,,,12.0,,11.0,,,,,,
15.47,,,,,12.0,,,,,,11.0
15.48,,,,,,,,,,,12.0
15.49,,,,,11.0,,,,11.0,,
15.5,,,,,12.0,11.0,,,12.0,,
15.52,,,,,,12.0,,,,,
15.53,,,,10.0,,,,,,,
15.54,,,,12.0,,,,,,,
15.58,,,,,,,,11.0,,,
15.59,,,,,,,,12.0,,,
15.61,,,,11.0,,,,,,,
15.62,,,,,11.0,,,,,,
15.63,,,,,10.0,,,,,,
15.65,,,,12.0,,,,11.0,,,
15.67,,,,,11.0,,,,,,
15.68,,,,,12.0,,,12.0,,,
15.69,,,11.0,,,,,,,,
15.71,,,12.0,,,,,,,,
15.73,,,,,,,,11.0,,11.0,
15.74,,,,,,,,12.0,,,11.0
15.76,11.0,,,,,,,,,,
15.77,,,,,,,,,,12.0,
15.78,12.0,,,,,,,,,,12.0
15.81,,,,,11.0,,,,,,
15.82,,,,,12.0,,,,,,
15.83,,,,,,,,,11.0,,
15.85,,,,,,,,,12.0,,
15.87,11.0,11.0,,,,,,,,,
15.88,12.0,,,,,,,,,,
15.89,,,,,,,,,11.0,,
15.93,,12.0,,,,,,,12.0,,
15.95,,,,,,,,11.0,,,
16.0,,,,,,,,,11.0,,
16.02,,,,,,10.0,,,,,
16.03,,,,,,,,10.0,,,
16.04,,,,,,,,,,11.0,
16.07,,,,11.0,,,,,,,
16.1,,,,,,,,9.0,,,
16.13,,,,,,,,,,10.0,
16.22,,,,,,,,,,,11.0
16.23,,,,,,,,8.0,,,
16.27,,,,,,9.0,,,,,
16.32,,,,,,,,,,9.0,10.0
16.34,,11.0,,10.0,,,,,,,
16.35,,,11.0,,,,,,,,
16.39,,,,,,,,,10.0,,
16.46,,,,,11.0,,,,,,
16.47,,,,9.0,,,,,,,
16.48,,,,,,,,,,8.0,
16.6,,,,,,,,,9.0,,
16.63,,,,,,,,,8.0,,
16.67,,,,,,,,,7.0,,
16.68,,,,,,,,,,,9.0
16.7,11.0,,,,,,,,,,
16.71,,,,,,8.0,,,,,
16.73,,,,,,,,,,,8.0
16.73,,,,,,,,,6.0,,
16.77,,10.0,,,,,,,,,
16.8,,,,,,,,7.0,,,
16.84,,,,,,,,,,,7.0
16.88,,9.0,,,,,,,,,
16.89,10.0,8.0,,,,,,,,,
16.89,,7.0,,,,,,,,,
16.91,,6.0,,,,,,,,,
16.93,,5.0,,,,,,,,,
16.95,,,,,,,,,,,6.0
17.03,,4.0,,,,,,,,,5.0
17.04,,3.0,,,,,,,,,
17.07,9.0,,,,,,,,,,
17.1,,,,8.0,,,,,,,
17.12,8.0,,10.0,,,,,,,,
17.19,7.0,,,,,,,,,,
17.21,6.0,,,,,,,,,,
17.28,,2.0,,,,,,,,,
17.34,,,9.0,,,7.0,,,,,
17.35,,,,,,,,,5.0,,
17.43,5.0,,,,,,,,,,
17.45,4.0,,,,,,,,,,
17.47,,,8.0,,,,,,,,
17.5,,,,,,,,6.0,,,
17.55,,,,,,,,5.0,,,
17.57,,,,,,,,,,,4.0
17.59,,,7.0,,,,,,,,
17.62,,,,,,,,,,,3.0
17.68,3.0,,,,,,,,,,
17.75,,,,7.0,,,,,,,
17.86,,,,,,6.0,,,,,
17.89,,,,6.0,,,,,,,
17.89,,,,,,,,,,7.0,
17.93,,,,,,,,,,6.0,
17.96,,,6.0,,,,,,,,
18.0,,,,,,,,,4.0,,
18.03,,,,,,,,,,,2.0
18.2,,,,,,,,4.0,,,
18.22,,,,,10.0,,,,,,
18.36,,,,,,5.0,,,,,
18.51,2.0,,,,,,,,,,
18.67,,,,,,,,,3.0,,
18.75,,,,5.0,,,,,,,
18.79,,,5.0,,,,,,,,
18.86,,,,,9.0,,,,,,
18.89,,,,,,,,,,5.0,
19.0,,,,,,,,3.0,,,
19.03,,,,,8.0,,,,,,
19.11,,,,,7.0,,,,,,
19.18,,,4.0,,,,,,,,
19.2,,,3.0,,,,,,,,
19.21,,,,,,4.0,,,,,
19.23,,,,,,,,,,4.0,
19.25,,,2.0,,,,,,,,
19.28,,,,,,3.0,,,,3.0,
19.29,,,,,6.0,,,,,2.0,
19.37,,,,,,,,,2.0,,
19.46,,,,,,,,,,1.0,
19.52,,1.0,,,,,,2.0,,,
19.64,,,1.0,,,,,,,,
19.75,,,,3.0,,,,,,0.0,
19.77,,,,,,,,,1.0,,
19.78,,,,,,,,,,,1.0
19.82,,,,,,2.0,,,,,
19.84,,,,,5.0,,,,,,
19.89,,,,,,,,1.0,,,
19.97,,,,,,1.0,,,,,
20.01,,,,,,,,0.0,,,
20.2,,,,,,,,,,,0.0
20.27,,,,,3.0,,,,,,
20.32,,,,,,,,,0.0,,
20.54,,,,2.0,,,,,,,
20.57,,,,1.0,,,,,,,
20.75,,,0.0,0.0,,,,,,,
20.78,,,,,2.0,,,,,,
20.86,,,,,,,,,,1.0,
20.91,,,,,,0.0,,,,,
21.02,,,,,1.0,,,,,,
21.03,,,,,0.0,,,,,,
21.06,,,,,,,,,,0.0,
21.11,1.0,,,,,,,,,,
21.16,,0.0,,,,,,,,,
22.27,0.0,,,,,,,,,,
23.24,,,,,,,,1.0,,1.0,
23.39,,,,,,,,,,0.0,
24.33,,,,,1.0,,,,,,
24.53,,,,,0.0,,,,,,
25.27,,,,,,,,0.0,,,
25.32,,,,1.0,1.0,,,,,,
25.34,,,,,,,,,,1.0,
25.38,,,,,,,,4.0,,,
25.39,,,,,,,,7.0,,,
25.4,,,,,,,,10.0,,,
25.41,,,,,,2.0,,12.0,,,
25.42,,,,,,3.0,,,,,
25.43,,,,,,7.0,,,,,
25.46,,,,,,8.0,,,,,
25.47,,,,,,9.0,,,,,
25.48,,,,,,11.0,,,,,
25.49,,,1.0,,,12.0,,,,,
25.5,,,6.0,,0.0,,,,,,
25.51,,,9.0,,,,,,,,
25.52,,,10.0,,,,,,,,
25.53,,,11.0,,,,,,,,
25.57,,,12.0,,,,,,,,
25.58,,,,,,,,,,,1.0
25.61,,,,,,,,,,,2.0
25.62,,,,,,,,,,,4.0
25.63,,,,,,,,,,,5.0
25.64,,,,,,,,,,,6.0
25.65,,,,,,,,,,,7.0
25.66,,,,,,,,,,,12.0
25.68,,1.0,,,,,,,,,
25.72,,3.0,,,,,,,,,
25.73,,4.0,,,,,,,,,
25.74,,5.0,,,,,,,,,
25.75,,6.0,,,,,,,,,
25.78,,8.0,,,,,,,,,
25.79,,10.0,,,,,,,,,
25.81,,12.0,,,,,,,1.0,,
25.83,,,,,,,,,4.0,,
25.84,,,,,,,,,5.0,,
25.86,,,,,,,,,8.0,,
25.87,,,,,,,,,12.0,,
25.88,2.0,,,,,,,,,,
25.9,,,,,,,,11.0,,,
25.91,5.0,,,,,,,,,,
25.92,9.0,,,,,,,10.0,,,
25.93,12.0,,,,,,,11.0,,,
25.94,,,,,1.0,,,12.0,,,
26.0,,,11.0,,,,,,,,
26.01,,,12.0,,,,,,,,
26.09,,,,,,11.0,,,,,
26.1,,,,,,12.0,,,,,
26.2,,,,,,,,11.0,,,
26.21,,,,,,,,12.0,,,
26.38,,,,,,11.0,,,,,
26.39,,,,,,12.0,,,,,
26.43,,,,,,,,,,,12.0
26.44,,,,,,11.0,,,,,
26.45,,,,,,,,11.0,,,
26.49,11.0,,,,,,,,,,
26.5,,,,,,12.0,,,,,
26.51,,,,,,,,12.0,,,
26.52,12.0,,,,,,,,,,
26.53,,,,,,,,11.0,,,
26.54,,,,,,,,12.0,,,
26.74,,,12.0,,,,,,,,
26.97,,11.0,,,,,,,,,
26.98,,12.0,,,,,,,,,
27.0,,,,,,,,11.0,,,
27.01,,,,,,,,12.0,,,
27.1,,,,,,,,,,,12.0
27.11,,,,,,11.0,,,,,
27.12,,,,,,12.0,,,,,
27.26,,,,,,,,,,,11.0
27.27,,,,,,,,,,,12.0
27.28,,,,,,,,,,,12.0
27.38,,,11.0,,,,,,,,11.0
27.39,,,,,,,,,,,12.0
27.41,,,12.0,,,,,,,,
27.77,,,,0.0,,,,,,,
27.87,,,,1.0,,,,,,,
27.88,,,,6.0,,,,,,,
27.89,,,,8.0,,,,,,,
27.91,,,,9.0,,,,,,,
27.92,,,,10.0,,,,,,,
27.93,,,,12.0,,,,,,,
28.22,,11.0,,,,,,,,,
28.23,,12.0,,,,,,,,,
28.47,,11.0,,,,,,,,,
28.48,,12.0,,,,,,,,,
28.5,,,,12.0,,,,,,,
28.65,11.0,,,,,,,,,,
28.67,12.0,,,,,,,,,,
28.88,,,,,,,,,11.0,,
28.89,,,,,,,,11.0,12.0,,
28.9,,,,,,,,11.0,,,
28.91,,,,,,,,11.0,,,
28.92,,,,,,,,12.0,,,
28.95,,,,,,,,,,,11.0
29.0,,,,,,,,,,,12.0
29.11,,,,,,,,,11.0,,
29.13,,,,,,,,,12.0,,
29.2,,,,,,,,11.0,,,
29.21,,,,,,,,12.0,,,
29.45,,,,11.0,,,,,,,
29.46,,,,12.0,,,,,,,
29.66,,,,11.0,,,,,,,
29.68,,,,,,,,11.0,,,
29.7,,,,,,,,10.0,,,
29.71,,,,12.0,,,,,,,
29.72,,,,,,11.0,,11.0,,,
29.73,,,,,,10.0,,12.0,,,
29.74,,,,,,11.0,,,,,
29.75,,,,,,12.0,,,,,
29.76,,,,,,,,11.0,,,
29.77,,,,,,,,12.0,,,
29.79,,,,,,,,,,,11.0
29.81,,,,,,,,12.0,,,12.0
29.86,,,,,,,,,,,12.0
29.88,,,,,,,,,,,11.0
29.91,,,,,,,,,,,11.0
29.92,,,,,,,,,,,12.0
29.95,,,,,,,,,12.0,,11.0
29.99,,,,,,,,,,,12.0
30.0,,,,12.0,,,,,,,11.0
30.01,,,,,,,,,,,12.0
30.09,,,,,,11.0,,,11.0,,
30.11,,,,,,12.0,,,,,
30.12,,,,,,,,,12.0,,
30.13,,,,,,,,,11.0,,
30.14,,,,,,,,,12.0,,
30.15,,,,,,,,,11.0,,
30.16,,,,,,,,,12.0,,
30.17,,,,,,,,11.0,,,
30.2,,,,,,,,,11.0,,
30.21,,,,,,,,,10.0,,
30.22,,,,,,,,,9.0,,
30.23,,,,,,,,,8.0,,
30.24,,,,,,,,,7.0,,
30.28,,,,,,,,11.0,,,
30.29,,,,,,,,,9.0,,
30.34,,,,,,,,,10.0,,
30.41,,,,,,,,,11.0,,
30.42,,,,,,,,12.0,12.0,,
30.5,,,11.0,,,,,,,,
30.52,,,10.0,,,,,,,,
30.53,,,9.0,,,,,,,,
30.56,,,10.0,,,,,11.0,,,
30.57,,,10.0,,,,,12.0,,,
30.58,,,11.0,,,,,,,,
30.6,,,8.0,,,,,,,,
30.61,,,10.0,,,,,,,,
30.62,,,,,,,,,,,11.0
30.63,,,10.0,,,,,,,,
30.64,,,12.0,,,,,,,,12.0
30.69,,,,,,,,,11.0,,
30.71,,,,,,11.0,,,12.0,,
30.72,,,,,,12.0,,,,,
30.74,,,,,,11.0,,,,,
30.75,,,,,,12.0,,,,,
30.79,,,,,,12.0,,,,,
30.83,,,,,,11.0,,,,,
30.85,,,,,,,,11.0,,,
30.86,,,,,,11.0,,,,,
30.87,,,,,,,,12.0,,,
30.88,,,,,,12.0,,,,,
30.98,,,,,,,,11.0,,,
30.99,,,,,,,,12.0,,,
31.06,,,11.0,,,,,,,,
31.1,,,12.0,,,,,,,,
31.19,,11.0,11.0,,,,,,,,
31.2,,,12.0,,,,,,,,
31.21,,12.0,,,,,,,,,
31.22,,,,,,,,12.0,,,
31.25,,,,,,,,12.0,,,
31.26,12.0,,,,,,,,,,
31.32,12.0,,,,,,,,,,
31.34,,,,,,,,,,,11.0
31.37,,,,,,,,,,,12.0
31.39,,,,,,11.0,,,,,
31.42,,,,,,12.0,,,,,
31.5,,,,,,11.0,,,,,
31.53,,,,,,12.0,,,,,
31.57,,,,,,,,,,,10.0
31.58,,,,,,,,,,,11.0
31.59,,,,,,,,,,,12.0
31.66,,,,,,,,,11.0,,
31.68,,,,,,,,,12.0,,
31.69,,,,,,,,11.0,,,
31.71,,,,,,,,12.0,,,
31.77,,,,,,,,,,,12.0
31.79,,,,,,12.0,,,,,
31.84,,,,,,11.0,,,,,
31.85,,,11.0,,,12.0,,,,,
31.86,,,12.0,,,,,,,,
31.88,,,,,,,,,,,11.0
31.89,,,,,,,,,,,12.0
31.94,,,,,,,,11.0,,,
31.99,,,,10.0,,,,,,,
32.01,11.0,,,,,,,,,,
32.08,,,,,,,,12.0,,,
32.11,,,,11.0,,,,,,,
32.11,,,,12.0,,,,,,,
32.13,12.0,,,,,,,,,,
32.22,,12.0,,,,,,,,,
32.24,,,,,,,,,11.0,,
32.25,,,,,,,,,12.0,,
32.26,,,11.0,,,,,,,,
32.27,,,12.0,,,,,,,,
32.32,11.0,,,,,,,,,,
32.33,12.0,11.0,,,,,,,,,
32.34,,12.0,,,,,,,,,
32.35,,11.0,11.0,,,,,,,,
32.36,,12.0,12.0,,,,,,,,
32.39,,12.0,,,,,,,,,
32.42,,,11.0,,,,,,,,
32.43,,11.0,,,,,,,,,
32.44,,,,,,11.0,,,,,
32.45,,,12.0,,,,,,,,
32.46,,12.0,,,,12.0,,,,,
32.47,11.0,,,,,,,,,,
32.49,9.0,,,,,,,,,,
32.5,10.0,11.0,,,,,,,,,
32.51,11.0,,,,,,,,,,
32.54,9.0,,,,,,,,,,
32.57,,10.0,,,,,,,,,
32.58,,12.0,,,,,,,,,
32.59,11.0,,,,,,,,,,
32.61,12.0,,,,,,,,,,
32.64,10.0,,,,,,,11.0,,,
32.65,,,,,,,,12.0,,,
32.65,12.0,,,,,,,,,,
32.81,11.0,,,,,,,,,,
32.82,12.0,,,,,,,,,,
32.84,,,,11.0,,,,,,,
32.85,,,,12.0,,,,,,,
32.89,,,,10.0,,,,,,,
32.9,,,,11.0,,,,,,,
32.96,,,,12.0,,,,,,,
32.97,,,,11.0,,,,,,,
32.97,,,,12.0,,,,,,,
33.09,,,,11.0,,,,,,,
33.1,,,,12.0,,,,,,,
33.11,,,,,,,,,,,11.0
33.13,,,,,,,,,,,12.0
33.19,,,,,,,,12.0,,,
33.2,,,,,,,,,11.0,,
33.21,,,,,,,,,12.0,,
33.29,,,,,,,,12.0,,,
33.32,,,,,,,,,11.0,,
33.33,,,,,,,,,12.0,,11.0
33.34,,,,,,,,,,,12.0
33.38,11.0,,,,,,,,,,
33.4,12.0,,,,,,,,,,
33.54,,,,,,,,11.0,,,
33.56,,,,,,,,12.0,,,
33.58,,,,12.0,,,,,,,
33.61,,11.0,,,,,,,,,
33.64,,12.0,,,,,,,,,
33.68,,11.0,,,,,,,,,
33.69,,,,,,,,,11.0,,
33.71,11.0,,,,,,,,,,
33.72,,12.0,,,,,,,12.0,,
33.72,12.0,,,,,,,,,,
33.85,,,,11.0,,,,,11.0,,
33.86,,,,,,,,,12.0,,
33.88,,,,12.0,,,,,,,
33.9,,11.0,,11.0,,,,,,,
33.9,,12.0,,12.0,,,,,,,
33.95,,,,,,,,11.0,,,
33.96,,,,,,,,12.0,,,
33.97,,,,11.0,,,,,,,
33.99,,,,12.0,,,,,,,
34.0,,,,,,,,11.0,,,
34.02,,,,11.0,,,,,,,
34.08,,,,12.0,,,,12.0,,,
34.1,11.0,,,,,,,,,,11.0
34.11,,,,,,,,,,,12.0
34.17,12.0,,,,,,,,,,
34.18,,,,,,,,11.0,,,
34.21,,,,,,,,12.0,,,
34.25,,,,,,,,,,,12.0
34.26,,,,,,,,,,,12.0
34.34,,,,,,,,,,,11.0
34.35,,,,,,,,11.0,,,
34.36,,,,,,,,,,,12.0
34.36,,,,,,,,12.0,,,
34.42,,,,,,11.0,,,,,
34.43,,,,,,12.0,,,,,
34.5,,,,,,,,,11.0,,
34.52,,,,,,,,,12.0,,
34.53,,,,,,,,,11.0,,
34.56,,,,,,,,,10.0,,
34.57,,,,,,,,,11.0,,
34.58,,,,11.0,,,,,12.0,,
34.59,,,,12.0,,,,,,,
34.61,,,11.0,,,,,11.0,,,
34.61,,,,,,,,,11.0,,
34.63,,,10.0,,,,,12.0,10.0,,
34.64,,,,,,,,,12.0,,
34.65,,,,,,,,,11.0,,
34.67,,,,,,,,,10.0,,
34.68,,,11.0,,,,,,,,
34.7,,,10.0,,,,,,,,
34.72,,,11.0,,,,,,,,
34.74,,,12.0,,,,,,12.0,,
34.83,,11.0,,,,,,,,,
34.86,,12.0,,,,,,,,,
34.96,,,,,,,,,,,11.0
34.97,,,,,,,,,11.0,,12.0
34.97,,,,11.0,,,,,12.0,,
34.99,,,,12.0,,,,,,,
35.0,,,,,,,,,11.0,,
35.01,,,,,,,,,12.0,,
35.03,,,,,,,,,12.0,,
35.07,,,,,,12.0,,,,,
35.1,,,,,,11.0,,,,,
35.11,,,,,,12.0,,,,,
35.11,,11.0,,,,,,,,,
35.13,,12.0,,,,,,,,,
35.15,,,,,,,,12.0,,,
35.18,,,,,,11.0,,,,,
35.22,,,,,,12.0,,,,,
35.46,,,,,,,,11.0,,,
35.49,,,,,,,,12.0,,,
35.5,,,,,,,,,,,11.0
35.52,,,,,,,,,,,12.0
35.57,,,,,,,,11.0,,,
35.58,,,,,,,,12.0,,,
35.59,,,,,,,,,,,12.0
35.6,,,12.0,,,,,,,,11.0
35.61,,,,,,,,,,,12.0
35.67,,,10.0,,,,,,,,
35.69,,,12.0,,,,,,,,
35.7,,,,,,,,11.0,,,
35.71,,,11.0,,,,,,,,
35.72,,,,,,,,12.0,,,
35.74,,,12.0,,,,,,,,
35.85,,,,,,,,,,,11.0
35.86,,,,,,,,,,,12.0
35.9,,,,,,11.0,,,,,
35.93,,,,,,12.0,,,,,
36.04,,,,,,,,11.0,,,11.0
36.06,,,,,,,,,,,12.0
36.09,,,,,,,,12.0,,,
36.11,,,,,,11.0,,,,,
36.11,,,,,,12.0,,,,,
36.17,,,,,,11.0,,,,,
36.18,,,,,,12.0,,,,,
36.19,,,11.0,,,,,,,,
36.21,,,,,,11.0,,,,,
36.22,,,12.0,,,12.0,,,,,
36.22,,11.0,12.0,,,,,,,,
36.26,,12.0,,,,,,,,,
36.27,,,,,,11.0,,,,,
36.28,,,11.0,,,,,,,,
36.29,,,,,,12.0,,,,,
36.32,,,12.0,,,,,,,,
36.33,,,,,,11.0,,,,,
36.36,,,,,,12.0,,,,,
36.5,,,,,,,,,12.0,,
36.64,,,,,,,,,11.0,,
36.65,,,,,,,,,12.0,,
36.81,,,,,,,,,11.0,,
36.82,,,,,,11.0,,,,,
36.85,,,,,,12.0,,,12.0,,
36.88,,,12.0,,,,,,,,
36.9,,,,11.0,,,,,,,
36.9,,,,12.0,,,,,,,
36.94,,,,,,11.0,,,,,
36.95,,,,,,12.0,,,,,
37.1,,,,11.0,,,,,,,
37.11,,,,12.0,,,,,,,
37.15,,,11.0,,,,,,,,
37.18,,,12.0,,,,,,,,
37.2,,,,11.0,,11.0,,,,,
37.21,,,,12.0,,12.0,,,,,
37.25,,,,11.0,,,,,,,
37.27,,,,12.0,,,,,,,
37.28,,,,,,12.0,,,,,
37.31,,,12.0,,,,,,,,
37.44,,,11.0,,,,,,,,
37.45,,,12.0,,,,,,,,
37.47,,,,,,,,11.0,,,
37.49,,,,,,,,12.0,,,
37.5,,,11.0,,,,,,,,
37.51,,,12.0,,,,,,,,
37.52,,,,,,,,,,,11.0
37.53,,,,,,,,11.0,,,
37.54,,,,,,,,12.0,,,12.0
37.56,,11.0,,,,,,,,,
37.6,,12.0,,,,,,,11.0,,
37.61,,,,,,,,,12.0,,
37.64,,,,,,,,11.0,,,
37.65,,,,,,,,12.0,,,12.0
37.7,,,,,,,,11.0,,,
37.71,,,,,,,,12.0,,,
37.74,,,,,,,,,,,11.0
37.77,,,,,,,,,,,12.0
37.79,,,,,,,,11.0,,,
37.81,,11.0,,,,,,12.0,,,
37.83,,12.0,,,,,,,,,
37.88,,11.0,12.0,,,,,,,,
37.89,,12.0,,,,,,11.0,,,
37.9,11.0,,,,,,,12.0,,,
37.9,12.0,,,,,,,,,,
37.94,11.0,,,,,11.0,,,,,
37.96,12.0,,,,,12.0,,,,,
38.0,,,,12.0,,,,,,,
38.04,,,,12.0,,,,,11.0,,
38.07,,,,11.0,,,,,,,
38.08,,,,12.0,,,,,12.0,,
38.11,11.0,,,12.0,,,,,,,
38.11,12.0,,,,,,,,,,
38.2,,,,,,,,11.0,,,
38.21,,,,,,,,12.0,,,
38.22,,,,11.0,,,,,,,
38.24,,,,12.0,,,,,,,
38.34,,,,,,11.0,,,,,
38.35,,,,,,12.0,,,,,
38.43,,,,,,,,,,,11.0
38.45,,,,,,,,,,,12.0
38.57,,,,,,,,,12.0,,
38.61,,,,,,,,11.0,,,
38.65,,,,,,,,,,,11.0
38.65,,,,,,,,12.0,,,
38.67,,,,,,,,,,,12.0
38.69,,,,11.0,,,,,,,11.0
38.72,,,,12.0,,,,,,,
38.78,,,,,,,,,,,10.0
38.79,,,,,,,,,,,11.0
38.81,,,,,,,,,11.0,,12.0
38.82,,,,,,,,,12.0,,
38.85,,,,,,,,,12.0,,
38.88,,12.0,,,,,,,,,
38.9,,,,,,,,,12.0,,
38.93,11.0,,,,,,,,,,
38.94,12.0,,,,,,,,,,
38.95,,,,11.0,,,,,,,
38.97,,,,,,,,,,,11.0
38.97,,,,12.0,,,,,,,
38.99,,,,,,,,,,,12.0
39.01,,11.0,,,,,,,11.0,,
39.03,11.0,,,,,,,,10.0,,
39.09,,12.0,,,,,,,,,
39.1,,,,,,,,,12.0,,
39.11,12.0,,,12.0,,,,,,,
39.15,,,,,,,,,12.0,,
39.15,,,11.0,,,,,,,,
39.17,,,12.0,,,,,,,,
39.19,11.0,,,,,,,,,,
39.21,10.0,,,,,,,,,,
39.22,11.0,,,,,,,,,,
39.22,12.0,,,,,,,,,,
39.25,,12.0,,,,,,,12.0,,
39.29,11.0,,,,,,,,,,
39.31,12.0,,,,,,,11.0,,,
39.32,,,,,,,,12.0,,,
39.34,11.0,,,,,,,,,,
39.36,12.0,,,,,,,,,,
39.36,,,,,,,,,,,11.0
39.38,,,,,,,,,,,12.0
39.39,,,,,,,,12.0,,,
39.4,11.0,,,,,,,,,,11.0
39.44,,,,11.0,,,,,,,
39.45,,,,,,,,,,,10.0
39.46,,,,12.0,,,,,,,11.0
39.49,12.0,,,,,,,,,,
39.51,,,,,,,,11.0,,,12.0
39.56,,,,,,,,12.0,,,
39.63,,,,,,,,,,,12.0
39.76,,,,,,,,11.0,,,
39.77,,,,,,,,12.0,,,
39.78,,,11.0,,,,,,,,
39.79,,,12.0,,,,,,,,
39.83,,,,,0.0,,,,,,
39.84,,,,,1.0,,,,,,
39.85,,,11.0,,,,,,,,
39.86,,,12.0,,,,,,,,
39.88,,,,,,11.0,,,,,
39.89,,,,,,12.0,,,,,12.0
39.92,,,,,,,,11.0,,,11.0
39.93,,,,,,,,12.0,,,
39.94,,,,,,,,,,,12.0
39.96,,,,,,,,,,,12.0
40.08,,,,,,,,11.0,,,
40.1,,,,,,,,12.0,,,
40.24,,12.0,,,,,,,,,
40.34,,,,,,,,,,,11.0
40.35,,,,,,,,,,,12.0
40.4,,,,,,12.0,,,,,
40.4,,,,,,,,,,0.0,
40.42,,,,,,,,,,1.0,
40.45,12.0,,,,,,,,,,
40.5,,11.0,,,,,,,,,
40.53,,12.0,,,,,,,,,
40.56,,,,,,11.0,,,,,
40.57,,,,,,12.0,,,,,
40.59,,,,,,12.0,,,,,
40.64,,,,,0.0,,,,,,
40.65,,,,,1.0,,,,,,
40.74,,,11.0,,,,,,,,
40.75,,,12.0,,,,,,,,
40.77,,,11.0,,,,,,,,
40.78,,,11.0,,,,,,,,
40.79,,,12.0,,,,,,,,
40.82,11.0,,,,,,,,,,
40.84,12.0,,,,,,,,,,
40.89,,,,,,,,,11.0,,
40.9,,,,,,,,,12.0,,
40.96,,,,11.0,,,,,,,
40.97,,,,12.0,,,,,,,
41.0,,,,,,,,,12.0,,
41.03,,,,,,,,,,0.0,
41.06,,,,,,,,,,1.0,
41.17,,,12.0,,,,,,,,
41.19,,,,,,,,,11.0,,
41.2,,,,,,,,,12.0,,
41.22,,,,,,12.0,,,,,
41.25,,,,,,11.0,,,,,
41.27,,,,,,12.0,,,,,
41.32,,,11.0,,,,,,,,
41.34,,,12.0,,,,,,,,
41.39,11.0,,,,,,,,,,
41.4,12.0,,,,,,,,,,
41.41,,11.0,,,,,,,,,
41.45,,12.0,,11.0,,,,,,,
41.47,,,,12.0,,,,,,,
41.63,11.0,,,,,,,,,,
41.64,12.0,,,,,,,,,,
41.65,,,,,,11.0,,,,,
41.69,,,11.0,,,12.0,,,,,
41.72,,,,11.0,,,,,,,
41.75,,11.0,12.0,,,,,,,,
41.76,,10.0,,,,,,,,,
41.77,,,,12.0,,,,,,,
41.78,,11.0,,,,,,,,,
41.79,,12.0,,,,,,,,,
41.91,,,,,,,,,,,11.0
41.94,,,,,,,,,12.0,,12.0
41.96,,,,11.0,,,,11.0,,,
41.99,,,,,,,,,,,11.0
42.04,,,,,,,,10.0,,,
42.07,,,,,,,,11.0,,,
42.1,,,,,,,,11.0,,,
42.11,,,,12.0,,,,,,,12.0
42.12,,,,,,,,12.0,,,
42.14,,,11.0,,,,,,,,
42.15,,,,,,11.0,,11.0,,,
42.16,,,,,,,,10.0,,,
42.17,,,10.0,,,,,,,,
42.2,,,,,,,,9.0,,,
42.21,,,,,,,,,,,11.0
42.23,,,,,,10.0,,,,,
42.26,,,9.0,,,,,,,,
42.29,,,,11.0,,,,,,,
42.31,,,,,,9.0,,,,,
42.37,,,,,,,,,11.0,,
42.38,,,,10.0,,,,,,,
42.45,,,,,,,,,10.0,,
42.46,,,,,,,,,9.0,,
42.47,,,,,,8.0,,,,,
42.66,,,,,,7.0,,,,,
42.69,,,8.0,,,,,,,,
42.7,,,7.0,,,,,,,,
42.91,,,,9.0,,,,,,,
42.92,,,6.0,,,,,,,,
43.0,,11.0,,,,,,,,,
43.01,,,,8.0,,,,,,,
43.07,,,,,0.0,,,,,,
43.08,,10.0,,,1.0,,,,,,
43.09,,,,,,,,,,,10.0
43.1,,,,,,,,,,,9.0
43.11,,,,7.0,,,,,,,
43.15,,,,,,,,,8.0,,
43.16,,,,6.0,,,,,,,
43.23,,,,,,,,,7.0,,
43.24,,,,,,,,8.0,,,
43.27,,,,,0.0,,,,,,
43.28,,,,,1.0,,,,,,
43.31,,9.0,,,,,,,,,
43.34,,,,,,,,,6.0,,8.0
43.39,,,,,,,,,5.0,,
43.47,,,,5.0,,,,,,,
43.5,11.0,,,,,,,,,,
43.51,,,,,,,,,4.0,,
43.54,,,,,,,,,3.0,,
43.58,,,,,,,,7.0,,,
43.61,,,,,,,,6.0,,,
43.62,,,,,,,,5.0,,,
43.63,,,5.0,,,,,,,,7.0
43.65,,,,,,6.0,,,,,6.0
43.75,,,,,,5.0,,,,,
43.79,,,,,,,,,,,5.0
43.81,,,4.0,,,,,,,,
43.87,,,,,,,,4.0,,,
44.0,,,,,,,,,,,4.0
44.01,,,,,,,,3.0,,,
44.03,,,,,,,,2.0,,,
44.04,,,3.0,,,,,,,,
44.09,,,,,,,,,,0.0,
44.11,,,,,,,,,,1.0,
44.22,,,,4.0,,,,,,,
44.25,,,,,,,,,,,3.0
44.29,,,,,,,,,,0.0,2.0
44.31,,,,,,,,,,1.0,
44.36,,8.0,,,,,,,,,
44.37,,,,,,,,,2.0,,
44.5,,,,3.0,,,,,,,
44.53,10.0,,,,,,,,,,
44.54,,,,,,,,,1.0,,
44.75,,,,,,,,,,,1.0
44.85,9.0,,,,,,,,,,
44.88,,,2.0,,,,,,,,
44.95,,,,,,4.0,,,,,
45.16,,,,,,3.0,,,,,
45.46,,,,,,,,,0.0,,
45.62,,7.0,,,,,,,,,
45.71,,6.0,,,,,,,,,
45.81,,,1.0,,,2.0,,,,,
45.84,,5.0,,,,,,,,,
45.85,8.0,,,,,,,,,,
45.9,7.0,,,,,,,,,,
45.93,6.0,,,,,,,,,,
45.94,,,,2.0,,,,,,,
46.01,,4.0,,,,,,,,,
46.02,,,,,0.0,,,,,,
46.04,5.0,,,,,,,,,,
46.07,4.0,,,,,,,,,,
46.38,,,,,,,,,,,0.0
46.41,,,0.0,,,,,,,,
46.43,,,,,,,,1.0,,,
46.48,,,,,,,,0.0,,,
46.49,,,,,,1.0,,,,,
46.54,,,,,,,,,1.0,,
46.6,,,,,,0.0,,,,,
46.75,,,,,,,,,0.0,,
46.77,,3.0,,,,,,,,,
46.82,,2.0,,,,,,,,,
46.85,,,,1.0,,,,,,,
46.89,,,,,,,,,,0.0,
47.02,3.0,,,,,,,,,,
47.09,,1.0,,,,,,,,,
47.11,,,,0.0,,,,,,,
47.12,2.0,,,,,,,,,,
48.1,1.0,,,,,,,,,,
48.23,,,,,,,,,1.0,,
48.33,,0.0,,,,,,,,,
48.35,0.0,,,,,,,,,,
48.4,,,,,,,,,0.0,,
51.15,,,,,,,,1.0,,,
53.19,,,,,,,,0.0,,,
54.18,,,,1.0,,,,,,,
54.2,,,,,,,,,1.0,,
54.21,,,,,,1.0,,,,,
54.23,,,,,,2.0,,,,,
54.31,,,,,,3.0,,,,,
54.32,,,,,,6.0,,,,,
54.33,,,,,,7.0,,,,,
54.35,,,,,,11.0,,,,,
54.36,,,,,3.0,12.0,,,,,
54.37,,,,,6.0,,,,,,
54.38,,,,,8.0,,,,,,
54.39,,,,,10.0,,,,,,
54.4,,,,,12.0,,,,,3.0,
54.44,,,,,,,,,,4.0,
54.45,,,,,,,,,,5.0,
54.46,,,,,,,,,,9.0,
54.47,,,,,,,,,,11.0,
54.48,,,,,,,,,,12.0,
54.49,,,2.0,,,,,,,,
54.5,,,4.0,,,,,,,,
54.51,,,6.0,,,,,,,,
54.52,,,10.0,,,,,,,,
54.53,,1.0,12.0,,,,,,,,
54.54,,2.0,,,,,,,,,
54.57,,5.0,,,,,,,,,
54.58,,7.0,,,,,,,,,
54.61,,10.0,,,,,,,,,
54.63,,11.0,,,,,,,,,
54.64,,12.0,,,,,,,,,
54.65,1.0,,,,,,,,,,
54.66,3.0,,,,,,,,,,
54.67,4.0,,,,,,,,,,
54.68,7.0,,,,,,,,,,
54.69,8.0,,,,,,,,,,
54.7,9.0,,,,,,,,,,
54.71,10.0,,,,,,,,,,
54.72,11.0,,,,,,,,,,
54.73,12.0,,,,,,,,,,4.0
54.74,,,,,,,,,,,8.0
54.75,,,,,,,,,,,12.0
54.82,,,,,,,,,,12.0,
55.02,,,,,11.0,,,,,,
55.03,,,,,12.0,11.0,,,,,
55.04,,,,,,12.0,,,,,
55.06,,,,,,,,,,,11.0
55.07,,,,,,,,,,,12.0
55.09,,,,,,12.0,,,,,
55.31,,,,,,,,1.0,,,
55.33,,,,,11.0,,,,,,
55.34,,,,,12.0,,,,,,
55.35,,,,,,12.0,,,,,
55.38,,,,,12.0,,,,,,
55.46,,,12.0,,,,,,,,
55.51,,,,,,,,1.0,,,
55.67,,,,,,,,0.0,,,
55.69,,,,,,,,1.0,,,
55.75,,,,,12.0,,,,,,
55.76,,,,,12.0,,,,,,
55.79,,11.0,,,,,,,,,
55.81,,12.0,,,,11.0,,,,,11.0
55.82,,,,,,12.0,,,,,12.0
56.02,,,,,,,,,,12.0,
56.23,,,11.0,,,,,,,,
56.24,,,12.0,,,,,,,,
56.41,,,,,,11.0,,,,,
56.42,,,,0.0,,,,,,,
56.44,,,11.0,,,,,,,,
56.45,,,10.0,,,12.0,,,,,
56.46,,,,,,11.0,,,,,11.0
56.48,,,11.0,,,,,,,,
56.5,,,12.0,,,,,,,,
56.53,,,11.0,,,,,,,,
56.59,,,,1.0,,,,,,,
56.6,,,,2.0,,,,,,,
56.61,,,,6.0,,,,,,,
56.62,,,,10.0,,,,,,,
56.63,,,,12.0,,,,,,,
56.64,,,12.0,,,,,,,,
56.65,,,,,,12.0,,,,,12.0
57.06,,12.0,,,,,,,,,
57.23,,,,11.0,,,,,,,
57.24,,,,12.0,,,,,,,
57.31,,11.0,,,,,,,,,
57.32,,12.0,,,,,,,,,
58.16,,,,12.0,,,,,,,
58.21,,,,,,,,,,,11.0
58.22,,,,,,,,,,,12.0
58.38,,,,11.0,,,,,,,
58.39,,,,12.0,,,,,,,
58.5,,,12.0,,,,,,,,
58.59,,,,,,12.0,,,,,
58.63,,,,,11.0,,,,,,
58.64,,,,,11.0,,,,,,
58.67,,,,,12.0,,,,,,
58.68,,,,,,11.0,,,,11.0,
58.7,,,,,,,,,,10.0,
58.74,,,,,,,,,,9.0,
58.75,,,,,,10.0,,,,7.0,
58.77,,,,,,,,,,9.0,
58.78,,,,,,,,,,7.0,
58.79,,,,,,,,,,6.0,
58.82,,,,,,,,,,7.0,
58.83,,,,,,,,,,6.0,
58.84,,,,,,11.0,,,,,
58.89,,,,,,12.0,,,,,
58.9,,,,,,,,,,9.0,
58.91,,,,,,,,,,12.0,
58.94,,,,,,,,,,,12.0
58.95,,,,,11.0,,,,,,
58.96,,,,,12.0,,,,,,
59.0,,,,,,,,,,,12.0
59.01,,,,,,,,,,,11.0
59.02,,,,,,11.0,,,,,10.0
59.03,,,,,,,,,,,9.0
59.04,,,,,,12.0,,,,,12.0
59.07,,,,,,,,,,,11.0
59.08,,,,,,,,,,,12.0
59.12,,,,,,,,,,,12.0
59.15,,,,,,,,,,,12.0
59.2,,,,,,,,,,11.0,
59.21,,,,,,,,,,12.0,
59.23,,,,,,,,,,11.0,
59.25,,,,,,,,,,11.0,
59.26,,,,,,,,,,12.0,
59.39,11.0,,,,,,,,,,
59.4,12.0,,,,,,,,,,
59.45,,,11.0,,,,,,,,
59.46,,,11.0,,,,,,,,
59.47,,,12.0,,,,,,,,
59.52,,,11.0,,,12.0,,,,,
59.54,,,11.0,,,,,,,,11.0
59.56,,,11.0,,,,,,,,
59.57,,,,,,,,,,,12.0
59.58,,,12.0,,,,,,,,
59.64,,,12.0,,12.0,,,,,,
59.65,,,,,10.0,,,,,,
59.66,,,,,11.0,,,,,,
59.69,,,,,,10.0,,,,,
59.7,,,,,12.0,,,,,,
59.73,,,,,,11.0,,,,,
59.74,,,,,,12.0,,,,,
59.75,,,,,,12.0,,,,,
59.76,,,,,11.0,,,,,,
59.77,,,,,11.0,,,,,,
59.78,,,,,12.0,,,,,,
59.83,12.0,,,,,,,,,,
59.84,,,,,12.0,,,,,,
59.94,,11.0,,,,,,,,,
59.95,,12.0,,,,,,,,,
60.03,,,11.0,,,,,,,,
60.06,,,12.0,,,,,,,,
60.07,,12.0,,,,,,,,,
60.14,,,,,,,,,,,12.0
60.18,,,11.0,,,,,,,,
60.19,,,12.0,,,,,,,,
60.22,,,,,12.0,,,,,,
60.25,,,,,,,,,,11.0,
60.26,,,,,,,,,,12.0,
60.35,,,,,12.0,,,,,,
60.42,,,12.0,,,,,,,,
60.44,,,,,,12.0,,,,,
60.51,11.0,,,,,,,,,,
60.52,12.0,,,,,,,,,,
60.65,,,,,,,,,,,11.0
60.67,,,,,,11.0,,,,,12.0
60.7,,,,,,12.0,,,,,
60.71,,,,11.0,,,,,,,
60.72,,,11.0,12.0,,,,,,,
60.73,,,12.0,,11.0,,,,,,
60.74,,,,,12.0,,,,,,
60.83,,,,,12.0,,,,,,
60.87,,,,,,,,,,11.0,
60.88,,,,,,,,,,12.0,
60.95,,,,,,,,,,,12.0
60.98,,,,,,,,,,11.0,
60.99,,,,,,,,,,12.0,
61.06,,11.0,,,,,,,,,
61.08,,12.0,,,,,,,,,
61.1,,,,,,12.0,,,,,
61.15,,11.0,,,11.0,,,,,,
61.18,,9.0,,,,,,,,,
61.19,,8.0,,,12.0,,,,,,
61.2,,7.0,,,,,,,,,
61.21,,6.0,,,,,,,,,
61.22,,,11.0,,,,,,,,
61.23,,7.0,,,,,,,,,
61.25,,6.0,,,,,,,,,
61.26,11.0,7.0,,,,,,,,,
61.27,10.0,,,,,,,,,,
61.31,,,10.0,,,,,,,,
61.32,9.0,,,,,,,,,,
61.34,,6.0,,,,,,,,,11.0
61.37,8.0,,,,,,,,,,
61.38,7.0,,,,,,,,,,
61.4,6.0,7.0,,,,,,,,,
61.41,,,11.0,,,,,,,,
61.42,5.0,,12.0,,,,,,,,
61.43,4.0,,,,,,,,,,
61.45,3.0,,,,,,,,,,
61.49,,8.0,,,,,,,,,
61.5,,9.0,,,,,,,,,
61.51,5.0,12.0,11.0,,,,,,,,12.0
61.52,4.0,,,,,,,,,,
61.54,5.0,,10.0,,,,,,,,
61.58,,,,11.0,,11.0,,,,,
61.59,6.0,,,10.0,,,,,,,
61.61,,,,8.0,,,,,,,
61.62,,,,7.0,,,,,,,
61.63,8.0,,,,,,,,,,
61.65,,,,9.0,,,,,,,
61.66,,,,10.0,,,,,,,
61.67,,,,11.0,,,,,,,
61.72,,,,9.0,,,,,,,
61.73,,,,10.0,,,,,,,
61.75,,,,9.0,,,,,,,
61.78,,,,,,12.0,,,,,
61.79,9.0,,,,,,,,,,
61.81,12.0,,11.0,,,,,,,,
61.82,,,12.0,11.0,,,,,,,
61.86,,,,12.0,,,,,,,
62.0,,,,,,11.0,,,,,
62.01,,,,,,12.0,,,,,
62.25,,,,,,,,,,,12.0
62.33,,,,12.0,,,,,,11.0,
62.35,,,,,,,,,,12.0,
62.41,,,11.0,,,,,,,,
62.42,,,,,,,,,,11.0,
62.45,,,12.0,11.0,,,,,,,
62.46,,,,12.0,,,,,,12.0,
62.5,,,,,,,,,,,12.0
62.53,,11.0,,,,,,,,,11.0
62.54,,,,,,,,,,,12.0
62.56,,12.0,,,,,,,,,
62.58,11.0,,,,,,,,,,
62.59,12.0,,,,,,,,,,
62.61,,,,,,,,,,,12.0
62.68,11.0,,,,,,,,,,
62.69,12.0,,,,,,,,,,
62.72,,11.0,,12.0,,,,,,,
62.73,,12.0,,,,,,,,,
62.75,,,,12.0,,,,,,,
62.85,11.0,,,,,,,,,,
62.86,12.0,,,,,,,,,,
62.97,,,,,,,,,,,11.0
62.99,,,,,,,,,,,12.0
63.0,,,11.0,,,,,,,,
63.01,,,12.0,,,,,,,,
63.11,,,,,,,,,,11.0,
63.12,,,,,,,,,,11.0,
63.13,,,,,,,,,,11.0,
63.14,,,,,,,,,,12.0,
63.2,,,,,,,,,,11.0,
63.21,,,,,,,,,,12.0,
63.22,,,,11.0,,,,,,,
63.23,,,,11.0,,,,,,,
63.24,,,,12.0,,,,,,,11.0
63.25,,,,,,,,,,12.0,12.0
63.29,,,,,,11.0,,,,12.0,
63.31,,,,,,12.0,,,,,11.0
63.33,,,,,,,,,,,12.0
63.43,,,,,,,,,,,11.0
63.47,,,,,,,,,,11.0,
63.48,,,,,,,,,,,12.0
63.5,,,11.0,,,,,,,,
63.51,,,,,,,,,,12.0,
63.53,,,,,,,,,,11.0,
63.6,,,12.0,,,,,,,11.0,
63.62,,,11.0,,,,,,,,
63.63,,,10.0,,,,,,,,
63.66,,,,,,,,,,,11.0
63.7,,,,,,,,,,12.0,
63.71,,,11.0,,,,,,,,12.0
63.74,,,12.0,,,,,,,,
63.78,,12.0,,,,,,,,,
63.9,,,,,,11.0,,,,,
63.92,,,,,,12.0,,,,,
63.95,,,,,,,,,,,11.0
63.96,,,,,11.0,,,,,,12.0
63.98,,,,,12.0,,,,,,
63.99,11.0,,,,,,,,,,
64.0,12.0,,,,,,,,,,
64.02,,,,,11.0,,,,,,
64.04,,,,,12.0,,,,,,
64.17,,,,,,11.0,,,,,
64.19,,,,,11.0,,,,,,
64.2,,,,,,12.0,,,,,
64.2,,,,,12.0,11.0,,,,,
64.22,,,,,,12.0,,,,,
64.26,,,,,,11.0,,,,,
64.27,,,,,,12.0,,,,,
64.36,,,,,11.0,,,,,,
64.37,,,,,12.0,,,,,,
64.48,,,,,,11.0,,,,12.0,
64.5,,,,,,12.0,,,,,12.0
64.51,,,11.0,,,,,,,,
64.56,,,12.0,,,,,,,,
64.66,,,11.0,,,,,,,,
64.67,,,12.0,,,,,,,,
64.95,,,,,,,,,,11.0,
64.97,,,,,,,,,,12.0,
65.0,,,,,12.0,,,,,,
65.02,,,,,,,,,,,11.0
65.03,,,,,,,,,,,12.0
65.06,,11.0,11.0,,,,,,,,
65.06,,12.0,,,,,,,,,
65.08,,,12.0,,,,,,,,
65.09,,,,,,,,,,,12.0
65.09,,,,,,11.0,,,,,
65.11,,,,,,12.0,,,,,
65.12,,,,,,12.0,,,,,
65.15,,,,,,12.0,,,,,
65.18,,,12.0,,,,,,,,
65.19,,,,,11.0,,,,,,
65.2,,,,,12.0,,,,,11.0,
65.2,,,,,,,,,,12.0,
65.23,,,,,11.0,,,,,,
65.23,,,,,11.0,,,,,,
65.25,,,,,12.0,,,,,12.0,
65.29,,,12.0,,,,,,,,
65.34,11.0,,,,,,,,,,
65.34,12.0,,,,,,,,,,
65.4,,,,,,,,,,11.0,
65.42,,,,,,,,,,12.0,
65.48,,,11.0,,,,,,,,
65.5,,,12.0,,,,,,,,
65.51,,,11.0,,,,,,,,
65.52,,,12.0,,,,,,,,
65.54,,,,,11.0,,,,,,
65.61,,,,,12.0,,,,,,
65.68,,,,,11.0,,,,,,
65.69,,,,,12.0,,,,,,
65.73,,,,,11.0,,,,,,
65.73,,,,,12.0,,,,,,11.0
65.75,,,,12.0,,,,,,,12.0
65.77,,,,12.0,,,,,,,
65.81,,,,11.0,,,,,,,
65.84,,,,12.0,,,,,,,
65.9,,,,,,11.0,,,,,
65.91,,,11.0,,,12.0,,,,,
65.92,12.0,,12.0,,,,,,,,
65.93,,,,,,,,,,11.0,
65.98,,,,,,,,,,12.0,
66.04,,,,,,,,,,,11.0
66.06,,,,,,,,,,,12.0
66.13,,,,11.0,12.0,,,,,,
66.16,,,,12.0,,,,,,,
66.2,,,,,,11.0,,,,,
66.23,,,,,,12.0,,,,,
66.42,,,11.0,,12.0,11.0,,,,,
66.43,,,12.0,,,12.0,,,,,
66.54,,,,,11.0,,,,,,
66.56,,,,,12.0,,,,,,
66.56,,,,,,,,,,12.0,
66.59,,11.0,,,,,,,,,
66.59,,12.0,,,,,,,,,
66.65,,,,11.0,,,,,,,11.0
66.66,,,,12.0,,,,,,,12.0
66.76,,,,,,,,,,,11.0
66.77,,,,,,,,,,,12.0
66.84,,,,11.0,11.0,,,,,,
66.87,,,,12.0,12.0,,,,,,
66.88,,12.0,,,,,,,,,
66.91,,12.0,,11.0,,,,,,,
66.92,,,,10.0,,,,,,,
66.93,,,,11.0,,,,,,,
66.94,,,,12.0,,,,,,,
66.98,,,,,,,,,,12.0,
67.04,11.0,,,,,,,,,,
67.06,12.0,,,,,,,,,,
67.15,,,,,,11.0,,,,,
67.16,,,,,,12.0,,,,,
67.19,11.0,,,,,,,,,,
67.2,11.0,,,,,,,,,,
67.23,12.0,,,,,,,,,,
67.29,,,,,,,,,,,12.0
67.4,,,,,,,,,,12.0,
67.41,,,,,,,,,,12.0,
67.48,,,,,,,,,,11.0,
67.5,,,,,,,,,,11.0,
67.51,,,,,,,,,,12.0,
67.53,,,,,,,,,,12.0,
67.54,,,,,,11.0,,,,,
67.56,,,,,,12.0,,,,,
67.56,,,,11.0,,,,,,,
67.58,,,,12.0,,,,,,,
67.63,,,,,,,,,,11.0,11.0
67.64,,,,,,,,,,12.0,12.0
67.7,,,,,,,,,,,11.0
67.72,,,,,,,,,,,12.0
67.77,,11.0,,,,,,,,,
67.78,,12.0,,,,,,,,,
67.79,,12.0,,,,,,,,,
67.95,,,,11.0,,,,,,,
67.97,,,,12.0,,,,,,,11.0
67.98,,,,,,,,,,,12.0
68.0,,12.0,12.0,,,,,,,,
68.03,,,,,,11.0,,,,,
68.04,,11.0,,,,,,,,,
68.08,11.0,10.0,,,,,,,,,
68.09,12.0,,,,,12.0,,,,,
68.09,,11.0,,,,,,,,,
68.12,,12.0,,,,,,,,,
68.13,,12.0,,,,,,,,,
68.16,11.0,,,,,,,,,,
68.17,12.0,,,,,,,,,,
68.19,11.0,,,,,,,,,,
68.2,,,,11.0,,11.0,,,,,
68.2,,,,,,,,,,,11.0
68.23,12.0,,,12.0,,12.0,,,,,12.0
68.25,,,,11.0,,,,,,,
68.27,,,,12.0,,,,,,,
68.28,,,,,11.0,,,,,,
68.34,,,,,12.0,12.0,,,,12.0,
68.36,12.0,,,,,,,,,,
68.4,,,,,,,,,,,12.0
68.42,,,,,,11.0,,,,,
68.43,,,,,,12.0,,,,,
68.47,11.0,,,,,,,,,,
68.48,12.0,,,,,,,,,,
68.59,,,,,,11.0,,,,,
68.59,,,,,,12.0,,,,,
68.62,,,,11.0,,,,,,,
68.63,,,,12.0,,,,,,,
68.66,,,11.0,,,,,,,,
68.67,,,12.0,,,,,,,,
68.77,,,11.0,,,,,,,,
68.78,,,10.0,,,,,,,,
68.79,,,11.0,,,,,,,,
68.83,,,12.0,,,,,,,,
68.88,,,,,,,,,,11.0,
68.9,,,,,,,,,,12.0,11.0
68.91,,,,,11.0,,,,,,
68.92,,,,,,,,,,,12.0
68.93,,,,,12.0,,,,,,
68.95,,12.0,,,,,,,,,
69.01,,,,,,,,,,12.0,
69.08,,12.0,,,,,,,,,
69.12,,,,11.0,,,,,,,
69.13,,,,12.0,,,,,,,
69.2,,,,,,,,,,11.0,
69.23,,,,,,,,,,12.0,
69.27,,,,,11.0,,,,,,
69.28,,,,,12.0,11.0,,,,,
69.31,,,,,,12.0,,,,,
69.34,,,,,12.0,,,,,,
69.38,12.0,,,,,,,,,,
69.39,,11.0,,,,,,,,,
69.4,,12.0,,,,,,,,,
69.41,,,,,,,,,,,11.0
69.42,,,,,,,,,,,11.0
69.44,,,,,,,,,,,12.0
69.45,,,,,,,,,,11.0,
69.47,,,,,,,,,,12.0,
69.5,,,,,,12.0,,,,,
69.51,,,,,12.0,,,,,,
69.59,,,12.0,,,,,,,,
69.72,,12.0,,,,,,,,,
69.75,,,12.0,,,,,,,,
69.84,,,,,11.0,,,,,,
69.86,,,,,12.0,,,,,,
69.88,,,,,,12.0,,,,,
69.89,,,,,,12.0,,,,,
69.95,,,,12.0,,,,,,,
69.98,,,,,,,,,0.0,,
70.0,,,,,11.0,,,,1.0,,12.0
70.01,,,11.0,,12.0,,,,,,
70.02,,,12.0,,,,,,,,
70.12,,,,,,,,,,,11.0
70.13,,,,,,,,,,,12.0
70.2,,,12.0,,,,,,,,
70.25,,,,,,,,,,12.0,
70.28,,,,,11.0,,,,,,
70.29,,,,,12.0,,,,,11.0,
70.31,,,,,,,,,,12.0,
70.31,,,,,,,,,,,11.0
70.37,,,,,,,,,,,12.0
70.41,,,11.0,,,,,,,,
70.42,,,12.0,,,12.0,,,,,
70.47,,,,,,,,,,12.0,
70.48,,,,,11.0,,,,,,
70.48,,,,11.0,12.0,,,,,,
70.5,,,,12.0,,,,,,,
70.53,,,,,,12.0,,,,,
70.54,,,,,,12.0,,,,,
70.56,,,12.0,,11.0,,,,,,
70.56,,,,,12.0,,,,,,
70.64,11.0,,,,,,,,,,
70.65,12.0,,,,,,,,,,
70.66,,,,,,12.0,,,,,
70.68,,,11.0,,,,,,,,
70.72,,,12.0,,,,,,0.0,,
70.73,,,,,,,,,1.0,,
70.75,12.0,,,,,,,,,,
70.78,,,,,,,,,,12.0,
70.87,,,,,,,,,,,11.0
70.89,,,,,,,,,,,12.0
70.91,,,,11.0,,,,,,,
70.93,,,,12.0,,,,,,,
70.97,,,11.0,,,,,,,,
70.98,,,12.0,,,,,,,,
71.03,,,,,,,,,,,11.0
71.06,,,,,,,,0.0,,,12.0
71.08,,,,,,,,1.0,,,
71.13,,,,,11.0,,,,,,
71.14,,,,,12.0,,,,,,
71.18,,,,11.0,,,,,,,
71.19,,,,12.0,,,,,,,11.0
71.34,,,,,,11.0,,,,11.0,
71.43,,,11.0,,,,,,,,
71.44,,,,,,,,,,,10.0
71.47,,,,11.0,,,,,,,
71.52,,,,,,10.0,,,,,
71.56,,,,,11.0,,,,,,
71.62,,,,10.0,,,,,,,
71.64,,11.0,,,,,,,,,
71.65,,,,9.0,,,,,,,
71.7,,,10.0,,,,,,,,
71.72,,,,,,,,0.0,,,
71.73,,,,8.0,,,,1.0,,,
71.77,,,,,,,,,,10.0,
71.84,,,,,,,,,,9.0,
71.86,,,,,,,,,,8.0,
71.87,,,,,10.0,,,,,,
71.93,,,,,,,,,,7.0,9.0
71.95,,10.0,,7.0,,,,,,,
71.98,,,,6.0,9.0,,,,,,
72.0,11.0,,,,,,,,,,8.0
72.06,,,,5.0,,,,,,,
72.23,,,,,8.0,,,,,,
72.28,,9.0,,,,,,,,,
72.41,,,,,,,,,,,7.0
72.5,10.0,,,,,,,,,,
72.59,,,,,,,,,,6.0,
72.63,,,,,,9.0,,,,,6.0
72.73,,,9.0,,,,,,,,
72.87,,,,,,8.0,,,,,
73.08,,,8.0,,,,,,,,
73.25,,,,,,,,,,,5.0
73.31,,,,4.0,,,,,,,
73.34,,,,,7.0,,,,,,
73.36,,,,3.0,,,,,,,
73.5,9.0,,,,,,,,,,
73.59,,,,,,,,,,5.0,
73.67,,,,,6.0,,,,,,
73.7,,,,,,,,,,,4.0
73.7,8.0,,,,,,,,,,
73.72,,,,,,7.0,,,,,
73.75,7.0,,,,,,,,,4.0,
73.81,6.0,,,,,,,,,,
73.83,5.0,,,,,,,,,,
73.84,,,,,,,,,,3.0,3.0
73.91,,,7.0,,,,,,,,
73.92,,,6.0,,,,,,,,
74.06,,,,,,,,,0.0,,
74.09,,,,,,,,,1.0,,
74.23,,,,2.0,,,,,,,
74.28,,,,,,,,,0.0,,
74.29,,,,,,,,,1.0,,
74.31,,,,,,6.0,,,,,
74.47,,,,,,,,,,,2.0
74.48,,8.0,,,,,,,,,
74.5,,,,,5.0,,,,,,
74.51,,7.0,,,,,,,,,
74.52,,6.0,,,,,,,,,
74.61,,,,,,,,,,2.0,
74.64,,,5.0,,,,,,,,
74.67,,5.0,,,,,,,,,
74.69,,4.0,,,4.0,,,,,,
74.72,,3.0,,,,,,,,,
74.73,,,,,,,,,,,1.0
74.83,,,,,,,,,,1.0,
74.84,,,,,3.0,,,,,,
74.84,,,,,,5.0,,,,,
74.87,,,4.0,,,4.0,,,,,
74.95,4.0,,,,,,,,,,
74.95,3.0,,,,,,,,,,
74.97,,,,1.0,,,,,,,
75.02,,,3.0,,,,,,,,
75.06,,,,,,,,,,0.0,
75.12,,,,,2.0,,,,,,
75.25,,,,,,3.0,,,,,
75.28,,,,,,,,0.0,,,
75.29,,,,,,,,1.0,,,
75.31,,,,0.0,,,,,,,
75.34,,,,,,,,,,,0.0
75.5,,,,,,,,0.0,,,
75.52,,,2.0,,1.0,,,,,,
75.58,,,1.0,,,,,,,,
75.66,,,,,,2.0,,,,,
75.68,,2.0,,,,,,,,,
75.72,,,,,0.0,,,,,,
75.92,,,,,,1.0,,,,,
75.93,2.0,,,,,0.0,,,,,
76.0,1.0,,0.0,,,,,,,,
76.02,,1.0,,,,,,,,,
76.14,,,,,,,,,,1.0,
76.34,,,,,,,,,,0.0,
76.43,,0.0,,,,,,,,,
76.72,,,,1.0,,,,,,1.0,
76.73,,,,,,,,1.0,,,
76.87,,,,,,,,,,0.0,
76.88,,,,,,,,,0.0,,
77.2,0.0,,,,,,,,,,
78.98,,,,0.0,,,,,,,
79.28,,,,,,,,0.0,,,
80.12,,,,,,1.0,,,,,
82.43,,,,,,,,,,1.0,
82.5,,,,6.0,,,,,,,
82.51,,,,9.0,,,,,,,
82.52,,,,12.0,,,,,,,
82.69,,,,,,0.0,,,,,
82.72,,,,,,1.0,,,,,
82.73,,,,,,7.0,,,,,
82.74,,,,,,8.0,,,,,
82.75,,,,,,12.0,,,,,
83.14,,,,11.0,,,,,,,
83.15,,,,12.0,,,,,,,
83.16,,,,12.0,,,,,,,
83.21,,,,,1.0,,,,,,
83.23,,,,,2.0,,,,,,
83.24,,,,,4.0,,,,,,
83.25,,,,,7.0,,,,,,
83.26,,,,,8.0,,,,,,
83.27,,,,,11.0,,,,,,
83.28,,,1.0,,12.0,,,,,,
83.29,,,2.0,,,,,,,,
83.31,,,4.0,,,,,,,,
83.34,,,6.0,,,,,,,,
83.36,,,7.0,,,,,,,,
83.37,,,11.0,,,,,,,,
83.38,,,12.0,,,,,,,,
83.39,1.0,,,,,,,,,,
83.4,2.0,,,,,,,,,,
83.42,3.0,,,,,,,,,,
83.43,5.0,,,,,,,,,,
83.45,,,,,,11.0,,,,,
83.46,7.0,,,,,,,,,,
83.47,8.0,,,,,,,,,,
83.48,9.0,,,,,10.0,,,,,1.0
83.49,11.0,,,,,,,,,,
83.5,12.0,7.0,,11.0,,,,,,,
83.53,,8.0,,,,,,,,,
83.54,,12.0,,,,,,,,,
83.57,,,,,,,,2.0,,,
83.58,,,,,,,,4.0,,,
83.63,,,,,,,,5.0,,,
83.68,,,,,,,,6.0,,,0.0
83.73,,,,,,,,8.0,,,
83.76,,,,,,,,9.0,,,
83.77,,,,,,,,12.0,2.0,,
83.78,,,,,,,,,3.0,,
83.79,,,,,,,,,8.0,,
83.81,,,,,,,,,12.0,,
83.82,,,,12.0,,12.0,,,,,1.0
83.84,,,,,,11.0,,,,,
83.86,,,,,,12.0,,,,,
83.87,,,11.0,,,,,,,,
83.88,,,10.0,11.0,,,,,,,
83.89,,,11.0,,,,,,,,
83.9,,,12.0,12.0,,,,,,,
83.92,,,,,11.0,,,,,,
83.93,,,,,12.0,,,,,,
83.96,,,,,,,,,,,0.0
83.99,,,,,,,,,,,1.0
84.02,,,,12.0,,,,,,,
84.11,11.0,,,,,,,,,,
84.12,12.0,,,,,,,,,,
84.21,,,12.0,,,,,,,,
84.22,,,,,11.0,,,,,,
84.23,,,,,12.0,,,,,,
84.24,,,,,,11.0,,,,,
84.25,,,,,11.0,,,,,,
84.26,,,,,,12.0,,,,,
84.27,,,,,12.0,,,,,,
84.38,,,,,,,,11.0,,,
84.39,,,,,,,,12.0,,,
84.41,,,,11.0,,,,,,,
84.42,,,,12.0,,,,,,,
84.62,,,12.0,,,,,,,,
84.67,,,,,11.0,,,,,,
84.68,,,,,12.0,,,,,,
84.79,,11.0,,,,,,,,,
84.81,,,,,,11.0,,,,,
84.82,,12.0,,,,,,,,,
84.83,,,,,,12.0,,,,,
85.32,,,,,,,,11.0,,,
85.33,,,,,,,,12.0,,,
85.48,,,,,,,,12.0,,,
85.83,,11.0,,,,,,,,,
85.84,,12.0,,,,11.0,,,,,
85.85,,,,,,11.0,,,,,
85.86,,,,,,12.0,,,,,
85.96,11.0,,,,,,,,,,
85.97,12.0,,,,,,,,,,
86.07,,11.0,,,,,,,,,
86.08,,12.0,,,,,,,,,
86.1,,11.0,,,,,,,,,
86.11,,12.0,,,,,,,,,
86.21,,11.0,,,,,,,,,
86.24,,12.0,,,,,,,,,
86.6,,,,11.0,,,,,,,
86.61,,,,11.0,,,,,,,
86.62,,,,11.0,,,,,,,
86.63,,,,12.0,,,,,,,
86.75,,,,,11.0,,,,,,
86.76,,,,,12.0,,,,,,
86.84,,,,,,,,,11.0,,
86.85,,,,,,,,,12.0,,
86.96,,,,,,,,12.0,,,
86.98,,,,11.0,,,,,,,
87.0,,,,12.0,,,,,,,
87.06,,,,,,,,,12.0,,
87.08,,,,,,12.0,,,,,
87.1,,11.0,,,,,,,,,
87.11,,12.0,,,,,,,,,
87.14,,,,,,11.0,,,,,
87.16,,,,,,12.0,,,,,
87.18,,,,,,,,11.0,,,
87.19,,,,,,,,12.0,,,
87.2,,,,,,12.0,,,,,
87.25,,,,,,,,11.0,,,
87.28,,,,,,,,12.0,,,
87.29,,11.0,,,,,,,,,
87.33,,12.0,,,,,,,,,
87.35,,,11.0,,,,,,,,
87.36,,,12.0,,,,,,,,
87.39,,,12.0,,,,,,,,
87.5,,,,,11.0,,,,,,
87.51,,,,,,11.0,,,,,
87.52,,,,,12.0,,,,,,
87.53,,,,11.0,,,,,,,
87.56,,,,,11.0,12.0,,,,,
87.57,,,,11.0,12.0,,,,,,
87.58,,,,12.0,,,,,,,
87.61,,,,12.0,,,,,,,
87.64,,,11.0,,,,,,,,
87.67,,,12.0,,,,,,,,
87.83,,,,,11.0,,,,,,
87.84,,,,,12.0,,,,,,
87.87,,,,,,,,11.0,,,
87.88,,,,,,,,11.0,,,
87.89,,,,,,,,10.0,,,
87.9,,,,,,,,9.0,,,
87.92,,,,,,,,10.0,,,
87.93,,,,,,,,12.0,,,
87.99,,,,,,,,11.0,,,
88.0,,,,,,,,12.0,,,
88.01,,,,,,,,11.0,,,
88.03,,,,,,,,,11.0,,
88.04,,,,,,,,11.0,,,
88.06,,,,,,11.0,,12.0,,,
88.07,,,11.0,,,,,,9.0,,
88.08,,,,,,,,11.0,10.0,,
88.09,,,,,,12.0,,12.0,,,
88.1,,,,,,11.0,,,,,
88.13,,,,,,,,,8.0,,
88.15,,,,,,10.0,,,9.0,,
88.16,,,,,,,,,9.0,,
88.17,,,,,,,,,7.0,,
88.19,,,,,,,,,6.0,,
88.2,,,12.0,,,,,,,,
88.21,,,,,,12.0,,,6.0,,
88.22,,,,,,,,,7.0,,
88.23,,,,,,,,,12.0,,
88.25,,,,11.0,,,,,,,
88.26,,,11.0,,,,,,,,
88.28,,,12.0,12.0,,,,,,,
88.31,,,11.0,,,,,,,,
88.34,,,12.0,,,,,,,,
88.36,,,11.0,,,,,,,,
88.38,,,12.0,,,,,,,,
88.39,,,11.0,,,,,,,,
88.4,,,12.0,,,,,,,,
88.45,,,11.0,,,,,,,,
88.46,,,12.0,,,,,,,,
88.5,,,,,12.0,,,,,,
88.51,,,,,11.0,,,,,,
88.52,,,,,12.0,,,,,,
88.54,,,,,,,,,11.0,,
88.56,,,,,11.0,,,11.0,12.0,,
88.57,,,,,12.0,,,12.0,,,
88.63,,,,,,,,11.0,,,
88.64,,,,,,,,12.0,,,
88.69,,,,,11.0,,,,,,
88.7,,,,,12.0,,,,,,
88.73,,,,,11.0,,,,,,
88.74,,,,,12.0,,,,,,
88.78,,11.0,,,12.0,,,,,,
88.79,,12.0,,,,,,,,,
88.83,,,,,,,,,11.0,,
88.84,,,,,,,,,12.0,,
88.87,,,11.0,,,,,,,,
88.88,,,12.0,,,,,,,,
88.9,,,,11.0,,,,,,,
88.91,,,,12.0,,,,,,,
88.92,,,,11.0,,,,,,,
88.93,,,,12.0,,,,,,,
88.99,,,11.0,,,,,,11.0,,
89.0,,,10.0,,,,,,12.0,,
89.03,,,11.0,,,,,,,,
89.04,,,12.0,,,,,,,,
89.08,,,,11.0,,,,,,,
89.09,,,,12.0,,,,,,,
89.17,,,11.0,,,,,,,,
89.18,,,12.0,,,,,,,,
89.2,,,,,,11.0,,,,,
89.21,,,,,,12.0,,,,,
89.24,,,,,11.0,,,,,,
89.25,,,,,12.0,,,,,,
89.31,,,,,,11.0,,,,,
89.33,,,,,,12.0,,,,,
89.42,,,,12.0,,,,,,,
89.52,,,,,12.0,,,,,,
89.63,,,,,,,,11.0,,,
89.64,,,,,,,,12.0,,,
89.65,,,11.0,,,,,,,,
89.66,,,12.0,,,,,,,,
89.74,,,,,,12.0,,,,,
89.88,,,,,11.0,,,,,,
89.89,,,,,12.0,,,,,,
89.93,,,,,,,,11.0,11.0,,
89.94,,,,,,,,12.0,,,
89.95,,,,,,,,,12.0,,
90.0,11.0,10.0,,,,,,,,,
90.01,12.0,,,,,,,,,,
90.02,11.0,11.0,,,,,,11.0,,,
90.04,,12.0,,,,,,,,,
90.07,,,,,,,,12.0,,,
90.08,12.0,,,,,,,,,,
90.09,11.0,,,,,,,,,,
90.1,12.0,11.0,,,,,,,,,
90.11,11.0,12.0,,,,,,,,,
90.13,12.0,,,,,,,,,,
90.15,10.0,11.0,,,,,,,,,
90.16,11.0,12.0,11.0,,,,,,,,
90.17,10.0,,12.0,,,,,,,,
90.18,12.0,,,,,,,,,,
90.19,12.0,,,,,,,,,,
90.25,,11.0,,,,,,,,,
90.26,,12.0,,,,,,,,,
90.29,,,,,,,,11.0,,,
90.31,,,,,,,,12.0,,,
90.39,,11.0,,,,,,,,,
90.4,,12.0,,,,,,,,,
90.48,,,,,11.0,,,,,,
90.51,,,,,12.0,,,,,,
90.65,,,11.0,,,,,,,,
90.68,,,12.0,,,,,,,,
90.74,11.0,,,,,,,,,,
90.75,12.0,,,,,,,,,,
90.83,,,11.0,,,,,,,,
90.84,,,12.0,,,,,,,,
90.85,,,,11.0,,,,,,,
90.87,,,,12.0,,,,,,,
90.95,,,11.0,,,,,,,,
90.96,,,12.0,,,,,,,,
91.11,,,,,,10.0,,11.0,,,
91.12,,,,,,12.0,,12.0,,,
91.17,,,12.0,,,,,,,,
91.33,,,,,,,,11.0,,,
91.34,,,,,,,,12.0,,,
91.43,,,,,,,,,11.0,,
91.48,,,,,,,,11.0,,,
91.49,,,,,,,,,12.0,,
91.5,,,,,,,,12.0,,,
91.52,,11.0,,,,,,,,,
91.53,,,,,,,,11.0,,,
91.57,,12.0,,,,,,,,,
91.59,,,,,,,,12.0,,,
91.62,,,,11.0,,,,,,,
91.63,,,,10.0,,,,,,,
91.64,,,,11.0,,,,11.0,,,
91.65,,,,12.0,,,,12.0,,,
91.68,,,,11.0,,,,,,,
91.69,,,,12.0,,,,,,,
91.75,,,,,,11.0,,,,,
91.77,,,,,,12.0,,,,,
92.0,,,,,,,,12.0,,,
92.18,,,,,,,,11.0,,,
92.19,,,,,,,,12.0,,,
92.29,,,,,,,,11.0,,,
92.31,,,,,,,,12.0,,,
92.35,,,,,,,,11.0,,,
92.36,,,,,,,,12.0,,,
92.4,,,,,,,,11.0,,,
92.41,,,11.0,,,,,12.0,11.0,,
92.42,,,,,,,,,12.0,,
92.43,,,12.0,,,,,,,,
92.46,,,,,,,,,12.0,,
92.47,,,11.0,,,,,,11.0,,
92.48,,,12.0,,,,,,,,
92.49,,,,,,,,,12.0,,
92.5,,,,,,,,,10.0,,
92.51,,,,11.0,,,,,,,
92.52,,,,,,,,,11.0,,
92.53,,,,12.0,,,,,,,
92.56,,,,,,,,,11.0,,
92.57,,,,,,,,,12.0,,
92.58,,11.0,,,,11.0,,,,,
92.59,,12.0,,,,11.0,,,,,
92.6,,,,,,12.0,,,,,
92.62,,,11.0,,,12.0,,,11.0,,
92.63,,,12.0,11.0,,,,,12.0,,
92.64,,,,11.0,,11.0,,,,,
92.65,,,,12.0,,12.0,,,,,
92.66,11.0,,,,,,,,,,
92.68,12.0,,,,,,,,,,
92.71,,,,11.0,,,,,,,
92.72,,,,12.0,11.0,,,,,,
92.73,,12.0,,,12.0,,,,,,
92.74,,,,,,,,,11.0,,
92.75,,,,,,,,,12.0,,
92.77,,11.0,,,,,,,,,
92.78,,12.0,,,,,,,,,
92.83,,,,,,,,11.0,,,
92.84,,,,,,,,12.0,,,
92.87,,,,,11.0,,,,,,
92.88,,,,,12.0,,,,,,
92.9,,,11.0,,,,,,,,
92.91,,,12.0,,,,,,,,
92.92,,,,,,12.0,,,,,
92.95,,,,,11.0,,,,,,
92.96,,,,,12.0,,,,11.0,,
92.97,,,,,,,,,12.0,,
93.0,,,,,12.0,,,,,,
93.02,,,,,,,,11.0,,,
93.03,,,,,,,,12.0,,,
93.07,,11.0,,,,,,,,,
93.08,,12.0,,,,,,,,,
93.15,,,,,,12.0,,,,,
93.16,,,,,11.0,,,,,,
93.17,,,,,12.0,,,,,,
93.2,,,,,,,,,11.0,,
93.21,,,11.0,,,,,,,,
93.27,,,,,,,,,12.0,,
93.28,,,12.0,,,,,,,,
93.32,,,,11.0,,,,,,,
93.34,,,11.0,12.0,,,,,,,
93.35,,,12.0,,,,,,,,
93.39,,,12.0,,,,,,,,
93.44,,,12.0,,,,,,,,
93.5,,,12.0,,,,,,12.0,,
93.52,,,,,,11.0,,,11.0,,
93.56,,,,,,12.0,,,12.0,,
93.57,,,,,,11.0,,,,,
93.58,,,,,,12.0,,,,,
93.71,,11.0,,,,,,,,,
93.72,,12.0,,,,,,,,,
93.75,,,,,,11.0,,,,,
93.76,,,,,,12.0,,,,,
93.77,,,,,12.0,,,,,,
93.79,,,,,11.0,,,,,,
93.81,,,,,12.0,,,,,,
93.84,,,12.0,,,,,,,,
93.89,,11.0,,,,,,,,,
93.92,,,,,,,,11.0,,,
93.93,,12.0,,,,,,,,,
93.94,,,,,,,,12.0,,,
93.95,,,,10.0,,,,,,,
93.96,,,,11.0,11.0,,,,,,
93.98,,,,12.0,12.0,,,,,,
94.0,11.0,,,,,,,,,,
94.03,12.0,,,,,,,,,,
94.09,,,,,11.0,,,,,,
94.1,,,,,12.0,,,,,,
94.13,,,,11.0,,,,,,,
94.14,,,,,11.0,,,,,,
94.15,,,,12.0,12.0,,,,,,
94.17,,,11.0,,,,,,,,
94.21,,,,,,,,,11.0,,
94.23,,,12.0,,,,,,,,
94.25,,,,,11.0,,,,12.0,,
94.26,,,,,12.0,,,,,,
94.41,,,,,,,,11.0,,,
94.42,,,,,,,,12.0,,,
94.46,,,,11.0,,,,,,,
94.48,,,,,,11.0,,,,,
94.5,,,,12.0,,12.0,,,,,
94.63,,,,,,11.0,,,,,
94.68,,,,,,12.0,,,,,
94.72,,,12.0,,,,,,,,
94.76,,,,,,,,11.0,,,
94.79,,,,,,,,12.0,,,
94.81,,,,,11.0,,,,,,
94.82,,,,,11.0,,,,,,
94.84,,,,,12.0,,,,,,
94.86,,,,,11.0,,,,,,
94.87,,,,,12.0,,,,,,
94.94,,,,,11.0,,,,,,
94.95,,,,,12.0,,,,,,
95.06,11.0,,,,,,,,,,
95.07,12.0,,,,,,,,,,
95.14,,,,,,11.0,,,,,
95.15,,,,,,12.0,,,,,
95.26,,,,,,,,,12.0,,
95.35,,,12.0,,,,,,,,
95.42,,,,,,11.0,,,,,
95.43,,,,,,12.0,,,,,
95.45,,11.0,,,,,,,,,
95.46,,11.0,,,,,,11.0,,,
95.47,,12.0,,,,,,12.0,,,
95.56,12.0,,,,,,,,,,
95.66,,,,,,,,12.0,,,
95.73,,,,12.0,,,,,,,
95.74,,11.0,,,,,,,,,
95.75,,12.0,,,,,,,,,
95.78,,,,,,,,,11.0,,
95.79,,,,,,,,,12.0,,
95.86,,,,,,,,11.0,,,
95.87,,,,,,,,12.0,,,
95.93,,,,,,,,12.0,,,
95.96,,,11.0,12.0,,,,,,,
95.99,,,12.0,,,,,,,,
96.07,11.0,,,,,,,,,,
96.13,12.0,,,,,,,,,,
96.24,,,,,,,,,11.0,,
96.27,,,,,,,,,12.0,,
96.37,,,,,,,,11.0,,,
96.38,,,,,,,,12.0,,,
96.41,,,,,11.0,,,,,,
96.42,,,,,12.0,,,,,,
96.48,,,,,,,,11.0,,,
96.49,,,,,,,,12.0,,,
96.65,,,11.0,,,,,,,,
96.66,,,12.0,,,,,12.0,,,
96.69,11.0,,,,,,,,,,
96.7,12.0,,,,,,,,,,
96.71,11.0,,,,,,,,,,
96.72,12.0,,,,,,,,,,
96.73,,,,11.0,,,,,11.0,,
96.74,,,,12.0,,,,,12.0,,
96.75,11.0,,,11.0,,,,12.0,11.0,,
96.76,10.0,,,12.0,,,,,,,
96.77,,,,,,,,,11.0,,
96.78,10.0,,,,,,,,10.0,,
96.79,11.0,,,,,,,,12.0,,
96.81,,,,,,,,,11.0,,
96.82,11.0,11.0,,,,,,,,,
96.83,12.0,12.0,,,,,,,12.0,,
96.88,,,11.0,,,,,,,,
96.9,,12.0,12.0,,,,,,11.0,,
96.91,,,,,,,,,12.0,,
96.92,11.0,,,,,,,,11.0,,
96.93,12.0,,,,,,,,12.0,,
96.96,,,,,,,,,12.0,,
96.97,,,12.0,,,,,,,,
97.02,,,,,11.0,12.0,,,,,
97.04,,,,,12.0,,,,,,
97.06,,,,,,,,12.0,,,
97.1,,,,,,,,,11.0,,
97.11,,,,,,,,,12.0,,
97.19,,,,,,11.0,,,,,
97.21,,,,,,12.0,,,,,
97.31,,,,,,,,12.0,,,
97.33,,,,,,,,11.0,,,
97.34,,,,,,,,12.0,,,
97.38,,,12.0,,,,,,,,
97.42,,,11.0,,,,,,,,
97.43,,,12.0,,,,,,,,
97.47,,,,,,11.0,,,,,
97.5,,,,,,,,,,0.0,
97.53,,,,,,12.0,,12.0,,,
97.54,,,,,,,,,,1.0,
97.57,,,11.0,,,,,,,,
97.58,,,12.0,,,,,,,,
97.61,,,,,,,,,11.0,,
97.63,,,,,11.0,,,,,,
97.7,,,11.0,,,,,,,,
97.71,,,,11.0,,,,,,,
97.72,,,,,,,,,12.0,,
97.75,,,,11.0,,,,,11.0,,
97.76,,,,,,,,,10.0,,
97.77,,,,,12.0,,,,,,
97.78,,,12.0,11.0,,,,,,,
97.79,,,,12.0,,,,,11.0,,
97.82,,,,,,,,,12.0,,
97.92,,,11.0,,,,,,,,
97.93,,,12.0,,,,,,,,
97.96,,11.0,,,,,,,,,
97.97,,,,,,11.0,,,,,
97.98,,,11.0,,,,,,,,
97.99,,12.0,,,,,,,,,
98.0,,,11.0,,,12.0,,,,,
98.01,,,12.0,,,,,,,,
98.03,,,,,,12.0,,,,,
98.17,,11.0,,,,,,,,0.0,
98.18,,12.0,,,,,,,,,
98.2,,,,,,,,,,1.0,
98.22,,,,,,11.0,,,,,
98.23,,,,,,12.0,,,,,
98.24,,12.0,,,,,,,,,
98.36,,,,12.0,12.0,,,,,,
98.39,,,,,12.0,,,,,,
98.41,,,,,10.0,,,,,,
98.42,,,10.0,,,,,,,,
98.43,,,9.0,,12.0,,,,,,
98.44,,,12.0,,,,,,,,
98.49,,11.0,,,,,,,11.0,,
98.5,,12.0,,,,,,,,,
98.51,,,,,,,,,12.0,,
98.52,,,,,,,,,11.0,,
98.54,,,,,,,,,12.0,,
98.69,,,,,,,,11.0,,,
98.71,,,,,,,,12.0,,,
98.72,,,,11.0,,,,,,,
98.73,,,,,,,,11.0,,,
98.75,,,,12.0,,,,12.0,,,
98.77,,,,11.0,,,,,,,
98.78,,,,12.0,,,,,,,
98.81,,,,,,11.0,,,,,
98.82,,,,,,12.0,,,,,
98.91,,,11.0,,,,,,,,
98.93,,,,11.0,,,,,,,
98.94,,,12.0,12.0,,,,,,,
98.96,,,,,,11.0,,,,,
98.97,,,,,,12.0,,,,,
99.03,,,,,,11.0,,,,,
99.04,,,,,,12.0,,,,,
99.19,,,,,11.0,,,12.0,,,
99.21,,,,11.0,,,,,,,
99.22,,,11.0,,10.0,,,,,,
99.23,,,,,11.0,,,,,,0.0
99.28,,11.0,,,,,,,,,
99.29,,,,12.0,,,,,,,
99.31,,,,,12.0,,,,,,
99.37,,,12.0,,,,,,,,
99.38,,,,,,,,,,,1.0
99.4,,,,,,11.0,,,,,
99.41,,12.0,,,11.0,12.0,,,,,
99.42,,,,,12.0,,,,,,
99.51,,,,11.0,,,,,11.0,,
99.53,,,,12.0,11.0,,,,12.0,,
99.72,,,,,,11.0,,,,,
99.75,,,,11.0,,,,,,,
99.78,11.0,,,,,,,11.0,,,
99.93,,,,,,,,10.0,,,
99.94,,,,,,10.0,,,,,
99.96,,,,,,9.0,,,,,
100.0,,,,,,8.0,,,,,0.0
100.02,,,,,,,,,,,1.0
100.1,,,,,10.0,,,,,,
100.15,,,,,9.0,,,,,,
100.26,,,,,,,,9.0,,,
100.28,,,,,8.0,,,,,,
100.29,,,,,,,,,11.0,,
100.31,,,,,7.0,,,,,,
100.35,,11.0,,,,,,,,,
100.43,,10.0,,,,,,,,,
100.5,,,,,,,,8.0,,,
100.52,,,,,,7.0,,,,,
100.66,10.0,,,,,,,,,,
100.75,,9.0,,,,,,,,,
100.76,,,,10.0,,,,7.0,,,
101.0,,,11.0,9.0,,,,6.0,,,
101.11,,,,,,,,5.0,10.0,,
101.13,,,,,,,,,9.0,,
101.17,,,,,,,,,8.0,,
101.18,,,10.0,,,,,,,,
101.23,,,,,,,,,,0.0,
101.24,,,,,,,,,7.0,1.0,
101.25,,,,,,,,,6.0,,
101.35,,,,,,6.0,,,,,
101.44,,,,,,,,,,0.0,
101.45,,,9.0,,,,,,,1.0,
101.48,,,,,,,,,5.0,,
101.7,,,8.0,,,,,4.0,,,
101.74,,,,8.0,,,,,,,
101.75,,,,,6.0,,,,,,
101.76,9.0,,,,,,,,,,
101.82,8.0,,,,,,,,,,
101.86,,,,,,,,3.0,,,
101.9,,,7.0,,,,,,,,
102.01,,8.0,,,,,,,,,
102.12,,7.0,,,,,,,,,
102.16,,,,,,,,,3.0,,
102.23,7.0,,,,,,,,,,
102.25,6.0,,,,,,,,,,
102.28,,,,,,,,2.0,,,
102.36,,6.0,,,,,,,,,
102.51,,,6.0,,,,,,,,
102.63,,,5.0,,,,,,,,
102.77,5.0,,,,,5.0,,,,,
102.83,,,,7.0,,,,,2.0,,
102.85,,,,6.0,,,,,,,
102.89,,,,5.0,,,,,,,
102.9,,,,,5.0,,,,1.0,,
102.95,,,,,,,,1.0,,,
103.0,,,4.0,,,,,,,,
103.01,,,,,4.0,,,,,,
103.03,,,3.0,,,,,,,,
103.04,,,2.0,,,,,,,,
103.07,,,,,,,,,0.0,,
103.12,,,1.0,,,,,,,,0.0
103.13,,,,,,,,,,,1.0
103.32,4.0,,,,,,,,,,
103.33,,,,,,,,,,,0.0
103.34,,,,,,,,,,,1.0
103.35,3.0,,,,,,,,,,
103.37,2.0,,,4.0,,,,,,,
103.39,,,,,,4.0,,,,,
103.4,1.0,,,,,,,0.0,,,
103.44,0.0,,,,,,,,,,
103.47,,4.0,,,,,,,,,
103.58,,,0.0,,,,,,,,
103.6,,,,,,3.0,,,,,
103.62,,,,,,2.0,,,,,
103.63,,,,3.0,,,,,,,
103.71,,,,,3.0,,,,,,
103.79,,3.0,,,,,,,,,
103.82,,,,2.0,,,,,,,
103.89,,,,,2.0,,,,,,
103.97,,,,1.0,,,,,,0.0,
104.18,,,,,,1.0,,,1.0,,
104.28,,,,0.0,,,,,,,
104.38,,,,,,,,,0.0,,
104.56,,2.0,,,,,,,,,
104.61,,,,,1.0,,,,,,
104.7,,1.0,,,,,,,,,
104.71,,,,,0.0,,,,,,
104.89,,,,,,0.0,,,,,
105.11,,0.0,,,,,,,,,
105.32,,,,,,,,,1.0,,
105.49,,,,,,,,,0.0,,
105.5,,,,,,,,,1.0,,
105.89,,,,,,,,,,,0.0
106.41,,,,,,,,1.0,,,
106.61,,,,,,,,0.0,,,
106.97,,,,,,,,1.0,,,
107.11,,,,,,,,0.0,,,
108.18,,,,,1.0,,,,,,
120.75,,,,1.0,,,,,0.0,,
121.61,,,,0.0,,,,,,,
121.63,,,,,,,,,1.0,,
121.85,,,,,0.0,,,,,,
121.86,,,,,,,,1.0,,,
122.5,,,,,1.0,,,0.0,,,
124.85,,,,,0.0,,,,,,
125.17,,,,,,,,,0.0,,
127.34,,,,1.0,,,,,,,
127.54,,,,0.0,,,,,,,
127.57,,,,,,,,,1.0,,
128.82,,,,0.0,,,,,,,
130.47,,,,,,,,,0.0,,
136.54,,,,,,,0.0,,,,
140.57,,,,,,,,1.0,,,
143.63,,,,,,,,0.0,,,
144.54,,,,,,,1.0,,,,
144.75,,,,,,,0.0,1.0,,,
147.32,,,,,,,,0.0,,,
148.36,,,,,,,,,,0.0,
148.37,,0.0,,,,0.0,0.0,,,,
148.38,,,0.0,,0.0,,,,,,
148.38,0.0,,,,,,,,0.0,,0.0
148.4,,,,,,,,0.0,,,
