time,workflow_completion_percentage,Waiting,Committing,Executing,Retrieving,Done
-2.93,0.0,0,0,0,0,0
-2.92,0.0,218,0,0,0,0
-2.91,0.0,240,0,0,0,0
0.0,0.0,223,1,16,0,0
0.01,0.0,218,0,22,0,0
7.02,0.0,217,0,22,0,1
7.06,0.13280212483399734,216,0,22,0,2
7.11,0.2656042496679947,215,0,22,0,3
7.39,0.398406374501992,214,1,21,0,4
7.4,0.5312084993359893,214,0,22,0,4
7.59,0.5312084993359893,213,0,22,0,5
9.49,0.6640106241699867,212,0,22,0,6
9.61,0.796812749003984,212,0,21,1,6
9.62,0.796812749003984,211,0,22,0,7
10.14,0.9296148738379812,210,0,22,0,8
10.5,1.1952191235059761,208,0,22,0,10
10.88,1.3280212483399734,207,0,22,0,11
10.95,1.4608233731739706,206,0,22,0,12
11.12,1.593625498007968,205,1,21,0,13
11.13,1.7264276228419653,205,0,22,0,13
11.5,1.8592297476759625,203,0,22,0,15
11.59,1.9920318725099602,202,0,22,0,16
11.63,2.1248339973439574,201,0,22,0,17
11.79,2.2576361221779546,200,1,21,0,18
11.8,2.3904382470119523,200,0,22,0,18
11.88,2.3904382470119523,199,0,22,0,19
12.19,2.5232403718459495,198,1,21,0,20
12.2,2.6560424966799467,198,0,22,0,20
12.37,2.6560424966799467,198,0,21,0,21
12.38,2.788844621513944,197,0,22,0,21
12.64,2.788844621513944,196,0,22,0,22
13.26,2.921646746347941,196,0,21,0,22
13.27,2.921646746347941,195,0,22,0,23
13.74,3.0544488711819384,194,0,22,0,24
14.0,3.187250996015936,193,0,22,0,25
15.01,3.3200531208499333,192,0,22,0,26
15.34,3.4528552456839305,191,1,21,0,27
15.35,3.5856573705179278,191,0,22,0,27
15.83,3.5856573705179278,190,0,22,0,28
15.91,3.718459495351925,189,0,22,0,29
15.99,3.851261620185923,189,0,21,0,30
16.0,3.9840637450199203,188,0,22,0,30
17.23,3.9840637450199203,187,0,22,0,31
17.25,4.249667994687915,186,0,22,0,32
17.36,4.249667994687915,185,0,22,0,33
17.38,4.382470119521912,184,0,22,0,34
17.52,4.515272244355909,183,0,22,0,35
17.66,4.6480743691899065,182,0,22,0,36
17.72,4.780876494023905,181,0,22,0,37
18.07,4.913678618857902,180,0,22,0,38
18.23,5.046480743691899,179,0,22,0,39
18.65,5.179282868525896,178,0,22,0,40
18.95,5.3120849933598935,177,0,22,0,41
19.6,5.444887118193891,176,0,22,0,42
19.62,5.577689243027888,175,0,22,0,43
21.39,5.710491367861885,174,0,22,0,44
21.44,5.843293492695882,174,0,21,1,44
21.45,5.843293492695882,173,0,22,0,45
21.52,5.97609561752988,172,0,22,0,46
21.58,6.108897742363877,172,0,21,0,47
21.59,6.241699867197874,171,0,22,0,47
22.08,6.241699867197874,170,0,22,0,48
22.15,6.374501992031872,169,0,22,0,49
22.42,6.507304116865869,168,0,22,0,50
22.98,6.640106241699867,167,0,22,0,51
23.61,6.772908366533864,166,0,22,0,52
23.83,6.905710491367861,165,0,22,0,53
24.01,7.038512616201858,164,1,21,0,54
24.02,7.1713147410358555,164,0,22,0,54
24.26,7.1713147410358555,163,0,22,0,55
24.32,7.304116865869853,162,0,22,0,56
24.43,7.43691899070385,161,0,22,0,57
24.48,7.569721115537847,160,0,22,0,58
24.6,7.702523240371846,159,0,22,0,59
24.94,7.835325365205843,158,0,22,0,60
25.25,8.100929614873838,157,0,22,0,61
25.88,8.100929614873838,157,0,21,0,62
25.89,8.233731739707835,156,0,22,0,62
26.2,8.233731739707835,155,0,22,0,63
26.74,8.366533864541832,154,0,22,0,64
26.8,8.49933598937583,153,0,21,0,65
26.81,8.632138114209827,152,0,21,0,67
26.82,8.897742363877821,151,0,22,0,67
27.32,8.897742363877821,150,0,22,0,68
27.8,9.030544488711818,150,0,21,0,69
27.81,9.163346613545816,149,0,22,0,69
28.43,9.163346613545816,148,0,22,0,70
28.53,9.296148738379813,147,0,22,0,71
28.66,9.428950863213812,146,0,22,0,72
28.74,9.56175298804781,146,0,21,1,72
28.75,9.694555112881806,145,0,22,0,73
29.28,9.694555112881806,145,0,21,1,73
29.29,9.694555112881806,144,0,22,0,74
29.49,9.827357237715804,143,0,22,0,75
29.81,9.9601593625498,142,0,22,0,76
29.95,10.092961487383798,141,1,21,0,77
29.97,10.225763612217795,141,0,22,0,77
29.99,10.225763612217795,140,1,21,0,78
30.0,10.358565737051793,140,0,22,0,78
30.32,10.358565737051793,140,0,21,0,79
30.33,10.49136786188579,139,0,22,0,79
30.39,10.49136786188579,138,0,22,0,80
30.5,10.624169986719787,137,0,22,0,81
30.58,10.756972111553784,136,0,22,0,82
31.14,10.889774236387781,135,0,22,0,83
31.49,11.022576361221779,135,0,21,1,83
31.5,11.155378486055776,134,0,22,0,84
31.95,11.155378486055776,134,0,21,0,85
31.97,11.288180610889773,133,0,22,0,85
32.14,11.288180610889773,133,0,21,1,85
32.15,11.288180610889773,132,0,22,0,86
32.29,11.42098273572377,131,0,22,0,87
32.3,11.553784860557768,130,0,22,0,88
32.97,11.686586985391765,129,0,22,0,89
33.05,11.819389110225762,128,1,21,0,90
33.06,11.95219123505976,127,0,22,0,91
33.8,12.084993359893756,126,0,22,0,92
33.91,12.217795484727754,125,0,22,0,93
34.47,12.350597609561751,124,0,22,0,94
35.04,12.483399734395748,124,0,21,0,95
35.05,12.616201859229747,123,0,22,0,95
35.1,12.616201859229747,122,0,22,0,96
35.18,12.749003984063744,121,0,22,0,97
35.27,12.881806108897742,120,0,22,0,98
35.36,13.014608233731739,119,0,22,0,99
35.55,13.147410358565736,118,0,22,0,100
35.88,13.280212483399733,117,1,21,0,101
35.89,13.41301460823373,117,0,22,0,101
35.9,13.41301460823373,116,0,22,0,102
36.15,13.545816733067728,115,0,22,0,103
37.04,13.678618857901725,114,0,22,0,104
37.05,13.811420982735722,113,1,21,0,105
37.06,13.94422310756972,113,0,22,0,105
37.45,13.94422310756972,111,0,22,0,107
37.67,14.209827357237714,110,0,22,0,108
37.68,14.342629482071711,109,0,22,0,109
38.49,14.475431606905708,108,0,22,0,110
38.62,14.608233731739706,107,0,22,0,111
39.47,14.741035856573703,106,0,22,0,112
39.86,14.8738379814077,106,0,21,1,112
39.87,14.8738379814077,105,0,22,0,113
39.95,15.006640106241697,104,0,22,0,114
40.42,15.139442231075694,103,1,21,0,115
40.43,15.272244355909692,102,0,22,0,116
40.82,15.405046480743692,101,0,22,0,117
41.13,15.53784860557769,100,0,22,0,118
41.17,15.670650730411687,99,0,22,0,119
41.26,15.803452855245684,98,0,22,0,120
41.37,15.936254980079681,97,1,21,0,121
41.38,16.06905710491368,97,0,22,0,121
42.23,16.06905710491368,96,0,22,0,122
42.78,16.201859229747676,95,0,22,0,123
42.99,16.334661354581673,95,0,21,0,124
43.0,16.46746347941567,94,0,22,0,124
43.1,16.46746347941567,93,0,22,0,125
43.32,16.600265604249667,92,0,22,0,126
43.33,16.733067729083665,92,0,21,1,126
43.34,16.733067729083665,91,0,22,0,127
43.74,16.865869853917662,90,1,21,0,128
43.75,17.131474103585656,89,0,21,1,129
43.76,17.131474103585656,88,0,22,0,130
43.9,17.264276228419654,87,0,22,0,131
44.4,17.39707835325365,86,0,22,0,132
44.56,17.529880478087648,85,0,22,0,133
45.52,17.662682602921645,84,1,21,0,134
45.53,17.795484727755642,84,0,22,0,134
45.57,17.795484727755642,83,0,22,0,135
45.87,17.92828685258964,82,0,22,0,136
46.19,18.061088977423637,81,0,22,0,137
46.25,18.193891102257634,80,0,22,0,138
46.42,18.32669322709163,80,0,21,0,139
46.43,18.45949535192563,76,0,25,0,139
46.5,18.45949535192563,72,0,28,0,140
46.69,18.592297476759626,68,0,31,0,141
46.79,18.725099601593627,64,2,32,0,142
46.8,18.857901726427624,64,0,34,0,142
47.4,18.857901726427624,60,0,37,0,143
48.09,18.99070385126162,56,1,39,0,144
48.1,19.12350597609562,56,0,40,0,144
48.44,19.12350597609562,52,2,41,0,145
48.45,19.256308100929616,52,0,43,0,145
48.55,19.256308100929616,48,4,42,0,146
48.56,19.389110225763613,48,0,46,0,146
48.63,19.389110225763613,44,4,45,0,147
48.64,19.52191235059761,44,0,49,0,147
48.66,19.52191235059761,40,0,52,0,148
48.77,19.654714475431607,36,0,55,0,149
48.78,19.787516600265604,32,4,54,0,150
48.79,19.9203187250996,32,0,58,0,150
48.94,19.9203187250996,28,0,61,0,151
49.17,20.0531208499336,24,4,60,0,152
49.18,20.185922974767596,24,0,64,0,152
49.3,20.185922974767596,20,4,63,0,153
49.31,20.318725099601593,20,0,67,0,153
49.43,20.318725099601593,17,3,66,0,154
49.44,20.45152722443559,16,0,70,0,154
50.93,20.45152722443559,12,2,71,0,155
50.94,20.584329349269588,12,0,73,0,155
51.0,20.584329349269588,4,3,76,0,157
51.01,20.849933598937582,4,0,79,0,157
51.12,20.849933598937582,4,0,78,0,158
51.13,20.98273572377158,3,0,79,0,158
51.2,20.98273572377158,2,0,79,0,159
51.24,21.115537848605577,2,0,77,1,160
51.25,21.38114209827357,2,0,77,0,161
51.36,21.38114209827357,2,0,76,0,162
51.63,21.51394422310757,2,0,75,0,162
51.64,21.51394422310757,2,0,75,0,163
51.66,21.646746347941566,2,0,74,0,164
51.73,21.779548472775563,2,0,73,0,165
51.77,21.91235059760956,2,0,72,0,166
52.3,22.045152722443557,2,0,71,0,167
52.32,22.177954847277555,1,0,71,0,168
52.33,22.31075697211155,1,0,70,0,169
52.54,22.44355909694555,1,0,69,0,170
52.58,22.576361221779546,1,0,68,0,171
52.59,22.709163346613543,1,0,67,0,172
52.63,22.84196547144754,9,0,67,0,172
52.64,22.84196547144754,14,0,67,0,172
52.68,22.84196547144754,14,0,65,0,174
52.77,23.107569721115535,14,0,64,0,174
52.78,23.107569721115535,14,0,64,0,175
52.88,23.240371845949532,14,0,63,0,176
52.89,23.37317397078353,14,0,62,0,177
52.94,23.505976095617527,14,0,61,1,177
52.95,23.505976095617527,14,0,59,3,177
52.99,23.505976095617527,14,0,58,4,177
53.0,23.505976095617527,24,0,57,5,177
53.01,23.505976095617527,51,0,57,0,177
53.02,23.505976095617527,51,0,57,0,178
53.03,23.638778220451524,57,0,57,0,178
53.04,23.638778220451524,57,0,57,0,179
53.05,23.77158034528552,62,0,57,0,180
53.06,23.90438247011952,63,0,57,0,180
53.07,23.90438247011952,67,0,57,0,182
53.27,24.169986719787513,66,0,57,0,183
53.99,24.30278884462151,66,0,55,0,185
54.01,24.568393094289505,66,0,54,0,186
54.03,24.701195219123502,66,0,53,0,187
54.05,24.8339973439575,66,0,52,0,188
54.09,24.966799468791496,80,0,52,0,188
54.16,24.966799468791496,80,0,51,1,188
54.17,24.966799468791496,80,0,51,0,189
54.35,25.099601593625497,80,0,50,0,190
54.59,25.232403718459494,80,0,49,0,190
54.6,25.232403718459494,80,0,49,0,191
54.69,25.36520584329349,80,0,48,0,192
54.72,25.49800796812749,80,0,47,0,193
54.75,25.630810092961486,80,0,46,0,194
55.45,25.763612217795483,80,0,45,0,194
55.47,25.763612217795483,80,0,44,1,195
55.52,25.89641434262948,80,0,43,2,195
55.59,25.89641434262948,103,0,43,2,195
55.6,25.89641434262948,120,0,43,0,196
55.65,26.029216467463478,132,0,42,1,196
55.66,26.029216467463478,136,0,42,0,197
55.87,26.162018592297475,136,0,41,1,197
55.92,26.162018592297475,148,0,41,1,197
55.93,26.162018592297475,149,0,41,1,197
55.94,26.162018592297475,150,0,41,1,197
55.95,26.162018592297475,162,0,41,1,197
55.97,26.162018592297475,176,0,41,1,197
55.98,26.162018592297475,191,0,41,1,197
55.99,26.162018592297475,200,0,41,1,197
56.0,26.162018592297475,207,0,41,1,197
56.01,26.162018592297475,217,0,41,0,198
56.2,26.294820717131472,217,0,40,1,198
56.57,26.294820717131472,223,0,40,1,198
56.58,26.294820717131472,249,0,40,1,198
56.59,26.294820717131472,275,0,40,1,198
56.6,26.294820717131472,278,0,40,0,199
56.65,26.42762284196547,285,0,40,0,200
56.97,26.560424966799467,285,0,39,1,200
57.3,26.560424966799467,290,0,39,1,200
57.31,26.560424966799467,306,0,39,0,201
57.58,26.693227091633464,306,0,38,0,201
57.59,26.693227091633464,306,0,38,0,202
57.6,26.82602921646746,311,0,38,0,202
57.94,26.82602921646746,311,0,37,0,203
57.95,26.958831341301458,311,0,36,0,204
57.97,27.091633466135455,311,0,35,0,205
58.0,27.224435590969453,322,0,35,0,205
58.02,27.224435590969453,322,0,34,0,206
59.05,27.35723771580345,322,0,33,0,206
59.06,27.35723771580345,322,0,33,0,207
59.1,27.490039840637447,322,0,32,0,207
59.11,27.490039840637447,322,0,32,0,208
59.13,27.622841965471444,322,0,31,0,208
59.14,27.622841965471444,322,0,31,0,209
59.16,27.75564409030544,322,0,30,0,209
59.17,27.75564409030544,322,0,30,0,210
59.25,28.021248339973436,322,0,29,0,211
59.79,28.021248339973436,322,0,28,0,212
59.8,28.154050464807433,322,0,27,1,212
59.81,28.154050464807433,322,0,27,0,213
59.85,28.28685258964143,322,0,26,1,213
59.95,28.28685258964143,337,0,26,1,213
59.97,28.28685258964143,364,0,26,1,213
59.98,28.28685258964143,371,0,26,0,214
60.0,28.419654714475428,379,0,26,0,214
61.33,28.419654714475428,379,0,25,0,214
61.34,28.419654714475428,381,0,25,0,215
61.37,28.552456839309425,381,0,24,0,215
61.38,28.552456839309425,381,0,24,0,216
61.39,28.685258964143422,381,0,22,1,217
61.47,28.81806108897742,391,0,22,1,217
61.48,28.81806108897742,403,0,22,0,218
61.52,28.950863213811417,403,0,21,0,218
61.53,28.950863213811417,403,0,21,0,219
62.13,29.083665338645414,403,0,20,1,219
62.14,29.083665338645414,403,0,20,0,220
63.94,29.21646746347941,403,0,19,1,220
63.95,29.21646746347941,403,0,19,0,221
65.44,29.34926958831341,403,0,18,1,221
65.45,29.34926958831341,403,0,18,0,222
65.48,29.482071713147405,403,0,17,1,222
65.53,29.482071713147405,416,0,17,1,222
65.54,29.482071713147405,431,0,17,0,223
65.56,29.614873837981403,431,0,16,1,223
65.57,29.614873837981403,430,0,17,0,224
65.7,29.7476759628154,430,0,16,0,225
65.75,29.880478087649397,446,0,16,0,225
70.67,29.880478087649397,446,0,13,1,226
70.72,30.013280212483394,449,0,13,1,226
70.73,30.013280212483394,460,0,12,0,228
70.74,30.27888446215139,462,0,12,0,229
75.28,30.411686586985386,462,0,11,0,230
75.29,30.544488711819383,461,0,12,0,230
75.49,30.544488711819383,461,0,11,1,230
75.5,30.677290836653388,461,0,11,0,231
84.54,30.677290836653388,461,0,10,0,232
84.55,30.810092961487385,460,0,11,0,232
89.58,30.810092961487385,460,0,10,0,233
89.67,30.942895086321382,460,0,9,1,233
89.68,30.942895086321382,460,0,9,0,234
89.69,31.07569721115538,459,0,10,0,234
93.34,31.07569721115538,458,0,10,0,235
97.16,31.208499335989377,458,0,9,0,236
99.05,31.341301460823374,458,0,8,0,237
99.06,31.47410358565737,457,0,9,0,237
101.9,31.47410358565737,456,0,9,0,238
108.15,31.606905710491368,456,0,8,1,238
108.16,31.606905710491368,456,0,8,0,239
108.17,31.739707835325365,455,0,9,0,239
110.69,31.739707835325365,454,0,9,0,240
117.28,31.872509960159363,454,0,8,0,241
117.31,32.005312084993356,454,0,7,0,242
117.34,32.13811420982736,454,0,6,0,243
117.57,32.27091633466135,454,0,5,0,244
117.58,32.40371845949535,457,0,5,0,244
117.6,32.40371845949535,457,0,4,0,245
117.65,32.536520584329345,457,0,3,1,245
117.69,32.536520584329345,472,0,3,1,245
117.7,32.536520584329345,487,0,3,0,246
117.72,32.669322709163346,491,0,3,0,246
117.8,32.669322709163346,491,0,2,0,247
117.83,32.80212483399734,500,0,2,0,247
118.15,32.80212483399734,499,1,1,0,248
118.16,32.93492695883134,499,0,2,0,248
119.57,32.93492695883134,499,0,1,0,248
119.58,32.93492695883134,498,0,2,0,249
127.4,33.067729083665334,498,0,1,0,250
127.41,33.200531208499335,497,0,2,0,250
129.34,33.200531208499335,497,0,1,0,251
129.35,33.33333333333333,496,0,2,0,251
136.59,33.33333333333333,495,1,1,0,252
136.6,33.46613545816733,494,1,2,0,252
136.64,33.46613545816733,494,0,3,0,252
136.73,33.46613545816733,494,0,2,0,252
136.86,33.46613545816733,494,0,2,0,253
138.94,33.59893758300132,494,0,1,0,254
138.95,33.731739707835324,493,0,2,0,254
145.47,33.731739707835324,493,0,1,0,255
145.48,33.86454183266932,492,0,2,0,255
147.65,33.86454183266932,492,0,1,0,256
147.66,33.99734395750332,491,1,1,0,256
147.67,33.99734395750332,491,0,2,0,256
154.69,33.99734395750332,491,0,1,0,257
154.7,34.13014608233731,490,0,2,0,257
157.45,34.13014608233731,490,0,1,0,258
157.47,34.26294820717131,489,0,2,0,258
163.68,34.26294820717131,489,0,1,0,259
163.69,34.395750332005306,488,0,2,0,259
166.27,34.395750332005306,488,0,1,0,260
166.28,34.52855245683931,487,0,2,0,260
173.82,34.52855245683931,487,0,1,0,261
173.83,34.6613545816733,486,0,2,0,261
176.5,34.6613545816733,486,0,1,0,262
176.51,34.7941567065073,485,0,2,0,262
183.76,34.7941567065073,485,0,1,0,263
183.77,34.926958831341295,484,0,2,0,263
186.3,34.926958831341295,484,0,1,0,264
186.32,35.059760956175296,483,0,2,0,264
193.3,35.059760956175296,483,0,1,0,265
193.31,35.19256308100929,482,0,2,0,265
202.24,35.19256308100929,482,0,1,0,266
202.25,35.32536520584329,481,0,2,0,266
212.26,35.32536520584329,481,0,1,1,266
212.27,35.32536520584329,481,0,1,0,267
212.28,35.458167330677284,480,0,2,0,267
216.48,35.458167330677284,480,0,1,0,268
216.49,35.590969455511285,479,0,2,0,268
221.84,35.590969455511285,479,0,1,0,269
221.85,35.72377158034528,478,0,2,0,269
225.98,35.72377158034528,478,0,1,0,270
225.99,35.85657370517928,477,0,2,0,270
231.25,35.85657370517928,477,0,1,0,271
231.26,35.98937583001327,476,0,2,0,271
235.3,35.98937583001327,476,0,1,1,271
235.31,35.98937583001327,476,0,1,0,272
235.32,36.122177954847274,475,0,2,0,272
240.24,36.122177954847274,475,0,1,0,273
240.25,36.25498007968127,474,0,2,0,273
243.91,36.25498007968127,474,0,1,0,274
243.92,36.38778220451527,473,0,2,0,274
250.26,36.38778220451527,473,0,1,0,275
250.27,36.52058432934926,472,0,2,0,275
253.16,36.52058432934926,472,0,1,1,275
253.17,36.52058432934926,472,0,1,0,276
253.18,36.65338645418326,471,0,2,0,276
260.18,36.65338645418326,471,0,1,0,277
260.19,36.78618857901726,470,0,2,0,277
262.12,36.78618857901726,470,0,1,0,278
262.13,36.91899070385126,469,0,2,0,278
269.14,36.91899070385126,469,0,1,0,279
269.15,37.05179282868525,468,1,1,0,279
269.16,37.05179282868525,468,0,2,0,279
271.2,37.05179282868525,468,0,1,1,279
271.22,37.05179282868525,468,0,1,0,280
271.23,37.18459495351925,467,0,2,0,280
278.25,37.317397078353245,466,0,2,0,281
280.17,37.317397078353245,466,0,1,0,282
280.18,37.45019920318725,465,0,2,0,282
287.51,37.45019920318725,465,0,1,0,283
287.52,37.58300132802125,464,0,2,0,283
290.32,37.58300132802125,464,0,1,0,284
290.36,37.71580345285525,463,0,2,0,284
297.85,37.71580345285525,463,0,1,0,284
297.86,37.71580345285525,463,0,1,0,285
297.87,37.84860557768924,462,0,2,0,285
300.63,37.84860557768924,462,0,1,0,286
300.64,37.98140770252324,461,0,2,0,286
307.19,37.98140770252324,461,0,1,0,287
307.2,38.114209827357236,460,0,2,0,287
310.47,38.114209827357236,460,0,1,0,288
310.48,38.24701195219124,459,0,2,0,288
316.84,38.24701195219124,458,1,1,0,289
316.91,38.37981407702523,458,0,2,0,289
317.11,38.37981407702523,458,0,1,0,289
318.08,38.37981407702523,458,0,1,0,290
318.11,38.51261620185923,457,0,2,0,290
320.44,38.51261620185923,457,0,1,0,291
320.45,38.645418326693225,456,0,2,0,291
327.85,38.645418326693225,456,0,1,0,292
327.86,38.778220451527226,455,0,2,0,292
329.87,38.778220451527226,455,0,1,0,293
329.88,38.91102257636122,454,0,2,0,293
338.92,38.91102257636122,454,0,1,1,293
338.93,38.91102257636122,454,0,1,0,294
339.08,39.04382470119522,453,0,2,0,294
340.6,39.04382470119522,452,1,1,0,295
340.62,39.176626826029214,452,0,2,0,295
340.76,39.176626826029214,452,0,1,1,295
340.8,39.176626826029214,451,0,2,0,295
341.04,39.176626826029214,451,0,2,0,296
406.2,39.309428950863214,451,0,1,0,297
406.7,39.44223107569721,450,0,2,0,297
423.25,39.44223107569721,450,0,1,0,298
423.29,39.57503320053121,449,0,2,0,298
439.0,39.57503320053121,449,0,1,0,299
439.07,39.7078353253652,448,0,2,0,299
450.89,39.7078353253652,448,0,1,0,300
450.91,39.8406374501992,447,0,2,0,300
461.4,39.8406374501992,447,0,1,0,301
461.43,39.9734395750332,446,0,2,0,301
471.42,39.9734395750332,445,1,1,1,301
471.43,39.9734395750332,445,1,1,0,302
471.44,40.1062416998672,445,0,2,0,302
471.47,40.1062416998672,444,0,3,0,302
471.49,40.1062416998672,444,0,2,1,302
471.5,40.1062416998672,444,0,2,0,302
471.52,40.1062416998672,444,0,2,0,303
475.85,40.23904382470119,444,0,1,0,304
475.86,40.37184594953519,443,0,2,0,304
496.1,40.37184594953519,443,0,1,0,305
496.13,40.504648074369186,442,0,2,0,305
507.09,40.504648074369186,442,0,1,0,306
507.1,40.63745019920319,441,0,2,0,306
508.61,40.63745019920319,440,1,1,0,307
508.62,40.77025232403718,440,0,2,0,307
508.65,40.77025232403718,440,0,1,1,307
508.66,40.77025232403718,440,0,1,0,307
508.73,40.77025232403718,440,0,1,0,308
508.75,40.90305444887118,439,0,2,0,308
520.77,40.90305444887118,439,0,1,0,309
520.8,41.035856573705175,438,0,2,0,309
533.12,41.035856573705175,438,0,1,1,309
533.13,41.035856573705175,438,0,1,0,310
533.17,41.168658698539176,437,0,2,0,310
537.85,41.168658698539176,437,0,1,0,311
537.87,41.30146082337317,436,0,2,0,311
547.35,41.30146082337317,436,0,1,0,312
547.36,41.43426294820717,435,0,2,0,312
556.99,41.43426294820717,435,0,1,0,313
557.0,41.567065073041164,434,0,2,0,313
566.91,41.567065073041164,434,0,1,0,314
566.93,41.699867197875164,433,0,2,0,314
573.67,41.699867197875164,433,0,1,0,315
573.69,41.83266932270916,432,0,2,0,315
582.45,41.83266932270916,432,0,1,0,316
582.48,41.96547144754316,431,0,2,0,316
588.11,41.96547144754316,431,0,1,0,317
588.17,42.09827357237715,430,0,2,0,317
592.23,42.09827357237715,430,0,1,0,318
592.25,42.23107569721115,429,0,2,0,318
601.84,42.23107569721115,429,0,1,1,318
601.85,42.23107569721115,429,0,1,0,319
601.9,42.36387782204515,428,0,2,0,319
603.81,42.36387782204515,427,1,1,0,319
603.82,42.36387782204515,427,1,1,0,320
603.83,42.49667994687915,426,1,2,0,320
603.86,42.49667994687915,426,0,3,0,320
603.98,42.49667994687915,426,0,2,0,320
604.08,42.49667994687915,426,0,2,0,321
611.38,42.62948207171314,426,0,1,0,322
611.4,42.76228419654714,425,0,2,0,322
614.86,42.76228419654714,425,0,1,0,323
614.87,42.895086321381136,424,0,2,0,323
622.93,42.895086321381136,424,0,1,0,324
622.94,43.02788844621514,423,0,2,0,324
624.25,43.02788844621514,423,0,1,0,325
624.26,43.16069057104913,422,0,2,0,325
632.9,43.16069057104913,422,0,1,0,326
632.93,43.29349269588313,421,0,2,0,326
639.8,43.29349269588313,421,0,1,0,327
639.81,43.426294820717125,420,0,2,0,327
642.64,43.426294820717125,420,0,1,1,327
642.65,43.426294820717125,420,0,1,0,328
642.66,43.559096945551126,419,0,2,0,328
649.5,43.559096945551126,419,0,1,1,328
649.51,43.559096945551126,419,0,1,0,329
649.54,43.69189907038512,418,0,2,0,329
651.88,43.69189907038512,418,0,1,1,329
651.89,43.69189907038512,418,0,1,0,330
651.9,43.82470119521912,417,0,2,0,330
658.64,43.82470119521912,417,0,1,0,331
658.65,43.957503320053114,416,0,2,0,331
661.7,43.957503320053114,416,0,1,0,332
661.72,44.090305444887115,415,0,2,0,332
667.88,44.090305444887115,415,0,1,0,333
667.89,44.223107569721115,414,0,2,0,333
671.49,44.223107569721115,414,0,1,0,334
671.5,44.35590969455511,413,0,2,0,334
677.85,44.35590969455511,413,0,1,0,335
677.86,44.48871181938911,412,0,2,0,335
681.5,44.6215139442231,411,0,2,0,336
687.25,44.754316069057104,410,0,2,0,337
694.25,44.8871181938911,409,0,2,0,338
696.29,44.8871181938911,409,0,1,0,339
696.3,45.0199203187251,408,0,2,0,339
703.08,45.0199203187251,408,0,1,0,340
703.09,45.15272244355909,407,0,2,0,340
705.3,45.15272244355909,407,0,1,0,340
705.31,45.15272244355909,407,0,1,0,341
705.32,45.28552456839309,406,0,2,0,341
712.0,45.28552456839309,406,0,1,0,342
712.01,45.41832669322709,405,0,2,0,342
715.28,45.41832669322709,405,0,1,0,343
715.32,45.55112881806109,404,0,2,0,343
722.14,45.55112881806109,404,0,1,1,343
722.15,45.55112881806109,404,0,1,0,344
722.16,45.68393094289508,403,0,2,0,344
724.55,45.68393094289508,403,0,1,1,344
724.56,45.68393094289508,403,0,1,0,345
724.57,45.81673306772908,402,0,2,0,345
732.56,45.81673306772908,402,0,1,0,346
732.57,45.949535192563076,401,0,2,0,346
734.39,45.949535192563076,401,0,1,0,347
734.42,46.08233731739708,400,0,2,0,347
741.99,46.08233731739708,400,0,1,0,348
742.0,46.21513944223107,399,0,2,0,348
744.42,46.21513944223107,399,0,1,0,349
744.43,46.34794156706507,398,0,2,0,349
751.7,46.34794156706507,398,0,1,1,349
751.72,46.34794156706507,398,0,1,0,350
751.73,46.480743691899065,397,0,2,0,350
754.4,46.480743691899065,397,0,1,0,351
754.41,46.613545816733065,396,0,2,0,351
760.37,46.613545816733065,396,0,1,0,351
760.38,46.613545816733065,396,0,1,0,352
760.39,46.74634794156706,395,0,2,0,352
763.38,46.74634794156706,395,0,1,0,353
763.39,46.87915006640106,394,0,2,0,353
770.58,46.87915006640106,394,0,1,1,353
770.59,46.87915006640106,394,0,1,0,354
770.6,47.01195219123505,393,0,2,0,354
772.26,47.01195219123505,393,0,1,0,354
772.27,47.01195219123505,393,0,1,0,355
772.28,47.144754316069054,392,0,2,0,355
779.3,47.144754316069054,392,0,1,0,356
779.31,47.27755644090305,391,0,2,0,356
787.98,47.27755644090305,391,0,1,0,357
787.99,47.41035856573705,390,0,2,0,357
797.24,47.41035856573705,390,0,1,0,358
797.25,47.54316069057104,389,0,2,0,358
806.68,47.54316069057104,389,0,1,0,359
806.69,47.67596281540504,388,0,2,0,359
807.04,47.67596281540504,387,1,1,0,360
807.05,47.80876494023904,386,2,1,0,360
807.06,47.80876494023904,386,1,2,0,360
807.19,47.80876494023904,386,0,3,0,360
807.42,47.80876494023904,386,0,2,0,360
807.89,47.80876494023904,386,0,2,0,361
815.58,47.94156706507304,386,0,1,0,362
815.59,48.07436918990703,385,0,2,0,362
816.54,48.07436918990703,385,0,1,0,363
816.55,48.20717131474103,384,0,2,0,363
825.14,48.20717131474103,384,0,1,0,364
825.15,48.339973439575026,383,1,1,0,364
825.16,48.339973439575026,383,0,2,0,364
825.8,48.339973439575026,383,0,1,0,365
825.81,48.47277556440903,382,0,2,0,365
834.63,48.47277556440903,382,0,1,0,366
834.64,48.60557768924302,381,0,2,0,366
836.54,48.60557768924302,381,0,1,0,367
836.55,48.73837981407702,380,0,2,0,367
843.89,48.73837981407702,380,0,1,1,367
843.9,48.73837981407702,380,0,1,0,368
843.91,48.871181938911015,379,0,2,0,368
846.19,48.871181938911015,379,0,1,0,369
846.2,49.003984063745015,378,0,2,0,369
852.97,49.003984063745015,378,0,1,1,369
852.98,49.003984063745015,378,0,1,0,370
852.99,49.13678618857901,377,0,2,0,370
854.94,49.13678618857901,377,0,1,0,370
854.95,49.13678618857901,377,0,1,0,371
854.97,49.26958831341301,376,0,2,0,371
862.02,49.26958831341301,376,0,1,0,372
862.03,49.402390438247004,375,0,2,0,372
863.49,49.402390438247004,375,0,1,1,372
863.5,49.535192563081004,374,0,2,0,373
871.26,49.535192563081004,374,0,1,0,374
871.27,49.667994687915,373,0,2,0,374
872.11,49.667994687915,372,1,1,0,375
872.12,49.800796812749,371,1,2,0,375
872.33,49.800796812749,371,0,3,0,375
872.42,49.800796812749,371,0,2,1,375
872.43,49.800796812749,371,0,2,0,375
872.59,49.800796812749,371,0,2,0,376
879.93,49.93359893758299,371,0,1,0,377
879.94,50.066401062417,370,0,2,0,377
880.98,50.066401062417,370,0,1,0,378
880.99,50.199203187250994,369,0,2,0,378
888.79,50.199203187250994,369,0,1,0,379
888.8,50.332005312084995,368,0,2,0,379
889.77,50.332005312084995,368,0,1,1,379
889.78,50.332005312084995,368,0,1,0,380
889.79,50.46480743691899,367,0,2,0,380
898.45,50.46480743691899,367,0,1,1,380
898.47,50.46480743691899,367,0,1,0,381
898.48,50.59760956175299,366,0,2,0,381
899.05,50.59760956175299,366,0,1,0,382
899.06,50.73041168658698,365,0,2,0,382
907.89,50.73041168658698,365,0,1,0,383
907.9,50.863213811420984,364,0,2,0,383
908.91,50.863213811420984,364,0,1,0,384
908.92,50.99601593625498,363,1,1,0,384
908.93,50.99601593625498,363,0,2,0,384
919.2,50.99601593625498,363,0,1,0,385
919.22,51.12881806108898,362,0,2,0,385
922.29,51.12881806108898,362,0,1,0,386
922.3,51.26162018592297,361,0,2,0,386
928.49,51.26162018592297,361,0,1,0,387
928.5,51.39442231075697,360,0,2,0,387
931.65,51.39442231075697,360,0,1,0,388
931.66,51.527224435590966,359,0,2,0,388
937.0,51.527224435590966,359,0,1,0,389
937.01,51.66002656042497,358,0,2,0,389
941.01,51.66002656042497,358,0,1,0,390
941.02,51.79282868525896,357,0,2,0,390
946.67,51.79282868525896,357,0,1,0,391
946.69,51.92563081009296,356,0,2,0,391
950.0,51.92563081009296,356,0,1,0,392
950.01,52.058432934926955,355,0,2,0,392
959.22,52.058432934926955,355,0,1,1,392
959.23,52.058432934926955,355,0,1,0,393
959.24,52.191235059760956,354,0,2,0,393
960.72,52.191235059760956,354,0,1,0,394
960.73,52.32403718459495,353,0,2,0,394
969.18,52.32403718459495,353,0,1,0,395
969.19,52.45683930942895,352,0,2,0,395
974.74,52.45683930942895,352,0,1,0,396
974.75,52.589641434262944,351,0,2,0,396
978.55,52.589641434262944,351,0,1,0,397
978.56,52.722443559096945,350,0,2,0,397
983.75,52.85524568393094,350,0,1,0,398
983.76,52.85524568393094,349,0,2,0,398
988.22,52.85524568393094,349,0,1,1,398
988.23,52.85524568393094,349,0,1,0,399
988.25,52.98804780876494,348,0,2,0,399
992.44,52.98804780876494,348,0,1,0,400
992.45,53.12084993359893,347,0,2,0,400
997.94,53.12084993359893,347,0,1,0,401
997.95,53.253652058432934,346,0,2,0,401
1001.45,53.253652058432934,346,0,1,0,402
1001.47,53.38645418326693,345,0,2,0,402
1007.24,53.38645418326693,345,0,1,0,403
1007.25,53.51925630810093,344,0,2,0,403
1010.95,53.51925630810093,344,0,1,0,404
1010.97,53.65205843293492,343,0,2,0,404
1016.19,53.65205843293492,343,0,1,0,405
1016.2,53.78486055776892,342,0,2,0,405
1019.53,53.78486055776892,342,0,1,1,405
1019.54,53.78486055776892,342,0,1,0,406
1019.55,53.917662682602916,341,0,2,0,406
1028.24,53.917662682602916,341,0,1,0,407
1028.25,54.05046480743692,340,0,2,0,407
1035.3,54.05046480743692,340,0,1,0,408
1035.31,54.18326693227091,339,0,2,0,408
1036.95,54.18326693227091,339,0,1,1,408
1036.97,54.18326693227091,339,0,1,0,409
1036.98,54.31606905710491,338,0,2,0,409
1044.56,54.31606905710491,338,0,1,0,410
1044.57,54.448871181938905,337,0,2,0,410
1053.45,54.448871181938905,337,0,1,0,411
1053.47,54.581673306772906,336,0,2,0,411
1056.11,54.581673306772906,336,0,1,0,412
1056.12,54.7144754316069,335,0,2,0,412
1062.73,54.7144754316069,335,0,1,0,413
1062.74,54.8472775564409,334,1,1,0,413
1062.75,54.8472775564409,334,0,2,0,413
1064.69,54.8472775564409,334,0,1,0,414
1064.7,54.980079681274894,333,0,2,0,414
1071.62,54.980079681274894,333,0,1,0,415
1071.63,55.112881806108895,332,0,2,0,415
1075.18,55.112881806108895,332,0,1,0,416
1075.19,55.24568393094289,331,0,2,0,416
1080.73,55.24568393094289,331,0,1,0,417
1080.74,55.37848605577689,330,0,2,0,417
1083.79,55.37848605577689,330,0,1,0,418
1083.8,55.51128818061088,329,0,2,0,418
1089.7,55.51128818061088,329,0,1,1,418
1089.72,55.51128818061088,329,0,1,0,419
1089.73,55.644090305444884,328,0,2,0,419
1092.31,55.644090305444884,328,0,1,1,419
1092.32,55.644090305444884,328,0,1,0,420
1092.33,55.77689243027888,327,0,2,0,420
1098.64,55.77689243027888,327,0,1,0,421
1098.66,55.90969455511288,326,0,2,0,421
1100.99,55.90969455511288,326,0,1,0,422
1101.0,56.04249667994687,325,0,2,0,422
1109.68,56.04249667994687,325,0,1,0,423
1109.69,56.17529880478087,324,0,2,0,423
1113.32,56.17529880478087,324,0,1,0,424
1113.33,56.30810092961487,323,1,1,0,424
1113.34,56.30810092961487,323,0,2,0,424
1118.34,56.30810092961487,323,0,1,0,425
1118.35,56.44090305444887,322,0,2,0,425
1123.22,56.44090305444887,322,0,1,0,426
1123.23,56.57370517928286,321,0,2,0,426
1127.34,56.57370517928286,321,0,1,0,427
1127.35,56.70650730411686,320,0,2,0,427
1132.28,56.70650730411686,320,0,1,0,428
1132.35,56.839309428950855,319,0,2,0,428
1136.89,56.839309428950855,319,0,1,0,429
1136.9,56.972111553784856,318,0,2,0,429
1142.5,57.10491367861885,317,0,2,0,430
1146.3,57.10491367861885,317,0,1,0,431
1146.31,57.23771580345285,316,1,1,0,431
1146.32,57.23771580345285,316,0,2,0,431
1151.36,57.23771580345285,316,0,1,0,432
1151.37,57.370517928286844,315,0,2,0,432
1154.97,57.370517928286844,315,0,1,0,433
1154.98,57.503320053120845,314,0,2,0,433
1160.29,57.503320053120845,314,0,1,0,434
1160.31,57.63612217795484,313,0,2,0,434
1163.67,57.63612217795484,313,0,1,0,435
1163.68,57.76892430278884,312,0,2,0,435
1169.58,57.76892430278884,312,0,1,0,436
1169.59,57.90172642762283,311,0,2,0,436
1172.61,57.90172642762283,311,0,1,0,437
1172.62,58.034528552456834,310,0,2,0,437
1178.44,58.034528552456834,310,0,1,0,438
1178.45,58.16733067729083,309,0,2,0,438
1181.42,58.16733067729083,309,0,1,0,439
1181.43,58.30013280212483,308,0,2,0,439
1187.88,58.30013280212483,308,0,1,0,440
1187.89,58.43293492695882,307,0,2,0,440
1190.63,58.43293492695882,307,0,1,0,441
1190.64,58.56573705179282,306,0,2,0,441
1196.93,58.56573705179282,306,0,1,0,442
1196.94,58.69853917662682,305,0,2,0,442
1199.75,58.83134130146082,304,0,2,0,443
1205.95,58.83134130146082,304,0,1,0,444
1205.97,58.96414342629481,303,0,2,0,444
1208.37,58.96414342629481,303,0,1,0,445
1208.38,59.09694555112881,302,0,2,0,445
1215.11,59.09694555112881,302,0,1,0,446
1215.12,59.229747675962805,301,0,2,0,446
1218.05,59.229747675962805,301,0,1,0,447
1218.06,59.362549800796806,300,0,2,0,447
1228.13,59.362549800796806,300,0,1,0,448
1228.14,59.4953519256308,299,0,2,0,448
1236.97,59.4953519256308,299,0,1,0,449
1236.98,59.6281540504648,298,0,2,0,449
1247.28,59.6281540504648,298,0,1,1,449
1247.29,59.6281540504648,298,0,1,0,450
1247.3,59.760956175298794,297,0,2,0,450
1250.5,59.760956175298794,297,0,1,0,451
1250.51,59.893758300132795,296,0,2,0,451
1257.3,59.893758300132795,296,0,1,1,451
1257.31,59.893758300132795,296,0,1,0,452
1257.32,60.02656042496679,295,0,2,0,452
1260.5,60.02656042496679,295,0,1,1,452
1260.51,60.02656042496679,295,0,1,0,453
1260.52,60.15936254980079,294,0,2,0,453
1267.14,60.15936254980079,294,0,1,0,454
1267.15,60.29216467463478,293,0,2,0,454
1269.43,60.29216467463478,293,0,1,0,455
1269.44,60.424966799468784,292,0,2,0,455
1276.86,60.424966799468784,291,1,1,0,456
1277.01,60.55776892430278,291,0,2,0,456
1277.38,60.55776892430278,291,0,1,0,456
1278.07,60.55776892430278,291,0,1,0,457
1278.11,60.69057104913678,290,0,2,0,457
1278.61,60.69057104913678,290,0,1,0,458
1278.62,60.82337317397077,289,0,2,0,458
1288.13,60.82337317397077,289,0,1,0,458
1288.14,60.82337317397077,289,0,1,0,459
1288.15,60.95617529880477,288,1,1,0,459
1288.16,60.95617529880477,288,0,2,0,459
1289.01,60.95617529880477,288,0,1,1,459
1289.02,60.95617529880477,288,0,1,0,460
1289.03,61.08897742363877,287,0,2,0,460
1297.33,61.08897742363877,287,0,1,0,461
1297.34,61.221779548472774,286,0,2,0,461
1298.95,61.221779548472774,286,0,1,1,461
1298.97,61.221779548472774,286,0,1,0,462
1298.98,61.354581673306775,285,0,2,0,462
1307.05,61.354581673306775,285,0,1,0,463
1307.06,61.48738379814077,284,0,2,0,463
1309.75,61.62018592297477,283,1,1,0,464
1309.76,61.62018592297477,283,0,2,0,464
1316.53,61.62018592297477,283,0,1,1,464
1316.54,61.62018592297477,283,0,1,0,465
1316.55,61.75298804780876,282,0,2,0,465
1319.84,61.75298804780876,282,0,1,0,465
1319.85,61.75298804780876,282,0,1,0,466
1319.86,61.885790172642764,281,0,2,0,466
1326.55,61.885790172642764,281,0,1,0,467
1326.56,62.01859229747676,280,0,2,0,467
1329.12,62.01859229747676,280,0,1,0,468
1329.13,62.15139442231076,279,0,2,0,468
1335.53,62.15139442231076,279,0,1,0,469
1335.54,62.28419654714475,278,0,2,0,469
1338.98,62.28419654714475,278,0,1,0,470
1339.0,62.41699867197875,277,0,2,0,470
1344.75,62.54980079681275,276,0,2,0,471
1348.61,62.54980079681275,276,0,1,0,471
1348.62,62.54980079681275,276,0,1,0,472
1348.63,62.68260292164675,275,0,2,0,472
1353.56,62.68260292164675,275,0,1,1,472
1353.57,62.68260292164675,275,0,1,0,473
1353.6,62.81540504648074,274,0,2,0,473
1357.41,62.81540504648074,274,0,1,0,474
1357.42,62.94820717131474,273,0,2,0,474
1362.73,62.94820717131474,273,0,1,0,475
1362.74,63.081009296148736,272,0,2,0,475
1366.18,63.081009296148736,272,0,1,0,476
1366.19,63.213811420982736,271,0,2,0,476
1374.74,63.213811420982736,271,0,1,0,477
1374.75,63.34661354581673,270,0,2,0,477
1383.79,63.34661354581673,270,0,1,0,478
1383.8,63.47941567065073,269,0,2,0,478
1392.41,63.47941567065073,269,0,1,0,479
1392.43,63.612217795484725,268,0,2,0,479
1392.74,63.612217795484725,268,0,1,1,479
1392.75,63.745019920318725,267,0,2,0,480
1466.9,63.745019920318725,267,0,1,0,481
1467.4,63.87782204515272,266,0,2,0,481
1480.79,63.87782204515272,266,0,1,0,482
1480.8,64.01062416998671,265,0,2,0,482
1520.22,64.01062416998671,265,0,1,0,483
1520.23,64.14342629482071,264,0,2,0,483
1550.0,64.14342629482071,264,0,1,0,484
1550.2,64.27622841965471,263,0,2,0,484
1552.05,64.27622841965471,263,0,1,0,485
1552.14,64.40903054448872,262,0,2,0,485
1594.54,64.40903054448872,262,0,1,0,486
1594.61,64.5418326693227,261,0,2,0,486
1628.13,64.5418326693227,261,0,1,0,487
1628.41,64.6746347941567,260,0,2,0,487
1641.64,64.6746347941567,260,0,1,0,488
1641.91,64.8074369189907,259,0,2,0,488
1672.75,64.8074369189907,259,0,1,0,489
1672.84,64.9402390438247,258,0,2,0,489
1682.32,64.9402390438247,258,0,1,1,489
1682.33,64.9402390438247,258,0,1,0,490
1682.38,65.07304116865869,257,0,2,0,490
1685.51,65.07304116865869,257,0,1,0,491
1685.56,65.20584329349269,256,0,2,0,491
1691.83,65.20584329349269,256,0,1,0,492
1691.84,65.33864541832669,255,0,2,0,492
1699.07,65.33864541832669,255,0,1,0,493
1699.09,65.47144754316069,254,0,2,0,493
1701.63,65.47144754316069,254,0,1,0,494
1701.65,65.60424966799468,253,0,2,0,494
1708.94,65.60424966799468,253,0,1,0,495
1708.95,65.73705179282868,252,0,2,0,495
1710.86,65.73705179282868,252,0,1,0,496
1710.87,65.86985391766268,251,0,2,0,496
1718.15,65.86985391766268,251,0,1,0,497
1718.16,66.00265604249668,250,1,1,0,497
1718.17,66.00265604249668,250,0,2,0,497
1720.55,66.00265604249668,250,0,1,1,497
1720.56,66.00265604249668,250,0,1,0,498
1720.57,66.13545816733067,249,0,2,0,498
1727.24,66.13545816733067,249,0,1,0,499
1727.25,66.26826029216467,248,0,2,0,499
1730.43,66.26826029216467,248,0,1,1,499
1730.44,66.26826029216467,248,0,1,0,500
1730.45,66.40106241699867,247,0,2,0,500
1736.28,66.40106241699867,247,0,1,0,501
1736.3,66.53386454183267,246,0,2,0,501
1740.34,66.53386454183267,246,0,1,0,501
1740.35,66.53386454183267,246,0,1,0,502
1740.36,66.66666666666666,245,0,2,0,502
1749.36,66.66666666666666,245,0,1,0,503
1749.37,66.79946879150066,244,0,2,0,503
1759.3,66.79946879150066,244,0,1,0,504
1759.32,66.93227091633466,243,0,2,0,504
1769.02,66.93227091633466,243,0,1,0,505
1769.03,67.06507304116866,242,0,2,0,505
1771.07,67.06507304116866,242,0,1,0,505
1771.08,67.06507304116866,242,0,1,0,506
1771.09,67.19787516600265,241,0,2,0,506
1778.12,67.19787516600265,241,0,1,1,506
1778.13,67.19787516600265,241,0,1,0,507
1778.14,67.33067729083665,240,0,2,0,507
1780.39,67.33067729083665,240,0,1,0,508
1780.4,67.46347941567065,239,0,2,0,508
1787.37,67.46347941567065,239,0,1,0,509
1787.38,67.59628154050465,238,0,2,0,509
1789.75,67.59628154050465,238,0,1,0,510
1789.76,67.72908366533864,237,0,2,0,510
1798.03,67.72908366533864,237,0,1,0,511
1798.14,67.86188579017264,236,0,2,0,511
1799.29,67.86188579017264,236,0,1,0,512
1799.3,67.99468791500664,235,1,1,0,512
1799.31,67.99468791500664,235,0,2,0,512
1807.59,67.99468791500664,235,0,1,0,513
1807.6,68.12749003984064,234,0,2,0,513
1808.48,68.12749003984064,234,0,1,0,514
1808.49,68.26029216467462,233,0,2,0,514
1817.41,68.26029216467462,233,0,1,0,515
1817.49,68.39309428950862,232,0,2,0,515
1817.86,68.39309428950862,232,0,1,0,516
1817.87,68.52589641434263,231,0,2,0,516
1826.62,68.52589641434263,231,0,1,1,516
1826.63,68.52589641434263,230,1,1,0,517
1826.75,68.65869853917663,230,0,2,0,517
1827.09,68.65869853917663,230,0,1,1,517
1827.1,68.65869853917663,230,0,1,0,517
1827.61,68.65869853917663,230,0,1,0,518
1827.62,68.79150066401061,229,1,1,0,518
1827.66,68.79150066401061,229,0,2,0,518
1828.24,68.79150066401061,229,0,1,1,518
1828.25,68.92430278884461,228,0,2,0,519
1836.78,68.92430278884461,228,0,1,0,520
1836.79,69.05710491367861,227,1,1,0,520
1836.8,69.05710491367861,227,0,2,0,520
1838.36,69.05710491367861,227,0,1,1,520
1838.37,69.05710491367861,227,0,1,0,521
1838.38,69.18990703851262,226,0,2,0,521
1846.98,69.18990703851262,226,0,1,0,522
1846.99,69.3227091633466,225,0,2,0,522
1851.5,69.4555112881806,224,0,2,0,523
1856.13,69.4555112881806,223,1,1,1,523
1856.14,69.4555112881806,223,1,1,0,524
1856.15,69.5883134130146,222,1,2,0,524
1856.16,69.5883134130146,222,0,3,0,524
1856.24,69.5883134130146,222,0,2,0,524
1856.35,69.5883134130146,222,0,2,0,525
1860.83,69.7211155378486,222,0,1,0,526
1860.84,69.85391766268259,221,0,2,0,526
1865.19,69.85391766268259,221,0,1,0,527
1865.2,69.98671978751659,220,0,2,0,527
1870.24,69.98671978751659,220,0,1,0,528
1870.25,70.11952191235059,219,0,2,0,528
1874.22,70.11952191235059,219,0,1,0,529
1874.23,70.2523240371846,218,0,2,0,529
1879.18,70.2523240371846,218,0,1,0,530
1879.19,70.38512616201858,217,0,2,0,530
1883.12,70.38512616201858,217,0,1,0,531
1883.13,70.51792828685258,216,0,2,0,531
1892.19,70.51792828685258,216,0,1,0,532
1892.2,70.65073041168658,215,0,2,0,532
1894.02,70.65073041168658,215,0,1,0,533
1894.03,70.78353253652058,214,0,2,0,533
1903.0,70.91633466135457,213,0,2,0,534
1906.3,70.91633466135457,213,0,1,0,535
1906.31,71.04913678618857,212,0,2,0,535
1912.48,71.04913678618857,212,0,1,0,536
1912.49,71.18193891102257,211,0,2,0,536
1914.88,71.18193891102257,211,0,1,0,537
1914.89,71.31474103585657,210,0,2,0,537
1922.23,71.31474103585657,210,0,1,1,537
1922.24,71.31474103585657,210,0,1,0,538
1922.25,71.44754316069056,209,0,2,0,538
1923.73,71.44754316069056,209,0,1,0,539
1923.74,71.58034528552456,208,0,2,0,539
1932.32,71.58034528552456,208,0,1,0,540
1932.33,71.71314741035856,207,0,2,0,540
1941.03,71.71314741035856,207,0,1,0,541
1941.04,71.84594953519256,206,0,2,0,541
1949.93,71.84594953519256,206,0,1,0,542
1949.94,71.97875166002655,205,0,2,0,542
1951.78,71.97875166002655,205,0,1,0,543
1951.79,72.11155378486055,204,0,2,0,543
1958.64,72.11155378486055,204,0,1,0,544
1958.65,72.24435590969455,203,0,2,0,544
1960.88,72.24435590969455,202,1,1,0,545
1960.92,72.37715803452855,202,0,2,0,545
1961.04,72.37715803452855,202,0,1,0,545
1961.2,72.37715803452855,202,0,1,0,546
1961.22,72.50996015936254,201,0,2,0,546
1968.49,72.50996015936254,201,0,1,0,547
1968.5,72.64276228419654,200,0,2,0,547
1970.18,72.64276228419654,200,0,1,0,548
1970.19,72.77556440903054,199,0,2,0,548
1977.47,72.77556440903054,199,0,1,0,549
1977.48,72.90836653386454,198,0,2,0,549
1979.56,72.90836653386454,197,1,1,1,549
1979.57,72.90836653386454,197,1,1,0,550
1979.58,73.04116865869852,197,0,2,0,550
1979.59,73.04116865869852,196,0,3,0,550
1979.62,73.04116865869852,196,0,2,0,550
1979.68,73.04116865869852,196,0,2,0,551
1986.55,73.17397078353252,196,0,1,0,552
1986.56,73.30677290836653,195,0,2,0,552
1988.8,73.30677290836653,195,0,1,0,553
1988.81,73.43957503320053,194,0,2,0,553
1995.24,73.43957503320053,194,0,1,0,554
1995.25,73.57237715803451,193,0,2,0,554
1998.37,73.57237715803451,193,0,1,0,555
1998.38,73.70517928286851,192,0,2,0,555
2004.62,73.70517928286851,192,0,1,0,556
2004.63,73.83798140770251,191,0,2,0,556
2008.02,73.83798140770251,191,0,1,0,557
2008.03,73.97078353253652,190,0,2,0,557
2014.56,73.97078353253652,190,0,1,1,557
2014.57,73.97078353253652,190,0,1,0,558
2014.58,74.1035856573705,189,0,2,0,558
2017.76,74.1035856573705,189,0,1,0,559
2017.77,74.2363877822045,188,0,2,0,559
2023.77,74.2363877822045,188,0,1,0,560
2023.78,74.3691899070385,187,0,2,0,560
2027.51,74.3691899070385,186,1,1,0,561
2027.55,74.5019920318725,185,1,2,0,561
2027.56,74.5019920318725,185,0,3,0,561
2027.6,74.5019920318725,185,0,2,1,561
2027.61,74.5019920318725,185,0,2,0,561
2027.75,74.63479415670649,185,0,2,0,562
2032.58,74.63479415670649,185,0,1,1,562
2032.59,74.63479415670649,185,0,1,0,563
2032.6,74.76759628154049,184,0,2,0,563
2041.53,74.76759628154049,184,0,1,1,563
2041.54,74.76759628154049,184,0,1,0,564
2041.55,74.9003984063745,183,0,2,0,564
2047.11,74.9003984063745,183,0,1,0,565
2047.12,75.0332005312085,182,0,2,0,565
2051.83,75.0332005312085,182,0,1,0,566
2051.84,75.1660026560425,181,0,2,0,566
2057.47,75.1660026560425,181,0,1,0,567
2057.48,75.2988047808765,180,0,2,0,567
2060.89,75.2988047808765,180,0,1,0,567
2060.9,75.2988047808765,180,0,1,0,568
2060.91,75.4316069057105,179,0,2,0,568
2066.86,75.4316069057105,179,0,1,0,569
2066.87,75.56440903054448,178,0,2,0,569
2070.57,75.56440903054448,178,0,1,1,569
2070.58,75.56440903054448,178,0,1,0,570
2070.59,75.69721115537848,177,0,2,0,570
2075.82,75.69721115537848,177,0,1,1,570
2075.83,75.69721115537848,177,0,1,0,571
2075.84,75.83001328021248,176,1,1,0,571
2079.5,75.96281540504648,176,1,0,0,572
2079.51,75.96281540504648,175,1,1,0,572
2081.58,75.96281540504648,176,0,1,0,572
2081.59,75.96281540504648,180,0,1,0,572
2088.32,75.96281540504648,180,0,0,1,572
2088.33,75.96281540504648,179,0,1,0,573
2097.05,76.09561752988047,179,0,0,0,574
2097.07,76.22841965471447,178,0,1,0,574
2106.09,76.22841965471447,178,0,0,0,575
2106.1,76.36122177954847,177,0,1,0,575
2116.65,76.36122177954847,177,0,0,0,576
2116.66,76.49402390438247,176,0,1,0,576
2126.02,76.49402390438247,176,0,0,0,577
2126.03,76.62682602921646,175,0,1,0,577
2135.44,76.62682602921646,175,0,0,1,577
2135.45,76.62682602921646,175,0,0,0,578
2135.47,76.75962815405046,174,0,1,0,578
2145.14,76.75962815405046,174,0,0,0,579
2145.15,76.89243027888446,173,0,1,0,579
2154.24,76.89243027888446,173,0,0,0,580
2154.25,77.02523240371846,172,0,1,0,580
2164.18,77.02523240371846,172,0,0,1,580
2164.19,77.02523240371846,172,0,0,0,581
2164.2,77.15803452855245,171,0,1,0,581
2172.9,77.15803452855245,171,0,0,0,582
2172.91,77.29083665338645,170,0,1,0,582
2182.41,77.29083665338645,170,0,0,0,583
2182.42,77.42363877822045,169,0,1,0,583
2191.81,77.42363877822045,169,0,0,0,584
2191.82,77.55644090305445,168,0,1,0,584
2200.89,77.55644090305445,168,0,0,0,585
2200.9,77.68924302788844,167,0,1,0,585
2210.74,77.68924302788844,167,0,0,0,586
2210.75,77.82204515272244,166,0,1,0,586
2220.72,77.82204515272244,166,0,0,1,586
2220.73,77.82204515272244,166,0,0,0,587
2220.74,77.95484727755644,165,0,1,0,587
2230.99,77.95484727755644,165,0,0,0,588
2231.0,78.08764940239044,164,0,1,0,588
2240.47,78.08764940239044,164,0,0,0,589
2240.48,78.22045152722443,163,0,1,0,589
2249.65,78.22045152722443,163,0,0,0,590
2249.67,78.35325365205843,162,0,1,0,590
2259.34,78.35325365205843,162,0,0,1,590
2259.35,78.35325365205843,162,0,0,0,591
2259.36,78.48605577689243,161,0,1,0,591
2269.11,78.48605577689243,161,0,0,0,592
2269.12,78.61885790172643,160,0,1,0,592
2279.56,78.61885790172643,160,0,0,0,593
2279.58,78.75166002656042,159,0,1,0,593
2283.11,78.75166002656042,158,0,2,0,593
2288.48,78.75166002656042,158,0,1,1,593
2288.49,78.75166002656042,158,0,1,0,594
2288.5,78.88446215139442,157,0,2,0,594
2297.62,78.88446215139442,157,0,1,0,595
2297.63,79.01726427622842,156,0,2,0,595
2298.82,79.01726427622842,156,0,1,0,596
2298.84,79.15006640106242,155,0,2,0,596
2308.65,79.15006640106242,155,0,1,1,596
2308.66,79.15006640106242,155,0,1,0,597
2308.67,79.2828685258964,154,0,2,0,597
2312.44,79.2828685258964,154,0,1,0,598
2312.45,79.4156706507304,153,0,2,0,598
2318.25,79.4156706507304,153,0,1,0,599
2318.27,79.5484727755644,152,0,2,0,599
2321.42,79.5484727755644,152,0,1,0,600
2321.43,79.6812749003984,151,0,2,0,600
2328.18,79.6812749003984,151,0,1,0,601
2328.19,79.8140770252324,150,0,2,0,601
2330.28,79.8140770252324,150,0,1,0,601
2330.29,79.8140770252324,150,0,1,0,602
2330.3,79.9468791500664,149,0,2,0,602
2337.84,79.9468791500664,149,0,1,0,603
2337.85,80.0796812749004,148,0,2,0,603
2339.24,80.0796812749004,148,0,1,0,604
2339.25,80.2124833997344,147,0,2,0,604
2348.17,80.2124833997344,147,0,1,1,604
2348.18,80.2124833997344,147,0,1,0,605
2348.3,80.34528552456838,146,0,2,0,605
2348.9,80.34528552456838,146,0,1,0,606
2348.91,80.47808764940238,145,0,2,0,606
2358.75,80.47808764940238,145,0,1,0,607
2358.76,80.61088977423638,144,0,2,0,607
2358.78,80.61088977423638,144,0,1,0,608
2358.79,80.74369189907038,143,0,2,0,608
2369.43,80.74369189907038,143,0,1,0,608
2369.44,80.74369189907038,143,0,1,0,609
2369.45,80.87649402390437,142,0,2,0,609
2393.74,80.87649402390437,142,0,1,0,610
2393.75,81.00929614873837,141,0,2,0,610
2394.2,81.00929614873837,141,0,1,0,611
2394.22,81.14209827357237,140,0,2,0,611
2403.45,81.14209827357237,140,0,1,0,612
2403.48,81.27490039840637,139,0,2,0,612
2403.75,81.27490039840637,139,0,1,0,613
2403.76,81.40770252324036,138,0,2,0,613
2412.38,81.40770252324036,137,1,1,0,614
2412.42,81.54050464807436,137,0,2,0,614
2412.64,81.54050464807436,137,0,1,0,614
2413.06,81.54050464807436,137,0,1,0,615
2413.07,81.67330677290836,136,1,1,0,615
2413.1,81.67330677290836,136,0,2,0,615
2413.52,81.67330677290836,136,0,1,0,616
2413.53,81.80610889774236,135,0,2,0,616
2422.54,81.80610889774236,135,0,1,0,617
2422.55,81.93891102257635,134,0,2,0,617
2424.07,81.93891102257635,134,0,1,0,618
2424.08,82.07171314741035,133,1,1,0,618
2424.09,82.07171314741035,133,0,2,0,618
2431.7,82.07171314741035,133,0,1,0,619
2431.72,82.20451527224435,132,0,2,0,619
2433.82,82.20451527224435,132,0,1,0,620
2433.83,82.33731739707835,131,0,2,0,620
2440.63,82.33731739707835,131,0,1,0,621
2440.65,82.47011952191234,130,0,2,0,621
2443.9,82.47011952191234,129,1,1,0,622
2443.91,82.60292164674634,129,0,2,0,622
2443.97,82.60292164674634,129,0,1,0,622
2444.09,82.60292164674634,129,0,1,0,623
2444.1,82.73572377158034,128,0,2,0,623
2451.51,82.73572377158034,127,0,2,0,624
2451.52,82.86852589641434,126,0,3,0,624
2451.57,82.86852589641434,126,0,2,0,624
2451.59,82.86852589641434,126,0,2,0,625
2454.51,83.00132802124833,126,0,1,0,626
2454.52,83.13413014608233,125,0,2,0,626
2460.53,83.13413014608233,125,0,1,0,627
2460.54,83.26693227091633,124,0,2,0,627
2464.26,83.26693227091633,124,0,1,0,628
2464.27,83.39973439575033,123,0,2,0,628
2469.48,83.39973439575033,123,0,1,0,629
2469.49,83.53253652058432,122,0,2,0,629
2474.1,83.53253652058432,122,0,1,0,630
2474.11,83.66533864541832,121,0,2,0,630
2478.25,83.66533864541832,121,0,1,0,631
2478.26,83.79814077025232,120,0,2,0,631
2484.65,83.79814077025232,120,0,1,1,631
2484.66,83.79814077025232,120,0,1,0,632
2484.67,83.93094289508632,119,0,2,0,632
2487.69,83.93094289508632,119,0,1,0,633
2487.7,84.0637450199203,118,0,2,0,633
2494.74,84.0637450199203,118,0,1,0,634
2494.75,84.1965471447543,117,0,2,0,634
2497.85,84.1965471447543,117,0,1,0,635
2497.86,84.3293492695883,116,0,2,0,635
2504.66,84.3293492695883,116,0,1,0,636
2504.69,84.4621513944223,115,0,2,0,636
2506.73,84.4621513944223,115,0,1,0,637
2506.74,84.5949535192563,114,0,2,0,637
2516.02,84.5949535192563,114,0,1,0,638
2516.03,84.7277556440903,113,0,2,0,638
2516.65,84.7277556440903,113,0,1,1,638
2516.66,84.7277556440903,113,0,1,0,639
2516.67,84.8605577689243,112,0,2,0,639
2525.45,84.8605577689243,112,0,1,0,640
2525.47,84.9933598937583,111,0,2,0,640
2526.25,84.9933598937583,111,0,1,0,641
2526.26,85.12616201859228,110,0,2,0,641
2534.3,85.12616201859228,110,0,1,0,641
2534.31,85.12616201859228,110,0,1,0,642
2534.32,85.25896414342628,109,0,2,0,642
2536.25,85.25896414342628,109,0,1,0,643
2536.26,85.39176626826028,108,0,2,0,643
2543.05,85.39176626826028,108,0,1,0,644
2543.06,85.52456839309428,107,0,2,0,644
2546.85,85.52456839309428,107,0,1,0,645
2546.86,85.65737051792827,106,0,2,0,645
2551.94,85.65737051792827,105,1,1,0,646
2551.95,85.79017264276227,104,1,2,0,646
2552.02,85.79017264276227,104,0,3,0,646
2552.16,85.79017264276227,104,0,2,0,646
2552.32,85.79017264276227,104,0,2,0,647
2556.62,85.92297476759627,104,0,1,0,648
2556.64,86.05577689243027,103,0,2,0,648
2561.25,86.05577689243027,103,0,1,0,649
2561.33,86.18857901726426,102,0,2,0,649
2580.34,86.18857901726426,102,0,1,0,650
2580.39,86.32138114209826,101,0,2,0,650
2621.99,86.32138114209826,101,0,1,0,651
2622.33,86.45418326693226,100,0,2,0,651
2697.25,86.58698539176626,100,0,1,0,652
2697.32,86.58698539176626,99,0,2,0,652
2710.97,86.58698539176626,99,0,1,0,652
2710.98,86.58698539176626,99,0,1,0,653
2711.25,86.71978751660025,98,0,2,0,653
2794.31,86.71978751660025,98,0,1,1,653
2794.36,86.71978751660025,98,0,1,0,654
2794.74,86.85258964143425,97,0,2,0,654
2803.81,86.85258964143425,97,0,1,0,655
2804.07,86.98539176626825,96,0,2,0,655
2813.29,86.98539176626825,96,0,1,0,656
2813.36,87.11819389110225,95,0,2,0,656
2823.81,87.11819389110225,95,0,1,0,657
2823.9,87.25099601593624,94,0,2,0,657
2838.34,87.25099601593624,94,0,1,0,658
2838.75,87.38379814077024,93,0,2,0,658
2848.77,87.38379814077024,93,0,1,0,659
2848.79,87.51660026560424,92,0,2,0,659
2858.26,87.51660026560424,92,0,1,0,660
2858.47,87.64940239043824,91,0,2,0,660
2868.18,87.64940239043824,91,0,1,0,661
2868.2,87.78220451527223,90,0,2,0,661
2884.5,87.78220451527223,90,0,1,0,662
2884.53,87.91500664010623,89,0,2,0,662
2896.94,87.91500664010623,89,0,1,0,663
2897.28,88.04780876494023,88,0,2,0,663
2900.11,88.04780876494023,88,0,1,0,664
2900.17,88.18061088977423,87,0,2,0,664
2910.25,88.18061088977423,87,0,1,0,665
2910.26,88.31341301460822,86,1,1,0,665
2910.27,88.31341301460822,86,0,2,0,665
2919.25,88.31341301460822,86,0,1,0,666
2919.26,88.44621513944223,85,0,2,0,666
2920.53,88.44621513944223,85,0,1,0,667
2920.54,88.57901726427623,84,0,2,0,667
2928.27,88.57901726427623,84,0,1,0,668
2928.28,88.71181938911022,83,0,2,0,668
2930.52,88.71181938911022,83,0,1,0,668
2930.53,88.71181938911022,83,0,1,0,669
2930.54,88.84462151394422,82,0,2,0,669
2937.0,88.97742363877822,81,0,2,0,670
2940.3,88.97742363877822,81,0,1,1,670
2940.31,88.97742363877822,81,0,1,0,671
2940.32,89.11022576361222,80,0,2,0,671
2945.97,89.11022576361222,80,0,1,0,672
2945.98,89.2430278884462,79,0,2,0,672
2950.53,89.2430278884462,79,0,1,0,673
2950.54,89.37583001328021,78,0,2,0,673
2954.7,89.37583001328021,78,0,1,0,673
2954.72,89.37583001328021,77,1,1,0,674
2954.75,89.50863213811421,77,0,2,0,674
2954.88,89.50863213811421,77,0,1,0,674
2955.17,89.50863213811421,77,0,1,0,675
2955.18,89.64143426294821,76,1,1,0,675
2955.19,89.64143426294821,76,0,2,0,675
2961.45,89.64143426294821,76,0,1,0,676
2961.47,89.7742363877822,75,0,2,0,676
2964.24,89.7742363877822,75,0,1,0,677
2964.25,89.9070385126162,74,0,2,0,677
2971.47,89.9070385126162,74,0,1,0,678
2971.48,90.0398406374502,73,0,2,0,678
2973.4,90.0398406374502,73,0,1,0,679
2973.42,90.1726427622842,72,0,2,0,679
2981.5,90.30544488711818,71,0,2,0,680
2982.15,90.30544488711818,71,0,1,1,680
2982.16,90.30544488711818,71,0,1,0,681
2982.17,90.43824701195219,70,0,2,0,681
2991.04,90.43824701195219,70,0,1,0,682
2991.05,90.57104913678619,69,0,2,0,682
2991.45,90.57104913678619,69,0,1,0,683
2991.47,90.70385126162019,68,1,1,0,683
2991.48,90.70385126162019,68,0,2,0,683
3000.73,90.70385126162019,68,0,1,1,683
3000.74,90.70385126162019,68,0,1,0,684
3000.75,90.83665338645417,67,0,2,0,684
3001.44,90.83665338645417,67,0,1,0,685
3001.45,90.96945551128817,66,0,2,0,685
3010.49,90.96945551128817,66,0,1,0,686
3010.5,91.10225763612218,65,0,2,0,686
3012.58,91.10225763612218,65,0,1,0,687
3012.59,91.23505976095618,64,0,2,0,687
3020.25,91.23505976095618,64,0,1,0,688
3020.26,91.36786188579016,63,0,2,0,688
3022.58,91.36786188579016,63,0,1,0,689
3022.59,91.50066401062416,62,0,2,0,689
3029.32,91.50066401062416,61,1,1,0,690
3029.33,91.63346613545816,60,1,2,0,690
3029.38,91.63346613545816,60,0,3,0,690
3029.47,91.63346613545816,60,0,2,0,690
3029.6,91.63346613545816,60,0,2,0,691
3032.55,91.76626826029216,60,0,1,0,692
3032.56,91.89907038512615,59,0,2,0,692
3038.05,91.89907038512615,59,0,1,0,693
3038.06,92.03187250996015,58,0,2,0,693
3042.5,92.16467463479415,57,0,2,0,694
3046.8,92.16467463479415,57,0,1,0,695
3046.81,92.29747675962815,56,0,2,0,695
3053.01,92.29747675962815,56,0,1,1,695
3053.02,92.29747675962815,56,0,1,0,696
3053.03,92.43027888446214,55,0,2,0,696
3056.25,92.56308100929614,54,0,2,0,697
3062.83,92.56308100929614,54,0,1,1,697
3062.84,92.56308100929614,54,0,1,0,698
3062.85,92.69588313413014,53,0,2,0,698
3065.28,92.69588313413014,53,0,1,0,699
3065.3,92.82868525896414,52,0,2,0,699
3072.81,92.82868525896414,52,0,1,0,700
3072.82,92.96148738379813,51,0,2,0,700
3074.34,92.96148738379813,51,0,1,0,701
3074.35,93.09428950863213,50,0,2,0,701
3082.77,93.09428950863213,50,0,1,0,702
3082.78,93.22709163346613,49,0,2,0,702
3084.75,93.22709163346613,49,0,1,0,703
3084.76,93.35989375830013,48,0,2,0,703
3092.5,93.49269588313412,46,1,2,0,704
3092.54,93.49269588313412,46,0,3,0,704
3092.61,93.49269588313412,46,0,2,0,704
3093.03,93.49269588313412,46,0,2,0,705
3094.16,93.62549800796812,45,1,1,1,705
3094.17,93.62549800796812,45,0,2,0,706
3094.18,93.75830013280212,44,0,3,0,706
3094.24,93.75830013280212,44,0,2,0,706
3094.25,93.75830013280212,44,0,2,0,707
3103.13,93.89110225763612,44,0,1,0,707
3103.14,93.89110225763612,44,0,1,0,708
3103.15,94.0239043824701,43,0,2,0,708
3103.76,94.0239043824701,42,1,1,0,709
3103.77,94.15670650730411,41,0,3,0,709
3103.98,94.15670650730411,41,0,2,0,709
3104.06,94.15670650730411,41,0,2,0,710
3112.72,94.28950863213811,41,0,1,0,711
3112.74,94.42231075697211,40,0,2,0,711
3114.68,94.42231075697211,40,0,1,0,712
3114.69,94.5551128818061,39,0,2,0,712
3121.47,94.5551128818061,39,0,1,0,713
3121.48,94.6879150066401,38,0,2,0,713
3124.86,94.6879150066401,38,0,1,0,714
3124.87,94.8207171314741,37,0,2,0,714
3130.19,94.8207171314741,37,0,1,0,715
3130.2,94.9535192563081,36,0,2,0,715
3135.19,94.9535192563081,36,0,1,0,716
3135.2,95.08632138114208,35,0,2,0,716
3139.85,95.08632138114208,35,0,1,0,717
3139.86,95.21912350597609,34,0,2,0,717
3145.0,95.21912350597609,34,0,1,0,718
3145.01,95.35192563081009,33,1,1,0,718
3145.02,95.35192563081009,33,0,2,0,718
3149.63,95.35192563081009,33,0,1,0,719
3149.65,95.48472775564409,32,0,2,0,719
3155.25,95.48472775564409,32,0,1,0,720
3155.26,95.61752988047807,31,0,2,0,720
3158.98,95.61752988047807,31,0,1,0,721
3158.99,95.75033200531207,30,0,2,0,721
3166.11,95.75033200531207,30,0,1,0,722
3166.12,95.88313413014608,29,0,2,0,722
3167.77,95.88313413014608,29,0,1,0,723
3167.78,96.01593625498008,28,0,2,0,723
3175.97,96.01593625498008,28,0,1,0,724
3175.98,96.14873837981406,27,0,2,0,724
3177.32,96.14873837981406,27,0,1,0,725
3177.34,96.28154050464806,26,0,2,0,725
3185.93,96.28154050464806,26,0,1,1,725
3185.94,96.28154050464806,26,0,1,0,726
3185.95,96.41434262948206,25,0,2,0,726
3186.43,96.41434262948206,25,0,1,0,727
3186.44,96.54714475431607,24,0,2,0,727
3195.06,96.54714475431607,24,0,1,0,728
3195.1,96.67994687915005,23,0,2,0,728
3196.69,96.67994687915005,23,0,1,1,728
3196.7,96.67994687915005,23,0,1,0,729
3196.77,96.81274900398405,22,0,2,0,729
3279.8,96.81274900398405,22,0,1,0,730
3279.88,96.94555112881805,21,0,2,0,730
3321.94,96.94555112881805,21,0,1,0,731
3322.05,97.07835325365205,20,0,2,0,731
3370.38,97.07835325365205,20,0,1,0,732
3370.39,97.21115537848604,19,0,2,0,732
3435.63,97.21115537848604,19,0,1,0,733
3435.88,97.34395750332004,18,0,2,0,733
3441.91,97.34395750332004,18,0,1,0,734
3442.2,97.47675962815404,17,0,2,0,734
3451.84,97.47675962815404,17,0,1,0,735
3451.9,97.60956175298804,16,0,2,0,735
3461.22,97.60956175298804,16,0,1,1,735
3461.23,97.60956175298804,16,0,1,0,736
3461.5,97.74236387782203,15,0,2,0,736
3476.14,97.74236387782203,15,0,1,1,736
3476.15,97.74236387782203,15,0,1,0,737
3476.37,97.87516600265603,14,0,2,0,737
3486.22,97.87516600265603,14,0,1,0,738
3486.34,98.00796812749003,13,0,2,0,738
3495.56,98.00796812749003,13,0,1,0,739
3495.67,98.14077025232403,12,0,2,0,739
3504.93,98.14077025232403,12,0,1,0,740
3505.05,98.27357237715802,11,0,2,0,740
3514.26,98.27357237715802,10,0,2,0,741
3514.29,98.40637450199202,10,0,1,0,741
3514.42,98.40637450199202,10,0,1,0,742
3514.49,98.53917662682602,9,0,2,0,742
3523.79,98.53917662682602,8,1,1,0,743
3523.91,98.67197875166002,7,0,3,0,743
3524.06,98.67197875166002,7,0,2,0,743
3524.13,98.67197875166002,7,0,1,1,743
3524.5,98.67197875166002,7,0,1,1,744
3524.51,98.80478087649401,7,0,1,0,745
3524.61,98.93758300132801,6,0,2,0,745
3534.35,98.93758300132801,6,0,1,0,746
3534.4,99.07038512616201,5,0,2,0,746
3545.49,99.07038512616201,5,0,1,0,747
3545.51,99.20318725099601,4,0,2,0,747
3548.74,99.20318725099601,4,0,1,0,748
3548.75,99.33598937583,3,0,2,0,748
3554.45,99.33598937583,3,0,1,0,749
3554.47,99.468791500664,2,1,1,0,749
3554.48,99.468791500664,2,0,2,0,749
3559.23,99.468791500664,2,0,1,0,750
3559.25,99.601593625498,1,0,2,0,750
3563.76,99.601593625498,1,0,1,0,751
3575.0,99.734395750332,0,1,0,0,752
3575.02,99.86719787516599,0,0,1,0,752
3575.13,99.86719787516599,0,0,0,0,752
3575.25,99.99999999999999,0,0,0,0,753
