subgraph_id,task_id,task_execution_time,failure_count,recovery_count,input_files,output_files
1,58,11.210000038146973,0,0,,
2,69,5.650000095367432,0,0,,
3,80,5.009999990463257,0,0,,
4,562,0.04999995231628418,0,0,,
5,707,11.52999997138977,0,0,,
6,456,9.710000038146973,0,0,,
7,388,9.349999904632568,0,0,,
8,137,5.440000057220459,0,0,,
9,630,10.06000018119812,0,0,,
10,524,9.149999856948853,0,0,,
11,669,10.210000038146973,0,0,,
12,273,8.97000002861023,0,0,,
13,205,4.309999942779541,0,0,,
14,88,5.640000104904175,0,0,,
15,99,5.819999933242798,0,0,,
16,581,9.069999933242798,0,0,,
17,592,9.129999876022339,0,0,,
18,603,10.480000019073486,0,0,,
19,726,84.70000004768372,0,0,,
20,330,9.22000002861023,0,0,,
21,341,9.0,0,0,,
22,737,9.22000002861023,0,0,,
23,486,44.34000015258789,0,0,,
24,235,4.43999981880188,0,0,,
25,660,15.579999923706055,0,0,,
26,543,8.889999866485596,0,0,,
27,554,8.670000076293945,0,0,,
28,565,8.930000066757202,0,0,,
29,688,9.960000038146973,0,0,,
30,292,9.740000009536743,0,0,,
31,303,10.490000009536743,0,0,,
32,314,9.620000123977661,0,0,,
33,437,8.930000066757202,0,0,,
34,41,4.980000019073486,0,0,,
35,448,35.38000011444092,0,0,,
36,699,10.400000095367432,0,0,,
37,186,4.509999990463257,0,0,,
38,197,6.0299999713897705,0,0,,
39,622,10.410000085830688,0,0,,
40,371,8.740000009536743,0,0,,
41,505,9.930000066757202,0,0,,
42,516,8.929999828338623,0,0,,
43,650,106.49000000953674,0,0,,
44,265,9.52999997138977,0,0,,
45,254,9.589999914169312,0,0,,
46,661,23.25,0,0,,
47,399,9.650000095367432,0,0,,
48,3,7.599999904632568,0,0,,
49,14,19.619999885559082,0,0,,
50,410,9.25,0,0,,
51,148,5.119999885559082,0,0,,
52,584,10.25,0,0,,
53,718,10.849999904632568,0,0,,
54,322,9.480000019073486,0,0,,
55,333,9.230000019073486,0,0,,
56,729,113.57999992370605,0,0,,
57,467,10.0,0,0,,
58,71,5.559999942779541,0,0,,
59,478,8.540000200271606,0,0,,
60,612,9.759999990463257,0,0,,
61,216,26.300000190734863,0,0,,
62,227,4.590000152587891,0,0,,
63,623,9.009999990463257,0,0,,
64,361,9.43999981880188,0,0,,
65,110,11.440000057220459,0,0,,
66,535,8.960000038146973,0,0,,
67,680,9.670000076293945,0,0,,
68,284,10.140000104904175,0,0,,
69,295,10.72000002861023,0,0,,
70,691,8.740000009536743,0,0,,
71,418,8.600000143051147,0,0,,
72,33,6.390000104904175,0,0,,
73,44,4.919999837875366,0,0,,
74,429,9.539999961853027,0,0,,
75,167,70.77999997138977,0,0,,
76,178,5.2799999713897705,0,0,,
77,189,10.539999961853027,0,0,,
78,323,11.02999997138977,0,0,,
79,440,9.430000066757202,0,0,,
80,72,5.049999952316284,0,0,,
81,748,15.75,0,0,,
82,497,9.200000047683716,0,0,,
83,631,10.150000095367432,0,0,,
84,246,9.089999914169312,0,0,,
85,642,8.879999876022339,0,0,,
86,653,92.86999988555908,0,0,,
87,380,8.789999961853027,0,0,,
88,391,9.65999984741211,0,0,,
89,402,9.0,0,0,,
90,129,5.330000162124634,0,0,,
91,140,5.289999961853027,0,0,,
92,151,5.199999809265137,0,0,,
93,527,9.039999961853027,0,0,,
94,710,10.170000076293945,0,0,,
95,459,10.900000095367432,0,0,,
96,63,5.620000123977661,0,0,,
97,208,9.230000019073486,0,0,,
98,342,8.910000085830688,0,0,,
99,353,8.97000002861023,0,0,,
100,364,9.549999952316284,0,0,,
101,91,5.269999980926514,0,0,,
102,102,10.869999885559082,0,0,,
103,595,9.580000162124634,0,0,,
104,740,0.029999971389770508,0,0,,
105,672,10.90999984741211,0,0,,
106,421,8.919999837875366,0,0,,
107,25,5.670000076293945,0,0,,
108,159,6.130000114440918,0,0,,
109,170,5.080000162124634,0,0,,
110,53,5.610000133514404,0,0,,
111,64,5.4100000858306885,0,0,,
112,546,0.12000012397766113,0,0,,
113,557,9.640000104904175,0,0,,
114,372,9.039999961853027,0,0,,
115,383,9.419999837875366,0,0,,
116,121,5.809999942779541,0,0,,
117,132,5.269999980926514,0,0,,
118,614,10.539999961853027,0,0,,
119,625,8.930000066757202,0,0,,
120,26,5.859999895095825,0,0,,
121,508,9.299999952316284,0,0,,
122,519,10.360000133514404,0,0,,
123,257,9.21999979019165,0,0,,
124,268,10.019999980926514,0,0,,
125,83,4.380000114440918,0,0,,
126,94,5.889999866485596,0,0,,
127,576,9.080000162124634,0,0,,
128,587,9.670000076293945,0,0,,
129,721,9.539999961853027,0,0,,
130,325,9.380000114440918,0,0,,
131,732,9.640000104904175,0,0,,
132,470,9.84000015258789,0,0,,
133,481,88.3600001335144,0,0,,
134,219,9.849999904632568,0,0,,
135,538,9.740000009536743,0,0,,
136,549,8.97000002861023,0,0,,
137,683,11.130000114440918,0,0,,
138,276,9.240000009536743,0,0,,
139,287,9.319999933242798,0,0,,
140,298,65.39999985694885,0,0,,
141,432,8.859999895095825,0,0,,
142,36,10.490000009536743,0,0,,
143,694,9.799999952316284,0,0,,
144,181,4.890000104904175,0,0,,
145,113,5.420000076293945,0,0,,
146,606,35.40999984741211,0,0,,
147,355,8.870000123977661,0,0,,
148,489,13.230000019073486,0,0,,
149,500,9.859999895095825,0,0,,
150,511,10.650000095367432,0,0,,
151,645,9.300000190734863,0,0,,
152,238,5.069999933242798,0,0,,
153,249,8.880000114440918,0,0,,
154,260,8.809999942779541,0,0,,
155,394,9.200000047683716,0,0,,
156,143,5.4100000858306885,0,0,,
157,568,9.049999952316284,0,0,,
158,702,9.399999856948853,0,0,,
159,317,14.420000076293945,0,0,,
160,713,9.650000095367432,0,0,,
161,724,10.740000009536743,0,0,,
162,451,10.309999942779541,0,0,,
163,66,5.210000038146973,0,0,,
164,462,9.919999837875366,0,0,,
165,473,8.809999942779541,0,0,,
166,200,6.090000152587891,0,0,,
167,211,16.759999990463257,0,0,,
168,222,4.5400002002716064,0,0,,
169,356,8.700000047683716,0,0,,
170,607,24.28000020980835,0,0,,
171,530,8.93999981880188,0,0,,
172,664,9.009999990463257,0,0,,
173,279,8.950000047683716,0,0,,
174,675,9.15999984741211,0,0,,
175,686,9.059999942779541,0,0,,
176,413,9.259999990463257,0,0,,
177,17,9.599999904632568,0,0,,
178,28,4.870000123977661,0,0,,
179,424,8.68999981880188,0,0,,
180,162,4.930000066757202,0,0,,
181,173,5.789999961853027,0,0,,
182,435,8.699999809265137,0,0,,
183,743,9.740000009536743,0,0,,
184,492,9.450000047683716,0,0,,
185,626,9.829999923706055,0,0,,
186,241,9.710000038146973,0,0,,
187,230,14.559999942779541,0,0,,
188,637,8.77999997138977,0,0,,
189,375,8.609999895095825,0,0,,
190,386,10.269999980926514,0,0,,
191,648,116.85000014305115,0,0,,
192,124,11.5,0,0,,
193,135,5.650000095367432,0,0,,
194,705,9.580000162124634,0,0,,
195,443,9.100000143051147,0,0,,
196,454,9.819999933242798,0,0,,
197,192,5.789999961853027,0,0,,
198,203,11.079999923706055,0,0,,
199,337,9.380000114440918,0,0,,
200,348,9.410000085830688,0,0,,
201,86,5.329999923706055,0,0,,
202,97,5.309999942779541,0,0,,
203,579,9.5,0,0,,
204,590,8.890000104904175,0,0,,
205,667,9.759999990463257,0,0,,
206,405,8.949999809265137,0,0,,
207,9,11.629999876022339,0,0,,
208,416,10.480000019073486,0,0,,
209,154,4.230000019073486,0,0,,
210,165,70.83999991416931,0,0,,
211,48,6.319999933242798,0,0,,
212,541,8.589999914169312,0,0,,
213,552,9.079999923706055,0,0,,
214,290,0.20000004768371582,0,0,,
215,367,10.730000019073486,0,0,,
216,378,8.850000143051147,0,0,,
217,105,5.900000095367432,0,0,,
218,116,6.669999837875366,0,0,,
219,127,5.920000076293945,0,0,,
220,609,9.52999997138977,0,0,,
221,620,10.860000133514404,0,0,,
222,503,34.769999980926514,0,0,,
223,252,9.180000066757202,0,0,,
224,184,4.670000076293945,0,0,,
225,67,4.609999895095825,0,0,,
226,78,5.3399999141693115,0,0,,
227,89,5.25,0,0,,
228,560,9.190000057220459,0,0,,
229,571,8.950000047683716,0,0,,
230,582,9.830000162124634,0,0,,
231,716,10.230000019073486,0,0,,
232,309,13.670000076293945,0,0,,
233,320,0.1100001335144043,0,0,,
234,465,9.47000002861023,0,0,,
235,214,40.49000000953674,0,0,,
236,397,9.360000133514404,0,0,,
237,146,5.559999942779541,0,0,,
238,639,9.990000009536743,0,0,,
239,522,14.690000057220459,0,0,,
240,533,9.059999942779541,0,0,,
241,544,8.700000047683716,0,0,,
242,678,9.949999809265137,0,0,,
243,271,9.390000104904175,0,0,,
244,282,8.949999809265137,0,0,,
245,293,9.420000076293945,0,0,,
246,427,8.990000009536743,0,0,,
247,20,9.47000002861023,0,0,,
248,31,6.340000152587891,0,0,,
249,108,5.519999980926514,0,0,,
250,601,10.319999933242798,0,0,,
251,735,9.84000015258789,0,0,,
252,350,9.709999799728394,0,0,,
253,746,10.480000019073486,0,0,,
254,484,39.41000008583069,0,0,,
255,495,9.849999904632568,0,0,,
256,506,9.700000047683716,0,0,,
257,640,8.730000019073486,0,0,,
258,233,10.389999866485596,0,0,,
259,244,9.360000133514404,0,0,,
260,563,8.799999952316284,0,0,,
261,697,9.039999961853027,0,0,,
262,301,0.040000200271606445,0,0,,
263,312,40.5,0,0,,
264,708,8.940000057220459,0,0,,
265,446,9.149999856948853,0,0,,
266,50,5.3999998569488525,0,0,,
267,61,6.930000066757202,0,0,,
268,457,0.36999988555908203,0,0,,
269,195,69.16000008583069,0,0,,
270,206,13.339999914169312,0,0,,
271,591,15.710000038146973,0,0,,
272,514,9.160000085830688,0,0,,
273,525,0.07000017166137695,0,0,,
274,659,16.290000200271606,0,0,,
275,263,9.930000066757202,0,0,,
276,274,8.589999914169312,0,0,,
277,670,8.729999780654907,0,0,,
278,408,8.680000066757202,0,0,,
279,12,10.490000009536743,0,0,,
280,23,5.259999990463257,0,0,,
281,419,8.96999979019165,0,0,,
282,157,5.430000066757202,0,0,,
283,168,50.65999984741211,0,0,,
284,302,11.819999933242798,0,0,,
285,51,6.609999895095825,0,0,,
286,727,125.16999983787537,0,0,,
287,738,9.259999990463257,0,0,,
288,476,8.759999990463257,0,0,,
289,487,75.99000000953674,0,0,,
290,621,0.059999942779541016,0,0,,
291,225,4.5400002002716064,0,0,,
292,236,14.429999828338623,0,0,,
293,632,9.919999837875366,0,0,,
294,370,9.050000190734863,0,0,,
295,381,9.649999856948853,0,0,,
296,119,5.640000104904175,0,0,,
297,689,8.72000002861023,0,0,,
298,438,8.849999904632568,0,0,,
299,42,5.580000162124634,0,0,,
300,449,10.069999933242798,0,0,,
301,176,5.5299999713897705,0,0,,
302,187,4.440000057220459,0,0,,
303,198,6.050000190734863,0,0,,
304,321,9.599999904632568,0,0,,
305,332,9.799999952316284,0,0,,
306,81,5.1499998569488525,0,0,,
307,574,8.809999942779541,0,0,,
308,255,8.860000133514404,0,0,,
309,389,8.509999990463257,0,0,,
310,4,11.799999952316284,0,0,,
311,400,8.679999828338623,0,0,,
312,138,5.140000104904175,0,0,,
313,149,5.440000057220459,0,0,,
314,160,4.949999809265137,0,0,,
315,32,11.47000002861023,0,0,,
316,43,5.679999828338623,0,0,,
317,536,9.47000002861023,0,0,,
318,285,10.329999923706055,0,0,,
319,468,9.259999990463257,0,0,,
320,217,21.490000009536743,0,0,,
321,362,8.890000104904175,0,0,,
322,100,5.490000009536743,0,0,,
323,111,10.769999980926514,0,0,,
324,593,14.809999942779541,0,0,,
325,604,9.84000015258789,0,0,,
326,615,9.149999856948853,0,0,,
327,749,0.1099998950958252,0,0,,
328,498,9.680000066757202,0,0,,
329,430,10.140000104904175,0,0,,
330,179,5.190000057220459,0,0,,
331,62,5.3399999141693115,0,0,,
332,73,12.069999933242798,0,0,,
333,555,9.559999942779541,0,0,,
334,566,10.27999997138977,0,0,,
335,577,9.93999981880188,0,0,,
336,700,9.710000038146973,0,0,,
337,304,14.420000076293945,0,0,,
338,315,9.90999984741211,0,0,,
339,711,8.71999979019165,0,0,,
340,130,5.650000095367432,0,0,,
341,634,11.330000162124634,0,0,,
342,517,9.139999866485596,0,0,,
343,528,9.390000104904175,0,0,,
344,662,10.070000171661377,0,0,,
345,266,30.15000009536743,0,0,,
346,277,9.90999984741211,0,0,,
347,673,9.040000200271606,0,0,,
348,411,19.139999866485596,0,0,,
349,15,19.59999990463257,0,0,,
350,92,5.25,0,0,,
351,585,9.460000038146973,0,0,,
352,596,8.97000002861023,0,0,,
353,730,71.51999998092651,0,0,,
354,334,9.769999980926514,0,0,,
355,345,9.230000019073486,0,0,,
356,741,9.649999856948853,0,0,,
357,479,9.049999952316284,0,0,,
358,490,30.830000162124634,0,0,,
359,624,9.740000009536743,0,0,,
360,228,4.930000066757202,0,0,,
361,239,4.640000104904175,0,0,,
362,373,8.519999980926514,0,0,,
363,122,5.819999933242798,0,0,,
364,547,9.830000162124634,0,0,,
365,558,9.930000066757202,0,0,,
366,681,9.96999979019165,0,0,,
367,296,0.1400001049041748,0,0,,
368,307,20.240000009536743,0,0,,
369,692,10.509999990463257,0,0,,
370,441,9.200000047683716,0,0,,
371,34,4.419999837875366,0,0,,
372,45,12.809999942779541,0,0,,
373,56,6.6000001430511475,0,0,,
374,190,15.379999876022339,0,0,,
375,452,10.0,0,0,,
376,586,9.179999828338623,0,0,,
377,335,9.960000038146973,0,0,,
378,509,9.230000019073486,0,0,,
379,520,9.120000123977661,0,0,,
380,643,0.1399998664855957,0,0,,
381,247,8.789999961853027,0,0,,
382,258,9.77999997138977,0,0,,
383,269,9.559999942779541,0,0,,
384,392,8.97000002861023,0,0,,
385,7,14.0,0,0,,
386,18,7.049999952316284,0,0,,
387,403,9.28000020980835,0,0,,
388,141,5.519999980926514,0,0,,
389,152,5.539999961853027,0,0,,
390,722,9.959999799728394,0,0,,
391,326,9.960000038146973,0,0,,
392,460,9.509999990463257,0,0,,
393,75,6.230000019073486,0,0,,
394,471,9.200000047683716,0,0,,
395,616,9.730000019073486,0,0,,
396,209,9.170000076293945,0,0,,
397,220,9.819999933242798,0,0,,
398,354,10.190000057220459,0,0,,
399,365,9.25,0,0,,
400,103,6.549999952316284,0,0,,
401,114,5.6600000858306885,0,0,,
402,539,8.830000162124634,0,0,,
403,684,9.759999990463257,0,0,,
404,288,9.820000171661377,0,0,,
405,422,8.650000095367432,0,0,,
406,37,5.610000133514404,0,0,,
407,433,8.640000104904175,0,0,,
408,171,4.9700000286102295,0,0,,
409,182,4.789999961853027,0,0,,
410,316,15.519999980926514,0,0,,
411,327,15.539999961853027,0,0,,
412,65,7.28000020980835,0,0,,
413,76,5.1600000858306885,0,0,,
414,569,9.389999866485596,0,0,,
415,646,23.700000047683716,0,0,,
416,250,9.240000009536743,0,0,,
417,384,9.849999904632568,0,0,,
418,395,9.949999809265137,0,0,,
419,133,5.2799999713897705,0,0,,
420,144,4.2799999713897705,0,0,,
421,27,4.110000133514404,0,0,,
422,201,40.80999994277954,0,0,,
423,357,24.950000047683716,0,0,,
424,84,5.21999979019165,0,0,,
425,95,5.619999885559082,0,0,,
426,106,5.9599997997283936,0,0,,
427,588,9.75,0,0,,
428,599,9.650000095367432,0,0,,
429,733,9.31000018119812,0,0,,
430,744,11.080000162124634,0,0,,
431,482,74.14999985694885,0,0,,
432,231,10.369999885559082,0,0,,
433,414,8.569999933242798,0,0,,
434,163,4.800000190734863,0,0,,
435,656,10.02999997138977,0,0,,
436,68,5.240000009536743,0,0,,
437,57,5.8999998569488525,0,0,,
438,550,9.370000123977661,0,0,,
439,561,9.740000009536743,0,0,,
440,695,9.02999997138977,0,0,,
441,299,64.72000002861023,0,0,,
442,310,29.09999990463257,0,0,,
443,444,9.009999990463257,0,0,,
444,193,68.9300000667572,0,0,,
445,125,17.12000012397766,0,0,,
446,573,9.40999984741211,1,0,,
447,618,10.069999933242798,0,0,,
448,629,9.429999828338623,0,0,,
449,501,9.039999961853027,0,0,,
450,512,9.52999997138977,0,0,,
451,523,8.59000015258789,0,0,,
452,657,9.47000002861023,0,0,,
453,261,10.130000114440918,0,0,,
454,406,8.569999933242798,0,0,,
455,10,7.109999895095825,0,0,,
456,87,5.480000019073486,0,0,,
457,580,9.390000104904175,0,0,,
458,714,9.800000190734863,0,0,,
459,318,9.75,0,0,,
460,329,9.690000057220459,0,0,,
461,340,8.829999923706055,0,0,,
462,463,9.710000038146973,0,0,,
463,474,8.77999997138977,0,0,,
464,725,8.620000123977661,0,0,,
465,619,0.05000019073486328,0,0,,
466,212,21.730000019073486,0,0,,
467,223,4.590000152587891,0,0,,
468,531,8.899999856948853,0,0,,
469,542,8.700000047683716,0,0,,
470,676,10.019999980926514,0,0,,
471,280,9.069999933242798,0,0,,
472,291,9.96999979019165,0,0,,
473,687,0.08000016212463379,0,0,,
474,425,8.650000095367432,0,0,,
475,29,5.490000009536743,0,0,,
476,40,5.510000228881836,0,0,,
477,436,9.269999980926514,0,0,,
478,174,5.509999990463257,0,0,,
479,185,4.550000190734863,0,0,,
480,610,8.90999984741211,0,0,,
481,359,19.05999994277954,0,0,,
482,493,13.509999990463257,0,0,,
483,504,9.0,0,0,,
484,638,8.839999914169312,0,0,,
485,242,9.25,0,0,,
486,253,0.08000016212463379,0,0,,
487,649,88.63000011444092,0,0,,
488,387,9.269999980926514,0,0,,
489,2,11.509999990463257,0,0,,
490,398,9.0,0,0,,
491,136,4.450000047683716,0,0,,
492,147,5.559999942779541,0,0,,
493,706,0.20000004768371582,0,0,,
494,717,9.320000171661377,0,0,,
495,455,8.90999984741211,0,0,,
496,59,6.25,0,0,,
497,70,7.900000095367432,0,0,,
498,466,10.079999923706055,0,0,,
499,204,11.02999997138977,0,0,,
500,215,21.540000200271606,0,0,,
501,611,0.2200000286102295,0,0,,
502,349,10.0,0,0,,
503,360,0.23000001907348633,0,0,,
504,98,5.559999942779541,0,0,,
505,668,8.960000038146973,0,0,,
506,272,9.319999933242798,0,0,,
507,679,8.870000123977661,0,0,,
508,417,9.09000015258789,0,0,,
509,21,5.169999837875366,0,0,,
510,428,9.059999942779541,0,0,,
511,155,4.869999885559082,0,0,,
512,166,70.80999994277954,0,0,,
513,177,5.2799999713897705,0,0,,
514,311,12.319999933242798,0,0,,
515,60,5.360000133514404,0,0,,
516,553,9.210000038146973,0,0,,
517,485,29.77999997138977,0,0,,
518,641,10.589999914169312,0,0,,
519,234,10.329999923706055,0,0,,
520,368,9.25,0,0,,
521,379,8.850000143051147,0,0,,
522,390,9.350000143051147,0,0,,
523,117,4.8999998569488525,0,0,,
524,128,5.880000114440918,0,0,,
525,139,5.369999885559082,0,0,,
526,22,4.430000066757202,0,0,,
527,515,10.259999990463257,0,0,,
528,264,9.789999961853027,0,0,,
529,698,9.950000047683716,0,0,,
530,447,9.670000076293945,0,0,,
531,196,68.96000003814697,0,0,,
532,352,8.649999856948853,0,0,,
533,79,6.539999961853027,0,0,,
534,90,4.620000123977661,0,0,,
535,101,10.93999981880188,0,0,,
536,572,8.900000095367432,0,0,,
537,583,9.97000002861023,0,0,,
538,594,9.809999942779541,0,0,,
539,728,90.5,0,0,,
540,477,29.679999828338623,0,0,,
541,409,8.709999799728394,0,0,,
542,158,5.120000123977661,0,0,,
543,651,83.05999994277954,0,0,,
544,52,9.559999942779541,0,0,,
545,534,14.100000143051147,0,0,,
546,545,9.089999914169312,0,0,,
547,690,9.930000066757202,0,0,,
548,283,9.259999990463257,0,0,,
549,294,11.059999942779541,0,0,,
550,120,5.1499998569488525,0,0,,
551,109,6.329999923706055,0,0,,
552,665,9.980000019073486,0,0,,
553,602,9.65999984741211,0,0,,
554,613,9.440000057220459,0,0,,
555,747,9.289999961853027,0,0,,
556,351,9.97000002861023,0,0,,
557,496,9.210000038146973,0,0,,
558,507,9.089999914169312,0,0,,
559,245,8.559999942779541,0,0,,
560,256,8.700000047683716,0,0,,
561,5,7.389999866485596,0,0,,
562,82,5.590000152587891,0,0,,
563,564,19.549999952316284,0,0,,
564,575,9.679999828338623,0,0,,
565,709,8.730000019073486,0,0,,
566,313,9.480000019073486,0,0,,
567,324,11.52999997138977,0,0,,
568,720,9.84000015258789,0,0,,
569,458,9.170000076293945,0,0,,
570,469,8.97000002861023,0,0,,
571,207,9.149999856948853,0,0,,
572,218,4.740000009536743,0,0,,
573,526,9.329999923706055,0,0,,
574,537,8.569999933242798,0,0,,
575,671,0.1399998664855957,0,0,,
576,275,10.019999980926514,0,0,,
577,286,10.269999980926514,0,0,,
578,682,9.740000009536743,0,0,,
579,420,8.509999990463257,0,0,,
580,13,7.019999980926514,0,0,,
581,24,5.240000009536743,0,0,,
582,35,6.569999933242798,0,0,,
583,169,5.03000020980835,0,0,,
584,431,9.400000095367432,0,0,,
585,739,9.210000038146973,0,0,,
586,343,9.960000038146973,0,0,,
587,488,90.90000009536743,0,0,,
588,499,9.06000018119812,0,0,,
589,633,8.860000133514404,0,0,,
590,226,4.53000020980835,0,0,,
591,237,10.379999876022339,0,0,,
592,248,9.980000019073486,0,0,,
593,382,9.259999990463257,0,0,,
594,644,9.759999990463257,0,0,,
595,131,4.5400002002716064,0,0,,
596,719,8.789999961853027,0,0,,
597,556,9.379999876022339,0,0,,
598,701,0.06999993324279785,0,0,,
599,305,37.14999985694885,0,0,,
600,712,10.319999933242798,0,0,,
601,439,8.799999952316284,0,0,,
602,54,7.049999952316284,0,0,,
603,450,8.820000171661377,0,0,,
604,461,9.170000076293945,0,0,,
605,188,4.5,0,0,,
606,199,5.930000066757202,0,0,,
607,210,21.730000019073486,0,0,,
608,344,10.129999876022339,0,0,,
609,93,5.7200000286102295,0,0,,
610,518,0.3399999141693115,0,0,,
611,652,18.55999994277954,0,0,,
612,267,8.920000076293945,0,0,,
613,663,8.980000019073486,0,0,,
614,674,10.0,0,0,,
615,401,9.699999809265137,0,0,,
616,16,24.319999933242798,0,0,,
617,412,8.879999876022339,0,0,,
618,423,14.660000085830688,0,0,,
619,150,5.0299999713897705,0,0,,
620,161,4.800000190734863,0,0,,
621,172,4.940000057220459,0,0,,
622,306,0.029999971389770508,0,0,,
623,55,7.079999923706055,0,0,,
624,548,8.96999979019165,0,0,,
625,731,87.91000008583069,0,0,,
626,480,8.930000066757202,0,0,,
627,229,4.710000038146973,0,0,,
628,363,9.480000019073486,0,0,,
629,374,9.230000019073486,0,0,,
630,385,14.390000104904175,0,0,,
631,112,4.619999885559082,0,0,,
632,123,5.370000123977661,0,0,,
633,605,10.669999837875366,0,0,,
634,6,10.5,0,0,,
635,693,9.430000066757202,0,0,,
636,442,9.039999961853027,0,0,,
637,180,5.140000104904175,0,0,,
638,191,10.490000009536743,0,0,,
639,336,9.990000009536743,0,0,,
640,74,4.409999847412109,0,0,,
641,85,5.490000009536743,0,0,,
642,567,10.34000015258789,0,0,,
643,578,8.700000047683716,0,0,,
644,393,14.020000219345093,0,0,,
645,404,9.489999771118164,0,0,,
646,142,4.990000009536743,0,0,,
647,153,5.269999980926514,0,0,,
648,635,9.919999837875366,0,0,,
649,47,6.0899999141693115,0,0,,
650,529,9.010000228881836,0,0,,
651,540,29.539999961853027,0,0,,
652,278,8.940000057220459,0,0,,
653,289,9.640000104904175,0,0,,
654,104,4.460000038146973,0,0,,
655,115,5.950000047683716,0,0,,
656,703,0.06000018119812012,0,0,,
657,597,9.90999984741211,0,0,,
658,608,9.709999799728394,0,0,,
659,742,24.820000171661377,0,0,,
660,346,10.400000095367432,0,0,,
661,491,9.480000019073486,0,0,,
662,502,9.890000104904175,0,0,,
663,636,10.22000002861023,0,0,,
664,240,14.270000219345093,0,0,,
665,736,0.15000009536743164,0,0,,
666,559,9.730000019073486,0,0,,
667,570,9.660000085830688,0,0,,
668,704,10.629999876022339,0,0,,
669,297,84.17000007629395,0,0,,
670,308,10.960000038146973,0,0,,
671,319,15.640000104904175,0,0,,
672,453,9.990000009536743,0,0,,
673,46,6.509999990463257,0,0,,
674,715,9.769999980926514,0,0,,
675,598,8.850000143051147,0,0,,
676,202,5.240000009536743,0,0,,
677,134,5.099999904632568,0,0,,
678,627,8.759999990463257,0,0,,
679,376,0.08999991416931152,0,0,,
680,510,9.350000143051147,0,0,,
681,521,10.109999895095825,0,0,,
682,532,14.830000162124634,0,0,,
683,655,14.440000057220459,0,0,,
684,259,8.980000019073486,0,0,,
685,270,9.490000009536743,0,0,,
686,281,9.080000162124634,0,0,,
687,415,8.879999876022339,0,0,,
688,8,11.589999914169312,0,0,,
689,19,11.109999895095825,0,0,,
690,30,5.329999923706055,0,0,,
691,164,4.690000057220459,0,0,,
692,666,8.710000038146973,0,0,,
693,589,10.440000057220459,0,0,,
694,723,9.089999914169312,0,0,,
695,338,12.740000009536743,0,0,,
696,734,14.649999856948853,0,0,,
697,472,9.619999885559082,0,0,,
698,483,84.65000009536743,0,0,,
699,494,9.789999961853027,0,0,,
700,617,8.919999837875366,0,0,,
701,221,9.930000066757202,0,0,,
702,232,10.519999980926514,0,0,,
703,243,8.789999961853027,0,0,,
704,366,9.47000002861023,0,0,,
705,377,8.65999984741211,0,0,,
706,628,10.539999961853027,0,0,,
707,126,6.059999942779541,0,0,,
708,551,0.039999961853027344,0,0,,
709,685,9.990000009536743,0,0,,
710,300,15.710000038146973,0,0,,
711,696,9.960000038146973,0,0,,
712,434,8.920000076293945,0,0,,
713,38,5.579999923706055,0,0,,
714,49,5.670000076293945,0,0,,
715,445,8.619999885559082,0,0,,
716,183,4.849999904632568,0,0,,
717,194,69.00999999046326,0,0,,
718,328,9.710000038146973,0,0,,
719,339,9.039999961853027,0,0,,
720,77,5.550000190734863,0,0,,
721,513,9.450000047683716,0,0,,
722,647,60.65000009536743,0,0,,
723,251,9.759999990463257,0,0,,
724,262,10.210000038146973,0,0,,
725,654,10.450000047683716,0,0,,
726,396,14.009999990463257,0,0,,
727,11,10.139999866485596,0,0,,
728,407,19.100000143051147,0,0,,
729,658,9.71999979019165,0,0,,
730,145,5.309999942779541,0,0,,
731,156,5.3999998569488525,0,0,,
732,39,5.7799999713897705,0,0,,
733,464,10.769999980926514,0,0,,
734,475,9.120000123977661,0,0,,
735,213,10.850000143051147,0,0,,
736,224,4.7200000286102295,0,0,,
737,347,9.819999933242798,0,0,,
738,358,8.660000085830688,0,0,,
739,369,9.639999866485596,0,0,,
740,96,5.549999952316284,0,0,,
741,107,5.489999771118164,0,0,,
742,118,5.329999923706055,0,0,,
743,600,8.930000066757202,0,0,,
744,1,11.889999866485596,0,0,,
745,745,8.93999981880188,0,0,,
746,677,8.730000019073486,0,0,,
747,426,9.870000123977661,0,0,,
748,175,11.149999856948853,0,0,,
749,331,9.099999904632568,0,0,,
