time,workflow_completion_percentage,10.32.90.205:54650:1,10.32.90.211:44704:1,10.32.90.227:42250:1,10.32.90.227:52538:1,10.32.90.229:59322:1,10.32.90.243:60764:1,10.32.91.119:37632:1,10.32.91.125:50416:1,10.32.91.33:55202:1,10.32.91.35:59800:1,10.32.93.150:45960:1,10.32.93.255:37944:1
0.0,0.0,,,,,,,0.0,,,,,
0.01,0.0,0.00126031494140625,0.00126031494140625,0.00126031494140625,,0.002507289886474609,0.00126031494140625,0.0012154998779296876,0.0012589340209960937,0.00126031494140625,0.00126031494140625,,0.0012589340209960937
7.02,0.0,,,,,,0.002505908966064453,,,,,,
7.11,0.2656042496679947,,,,,,,,,,0.002505908966064453,,
7.4,0.5312084993359893,,,0.002505908966064453,,,,,,,,,
7.59,0.5312084993359893,0.002507049560546875,,,,,,,,,,,
9.49,0.6640106241699867,,,,,,,,0.0025056686401367188,,,,
9.62,0.796812749003984,,,,,,,,,,,,0.0025056686401367188
10.14,0.9296148738379812,,,,,,,,,,0.003752643585205078,,
10.5,1.1952191235059761,,,0.003752643585205078,,,0.003752643585205078,,,,,,
10.88,1.3280212483399734,,,,,,,0.0024622344970703126,,,,,
11.12,1.593625498007968,,,,,,,,0.003750907897949219,,,,
11.5,1.8592297476759625,,0.00250555419921875,,,,,,,,,,0.003750907897949219
11.59,1.9920318725099602,,,,,0.0037525291442871097,,,,,,,
11.8,2.3904382470119523,0.003752288818359375,,,,,,,,,,,
12.2,2.6560424966799467,,,,,,0.004997882843017578,,,,,,
12.38,2.788844621513944,,,,,,,,,,0.004999782562255859,,
12.64,2.788844621513944,,,0.004999782562255859,,,,,,,,,
13.27,2.921646746347941,0.004999427795410157,,,,,,,,,,,
13.74,3.0544488711819384,,,,,,,,,,,,0.004998046875
14.0,3.187250996015936,,,,,0.004999668121337891,,,,,,,
15.35,3.5856573705179278,,,,,,,,0.004998046875,,,,
15.91,3.718459495351925,,,,,,,,,,,,0.006244003295898437
16.0,3.9840637450199203,,,,,,0.006243839263916016,,,,,,
17.23,3.9840637450199203,,,,,,,0.00370819091796875,,,,,
17.25,4.249667994687915,,,,,0.006245624542236329,,,,,,,
17.36,4.249667994687915,,,,,,,,,,0.006245738983154297,,
17.38,4.382470119521912,0.006245384216308594,,,,,,,,,,,
17.52,4.515272244355909,,,,,,,,0.006244003295898437,,,,
17.66,4.6480743691899065,,0.0037515106201171876,,,,,,,,,,
17.72,4.780876494023905,,,,,,0.007491413116455079,,,,,,
18.07,4.913678618857902,,0.00499908447265625,,,,,,,,,,
18.23,5.046480743691899,,,0.006247356414794921,,,,,,,,,
18.65,5.179282868525896,,,,,,,,,,,,0.007491577148437499
18.95,5.3120849933598935,0.007492958068847657,,,,,,,,,,,
19.6,5.444887118193891,,,,,,,,,0.0025078887939453125,,,
21.39,5.710491367861885,,,,,,0.006245456695556641,,,,,,
21.45,5.843293492695882,,,,,,,,0.007491577148437499,,,,
21.52,5.97609561752988,,,,,,,,,,0.00749331283569336,,
21.58,6.108897742363877,,,,,,,,,,,,0.006245620727539063
21.59,6.241699867197874,,,,,,,,,,,,0.007493194580078124
22.08,6.241699867197874,,,,,0.00749319839477539,,,,,,,
22.15,6.374501992031872,,,0.007494930267333984,,,,,,,,,
22.42,6.507304116865869,,,,,,,0.004955764770507813,,,,,
22.98,6.640106241699867,,,,,,,,,,0.006247356414794921,,
23.61,6.772908366533864,,,,,,0.007493030548095704,,,,,,
23.83,6.905710491367861,,,,,,,0.004957878112792968,,,,,
24.01,7.038512616201858,,,,,,,,,,,,0.008741264343261718
24.26,7.1713147410358555,,0.005001197814941407,,,,,,,,,,
24.32,7.304116865869853,,,,,,,,,0.003755958557128906,,,
24.43,7.43691899070385,0.0074950714111328125,,,,,,,,,,,
24.48,7.569721115537847,,,0.008743000030517579,,,,,,,,,
24.6,7.702523240371846,,,,,,,,0.006245620727539063,,,,
24.61,7.835325365205843,,,,,,,,0.007493690490722656,,,,
25.25,8.100929614873838,,,,,,,,,0.004958995819091797,,,
25.89,8.233731739707835,0.008698108673095704,,,,,,,,,,,
26.2,8.233731739707835,,,,,,,,,,,,0.00994430160522461
26.74,8.366533864541832,,,,,,,,,,0.007450393676757813,,
26.8,8.49933598937583,,,,,0.007450279235839844,,,,,,,
26.81,8.632138114209827,,,,,,0.008696067810058595,,,,,,
27.81,9.163346613545816,,,0.009946037292480468,,,,,,,,,
28.43,9.163346613545816,,,,,,,,,,,,0.011147338867187499
28.53,9.296148738379813,,,,,,,,,,0.008653430938720702,,
28.66,9.428950863213812,,,,,,0.009899105072021484,,,,,,
28.75,9.694555112881806,,,,,,,,0.008696727752685547,,,,
29.29,9.694555112881806,,0.006204235076904298,,,,,,,,,,
29.49,9.827357237715804,,,,,,,,,0.006162033081054688,,,
29.97,10.225763612217795,,,,,,,,,0.0073641929626464845,,,
29.99,10.225763612217795,0.009900268554687501,,,,,,,,,,,
30.5,10.624169986719787,,0.007406394958496094,,,,,,,,,,
30.58,10.756972111553784,,,,,,,,,,,,0.012349498748779296
31.14,10.889774236387781,,,,,,,,0.009898059844970703,,,,
31.5,11.155378486055776,0.011101600646972656,,,,,,,,,,,
31.97,11.288180610889773,,,,,,,,,,0.00985476303100586,,
32.15,11.288180610889773,,,,,,0.01110043716430664,,,,,,
32.29,11.42098273572377,,,,,0.008651611328125001,,,,,,,
33.06,11.95219123505976,,,0.011148017883300781,,,,,,,,,0.013550830841064452
33.8,12.084993359893756,,,,,,,,,,0.011056743621826173,,
33.91,12.217795484727754,,,,,,0.012302417755126954,,,,,,
34.47,12.350597609561751,,,,,,,,0.011100040435791015,,,,
35.05,12.616201859229747,,,,,,,,,,,,0.014752811431884765
35.1,12.616201859229747,,,,,,,,,0.008566173553466797,,,
35.18,12.749003984063744,,0.008608375549316406,,,,,,,,,,
35.36,13.014608233731739,,,0.012351573944091795,,,,,,,,,
35.55,13.147410358565736,0.012305156707763672,,,,,,,,,,,
35.89,13.41301460823373,,,,,,,,,0.009769729614257813,,,
35.9,13.41301460823373,,,,,,,0.006161434173583984,,,,,
37.04,13.678618857901725,,,,,,,,0.012303596496582032,,,,
37.06,13.94422310756972,,0.009811931610107422,,,,,,,,,,
37.45,13.94422310756972,,,,,,,,,,0.012259792327880858,,
37.67,14.209827357237714,,,,,,0.01350546646118164,,,,,,
37.68,14.342629482071711,,,,,,,,,,,,0.015955860137939454
38.49,14.475431606905708,,,0.013554622650146484,,,,,,,,,
38.62,14.608233731739706,,,,,0.009854660034179688,,,,,,,
40.42,15.139442231075694,,,,,,,,,0.010973381042480468,,,
40.82,15.405046480743692,,0.011015583038330078,,,,,,,,,,
41.13,15.53784860557769,,,,,,,,0.013507247924804688,,,,
41.17,15.670650730411687,,,0.014758274078369141,,,,,,,,,
41.38,16.06905710491368,0.013508808135986327,,,,,,,,,,,
42.23,16.06905710491368,,,,,,,,,,,,0.01715951156616211
42.78,16.201859229747676,,,,,,,,,,0.01346152114868164,,
43.0,16.46746347941567,,0.012217311859130858,,,,,,,,,,
43.1,16.46746347941567,,,,,,,,0.01470897674560547,,,,
43.32,16.600265604249667,,,,,,0.014707195281982421,,,,,,
43.34,16.733067729083665,0.01471053695678711,,,,,,,,,,,
43.74,16.865869853917662,,,,,0.011056388854980469,,,,,,,
43.76,17.131474103585656,,,0.01596000289916992,,,,,,,,,
43.9,17.264276228419654,,,,,0.012260875701904298,,,,,,,
44.4,17.39707835325365,,,,,,,,,,,,0.01836399841308594
44.56,17.529880478087648,,,,,,,,,,0.01466600799560547,,
45.53,17.795484727755642,,,,,,0.01591168212890625,,,,,,
45.57,17.795484727755642,,,,,,,,,0.012177867889404297,,,
46.19,18.061088977423637,,0.013421798706054689,,,,,,,,,,
46.43,18.45949535192563,,,,,,,,0.014740283966064454,,,,
46.5,18.45949535192563,,,,,,,,,,,,0.01839432144165039
46.69,18.592297476759626,,,0.015988517761230468,,,,,,,,,
46.79,18.725099601593627,0.014730644226074218,,,,,,,,,,,
46.8,18.857901726427624,0.014740882873535156,,,,,,,,,,,
47.4,18.857901726427624,,,,,,,0.0061833724975585945,,,,,
48.09,18.99070385126162,,,,,,,,,,0.014683868408203125,,
48.1,19.12350597609562,,,,,,,,,,0.014684009552001954,,
48.44,19.12350597609562,,,,,,0.01593463897705078,,,,,,
48.45,19.256308100929616,,,,,,0.015940193176269532,,,,,,
48.56,19.389110225763613,,0.013447910308837891,,,,,,,,,,
48.63,19.389110225763613,,,,,,,,,,,,0.018399871826171876
48.64,19.52191235059761,,,,,,,,,,,,0.0184129638671875
48.66,19.52191235059761,,,,,,,,0.014753108978271486,,,,
48.77,19.654714475431607,,,,,0.012292232513427736,,,,,,,
48.79,19.9203187250996,0.014759952545166015,,,,,,,,,,,
48.94,19.9203187250996,,,,,0.012304611206054687,,,,,,,
49.17,20.0531208499336,,,,,0.012307666778564453,,,,,,,
49.18,20.185922974767596,,,,,0.0123143310546875,,,,,,,
49.31,20.318725099601593,,,0.01600053024291992,,,,,,,,,
49.44,20.45152722443559,,,,,,,,,,0.01469062042236328,,
50.93,20.45152722443559,,,,,,0.015954246520996092,,,,,,
50.94,20.584329349269588,,,,,,0.01595981216430664,,,,,,
51.0,20.584329349269588,,,,,,,,,0.012217613220214845,,,
51.01,20.849933598937582,,,,,,,,,0.012225143432617188,,,
51.13,20.98273572377158,,,,,,,,0.014757492065429687,,,,
52.32,22.177954847277555,,,,,,,,0.01476025390625,,,,
53.27,24.169986719787513,,,,,,,0.006186149597167968,,,,,
65.57,29.614873837981403,,,,,,,,,0.014670021057128908,,,
75.28,30.411686586985386,,,,,,,,,0.012225143432617188,,,
75.29,30.544488711819383,,,,,,,,,0.014670021057128908,,,
84.54,30.677290836653388,,,,,,,,,0.012225143432617188,,,
84.55,30.810092961487385,,,,,,,,,0.014670021057128908,,,
89.69,31.07569721115538,,,,,0.014759208679199217,,,,,,,
93.34,31.07569721115538,,,,,,,,,0.012225143432617188,,,
93.35,31.208499335989377,,,,,,,,,0.014670021057128908,,,
99.05,31.341301460823374,,,,,0.0123143310546875,,,,,,,
99.06,31.47410358565737,,,,,0.014759208679199217,,,,,,,
101.9,31.47410358565737,,,,,,,,,0.014670021057128908,,,
108.16,31.606905710491368,,,,,0.0123143310546875,,,,,,,
108.17,31.739707835325365,,,,,0.014759208679199217,,,,,,,
110.69,31.739707835325365,,,,,,,,,0.012225143432617188,,,
110.7,31.872509960159363,,,,,,,,,0.014670021057128908,,,
118.15,32.80212483399734,,,,,0.0123143310546875,,,,,,,
118.16,32.93492695883134,,,,,0.014759208679199217,,,,,,,
119.58,32.93492695883134,,,,,,,,,0.012226016998291017,,,
119.59,33.067729083665334,,,,,,,,,0.014670028686523439,,,
127.4,33.067729083665334,,,,,0.0123143310546875,,,,,,,
127.41,33.200531208499335,,,,,0.014759216308593748,,,,,,,
129.34,33.200531208499335,,,,,,,,,0.012225143432617188,,,
129.35,33.33333333333333,,,,,,,,,0.014678245544433595,,,
136.59,33.33333333333333,,,,,0.0123143310546875,,,,,,,
136.61,33.46613545816733,0.031377338409423826,,,,0.014767433166503906,,,,,,,
136.62,33.46613545816733,0.09784688949584962,,,,,,,,,,,
136.63,33.46613545816733,0.14769905471801759,,,,,,,,,,,
136.64,33.46613545816733,0.2141686019897461,,,,,,,,,,,
138.94,33.59893758300132,,,,,,,,,0.012225143432617188,,,
138.95,33.731739707835324,,,,,,,,,0.014678245544433595,,,
145.47,33.731739707835324,,,,,0.0123143310546875,,,,,,,
145.48,33.86454183266932,,,,,0.014767433166503906,,,,,,,
147.65,33.86454183266932,,,,,,,,,0.012225143432617188,,,
147.67,33.99734395750332,,,,,,,,,0.014678245544433595,,,
154.69,33.99734395750332,,,,,0.0123143310546875,,,,,,,
154.72,34.13014608233731,,,,,0.014767433166503906,,,,,,,
157.45,34.13014608233731,,,,,,,,,0.012225143432617188,,,
157.47,34.26294820717131,,,,,,,,,0.014678245544433595,,,
163.68,34.26294820717131,,,,,0.0123143310546875,,,,,,,
163.69,34.395750332005306,,,,,0.014767433166503906,,,,,,,
166.27,34.395750332005306,,,,,,,,,0.012225143432617188,,,
166.28,34.52855245683931,,,,,,,,,0.014678245544433595,,,
173.82,34.52855245683931,,,,,0.0123143310546875,,,,,,,
173.83,34.6613545816733,,,,,0.014767433166503906,,,,,,,
176.5,34.6613545816733,,,,,,,,,0.012225143432617188,,,
176.51,34.7941567065073,,,,,,,,,0.014678253173828126,,,
183.76,34.7941567065073,,,,,0.0123143310546875,,,,,,,
183.77,34.926958831341295,,,,,0.014767440795898437,,,,,,,
186.3,34.926958831341295,,,,,,,,,0.012225143432617188,,,
186.32,35.059760956175296,,,,,,,,,0.014678253173828126,,,
193.3,35.059760956175296,,,,,0.0123143310546875,,,,,,,
193.31,35.19256308100929,,,,,0.014767440795898437,,,,,,,
202.24,35.19256308100929,,,,,0.0123143310546875,,,,,,,
202.25,35.32536520584329,,,,,0.014767440795898437,,,,,,,
212.27,35.32536520584329,,,,,0.0123143310546875,,,,,,,
212.28,35.458167330677284,,,,,0.014767440795898437,,,,,,,
216.48,35.458167330677284,,,,,,,,,0.012225143432617188,,,
216.49,35.590969455511285,,,,,,,,,0.014678253173828126,,,
221.84,35.590969455511285,,,,,0.0123143310546875,,,,,,,
221.85,35.72377158034528,,,,,0.014767440795898437,,,,,,,
225.98,35.72377158034528,,,,,,,,,0.012225143432617188,,,
226.0,35.85657370517928,,,,,,,,,0.014678253173828126,,,
231.25,35.85657370517928,,,,,0.0123143310546875,,,,,,,
231.26,35.98937583001327,,,,,0.014767440795898437,,,,,,,
235.31,35.98937583001327,,,,,,,,,0.012225143432617188,,,
235.32,36.122177954847274,,,,,,,,,0.014678253173828126,,,
240.24,36.122177954847274,,,,,0.0123143310546875,,,,,,,
240.25,36.25498007968127,,,,,0.014767440795898437,,,,,,,
240.68,36.25498007968127,,,,,,,,,,,,0.0
243.91,36.25498007968127,,,,,,,,,0.012225143432617188,,,
243.93,36.38778220451527,,,,,,,,,0.014678253173828126,,,
250.26,36.38778220451527,,,,,0.0123143310546875,,,,,,,
250.27,36.52058432934926,,,,,0.014767440795898437,,,,,,,
253.17,36.52058432934926,,,,,,,,,0.012225143432617188,,,
253.18,36.65338645418326,,,,,,,,,0.014678253173828126,,,
260.18,36.65338645418326,,,,,0.0123143310546875,,,,,,,
260.19,36.78618857901726,,,,,0.014767440795898437,,,,,,,
262.12,36.78618857901726,,,,,,,,,0.012225143432617188,,,
262.13,36.91899070385126,,,,,,,,,0.014678253173828126,,,
269.14,36.91899070385126,,,,,0.0123143310546875,,,,,,,
269.16,37.05179282868525,,,,,0.014767440795898437,,,,,,,
271.22,37.05179282868525,,,,,,,,,0.012225143432617188,,,
271.23,37.18459495351925,,,,,,,,,0.014678253173828126,,,
278.25,37.317397078353245,,,,,0.014767440795898437,,,,,,,
280.17,37.317397078353245,,,,,,,,,0.012225143432617188,,,
280.18,37.45019920318725,,,,,,,,,0.014678253173828126,,,
287.51,37.45019920318725,,,,,0.0123143310546875,,,,,,,
287.52,37.58300132802125,,,,,0.014767440795898437,,,,,,,
290.32,37.58300132802125,,,,,,,,,0.012225143432617188,,,
290.36,37.71580345285525,,,,,,,,,0.014678253173828126,,,
297.86,37.71580345285525,,,,,0.0123143310546875,,,,,,,
297.87,37.84860557768924,,,,,0.014767440795898437,,,,,,,
300.63,37.84860557768924,,,,,,,,,0.012225143432617188,,,
300.65,37.98140770252324,,,,,,,,,0.014678253173828126,,,
306.92,37.98140770252324,,,,0.0,,,,,,,,
307.19,37.98140770252324,,,,,0.0123143310546875,,,,,,,
307.2,38.114209827357236,,,,,0.014767440795898437,,,,,,,
310.47,38.114209827357236,,,,,,,,,0.012225143432617188,,,
310.48,38.24701195219124,,,,,,,,,0.012236099243164062,,,
310.49,38.24701195219124,,,,,,,,,0.014666580200195314,,,
316.84,38.24701195219124,,,,,0.0123143310546875,,,,,,,
316.85,38.37981407702523,,,,,0.028931716918945312,,,,,,,
316.87,38.37981407702523,,,,,0.06216648864746094,,,,,,,
316.88,38.37981407702523,,,,,0.11201864624023439,,,,,,,
316.89,38.37981407702523,,,,,0.19510557556152344,,,,,,,
316.9,38.37981407702523,,,,,0.2615751190185547,,,,,,,
316.91,38.37981407702523,,,,,0.2948098907470703,,,,,,,
318.11,38.51261620185923,,,,,0.29725132751464844,,,,,,,
320.44,38.51261620185923,,,,,,,,,0.012225143432617188,,,
320.47,38.645418326693225,,,,,,,,,0.014666580200195314,,,
327.85,38.645418326693225,,,,,0.2948098907470703,,,,,,,
327.86,38.778220451527226,,,,,0.29725132751464844,,,,,,,
329.87,38.778220451527226,,,,,,,,,0.012225143432617188,,,
329.88,38.91102257636122,,,,,,,,,0.014666580200195314,,,
338.93,38.91102257636122,,,,,0.2948098907470703,,,,,,,
339.08,39.04382470119522,,,,,0.29725094604492186,,,,,,,
340.6,39.04382470119522,,,,,,,,,0.012225143432617188,,,
340.8,39.176626826029214,0.2972555389404297,,,,,,,,0.01466619873046875,,,
406.2,39.309428950863214,,,,,,,,,0.012225143432617188,,,
406.72,39.44223107569721,,,,,,,,,0.01466619873046875,,,
423.25,39.44223107569721,,,,,0.2948098907470703,,,,,,,
423.29,39.57503320053121,,,,,0.29725094604492186,,,,,,,
439.0,39.57503320053121,,,,,0.2948098907470703,,,,,,,
439.08,39.7078353253652,,,,,0.2972509307861328,,,,,,,
450.89,39.7078353253652,,,,,0.2948098907470703,,,,,,,
450.91,39.8406374501992,,,,,0.2972509307861328,,,,,,,
461.4,39.8406374501992,,,,,0.2948098907470703,,,,,,,
461.43,39.9734395750332,,,,,0.2972509307861328,,,,,,,
471.43,39.9734395750332,,,,,,,,,0.012225143432617188,,,
471.47,40.1062416998672,0.3637250900268555,,,,,,,,0.014666183471679688,,,
475.85,40.23904382470119,,,,,0.2948098907470703,,,,,,,
475.86,40.37184594953519,,,,,0.297258056640625,,,,,,,
496.1,40.37184594953519,,,,,0.2948098907470703,,,,,,,
496.14,40.504648074369186,,,,,0.297258056640625,,,,,,,
507.09,40.504648074369186,,,,,0.2948098907470703,,,,,,,
507.1,40.63745019920319,,,,,0.297258056640625,,,,,,,
508.61,40.63745019920319,,,,,,,,,0.012225143432617188,,,
508.62,40.77025232403718,,,,,,,,,0.06207731246948243,,,
508.75,40.90305444887118,,,,,,,,,0.0645254783630371,,,
520.77,40.90305444887118,,,,,0.2948098907470703,,,,,,,
520.8,41.035856573705175,,,,,0.297258056640625,,,,,,,
533.13,41.035856573705175,,,,,0.2948098907470703,,,,,,,
533.17,41.168658698539176,,,,,0.297258056640625,,,,,,,
537.85,41.168658698539176,,,,,,,,,0.06207731246948243,,,
537.87,41.30146082337317,,,,,,,,,0.06208683013916016,,,
537.88,41.30146082337317,,,,,,,,,0.0645254783630371,,,
547.35,41.30146082337317,,,,,,,,,0.06207731246948243,,,
547.36,41.43426294820717,,,,,,,,,0.0645254783630371,,,
556.99,41.43426294820717,,,,,,,,,0.06207731246948243,,,
557.0,41.567065073041164,,,,,,,,,0.0645254783630371,,,
566.91,41.567065073041164,,,,,,,,,0.06207731246948243,,,
566.93,41.699867197875164,,,,,,,,,0.0645254783630371,,,
573.67,41.699867197875164,,,,,0.2948098907470703,,,,,,,
573.69,41.83266932270916,,,,,0.29725806427001955,,,,,,,
582.45,41.83266932270916,,,,,,,,,0.06207731246948243,,,
582.48,41.96547144754316,,,,,,,,,0.06452548599243164,,,
588.11,41.96547144754316,,,,,0.2948098907470703,,,,,,,
588.17,42.09827357237715,,,,,0.29725806427001955,,,,,,,
592.23,42.09827357237715,,,,,,,,,0.06207731246948243,,,
592.25,42.23107569721115,,,,,,,,,0.06453671264648438,,,
601.85,42.23107569721115,,,,,,,,,0.06207731246948243,,,
601.9,42.36387782204515,,,,,,,,,0.06453671264648438,,,
603.82,42.36387782204515,,,,,0.2948098907470703,,,,,,,
603.83,42.49667994687915,,,,,0.2972692909240722,,,,,,,
603.84,42.49667994687915,0.43019464111328126,,,,,,,,,,,
603.85,42.49667994687915,0.4800468063354492,,,,,,,,,,,
603.86,42.49667994687915,0.5797511329650878,,,,,,,,,,,
611.38,42.62948207171314,,,,,,,,,0.06207731246948243,,,
611.4,42.76228419654714,,,,,,,,,0.06453671264648438,,,
614.86,42.76228419654714,,,,,0.2948098907470703,,,,,,,
614.87,42.895086321381136,,,,,0.2972692909240722,,,,,,,
622.93,42.895086321381136,,,,,,,,,0.06207731246948243,,,
622.94,43.02788844621514,,,,,,,,,0.06453671264648438,,,
624.25,43.02788844621514,,,,,0.2948098907470703,,,,,,,
624.26,43.16069057104913,,,,,0.2972692909240722,,,,,,,
632.9,43.16069057104913,,,,,,,,,0.06207731246948243,,,
632.93,43.29349269588313,,,,,,,,,0.06453671264648438,,,
639.8,43.29349269588313,,,,,0.2948098907470703,,,,,,,
639.81,43.426294820717125,,,,,0.2972692909240722,,,,,,,
642.65,43.426294820717125,,,,,,,,,0.06207731246948243,,,
642.66,43.559096945551126,,,,,,,,,0.06453671264648438,,,
649.51,43.559096945551126,,,,,0.2948098907470703,,,,,,,
649.54,43.69189907038512,,,,,0.2972692985534668,,,,,,,
651.89,43.69189907038512,,,,,,,,,0.06207731246948243,,,
651.9,43.82470119521912,,,,,,,,,0.06453672027587891,,,
658.64,43.82470119521912,,,,,0.2948098907470703,,,,,,,
658.65,43.957503320053114,,,,,0.2972692985534668,,,,,,,
661.7,43.957503320053114,,,,,,,,,0.06207731246948243,,,
661.72,44.090305444887115,,,,,,,,,0.06453672027587891,,,
667.88,44.090305444887115,,,,,0.2948098907470703,,,,,,,
667.89,44.223107569721115,,,,,0.2972692985534668,,,,,,,
671.49,44.223107569721115,,,,,,,,,0.06207731246948243,,,
671.5,44.35590969455511,,,,,,,,,0.06453672027587891,,,
677.85,44.35590969455511,,,,,0.2948098907470703,,,,,,,
677.86,44.48871181938911,,,,,0.2972692985534668,,,,,,,
681.5,44.6215139442231,,,,,,,,,0.06207731246948243,,,
681.51,44.6215139442231,,,,,,,,,0.06453672027587891,,,
687.25,44.754316069057104,,,,,0.2972692985534668,,,,,,,
694.25,44.8871181938911,,,,,,,,,0.06453672027587891,,,
696.29,44.8871181938911,,,,,0.2948098907470703,,,,,,,
696.3,45.0199203187251,,,,,0.2972692985534668,,,,,,,
703.08,45.0199203187251,,,,,,,,,0.06207731246948243,,,
703.09,45.15272244355909,,,,,,,,,0.06453672027587891,,,
705.3,45.15272244355909,,,,,0.2948098907470703,,,,,,,
705.32,45.28552456839309,,,,,0.2972692985534668,,,,,,,
712.0,45.28552456839309,,,,,,,,,0.06207731246948243,,,
712.01,45.41832669322709,,,,,,,,,0.06453672027587891,,,
715.28,45.41832669322709,,,,,0.2948098907470703,,,,,,,
715.32,45.55112881806109,,,,,0.2972692985534668,,,,,,,
722.15,45.55112881806109,,,,,,,,,0.06207731246948243,,,
722.16,45.68393094289508,,,,,,,,,0.06453672027587891,,,
724.56,45.68393094289508,,,,,0.2948098907470703,,,,,,,
724.57,45.81673306772908,,,,,0.2972692985534668,,,,,,,
732.56,45.81673306772908,,,,,,,,,0.06207731246948243,,,
732.58,45.949535192563076,,,,,,,,,0.06453672027587891,,,
734.39,45.949535192563076,,,,,0.2948098907470703,,,,,,,
734.42,46.08233731739708,,,,,0.2972692985534668,,,,,,,
741.99,46.08233731739708,,,,,,,,,0.06207731246948243,,,
742.0,46.21513944223107,,,,,,,,,0.06453672027587891,,,
744.42,46.21513944223107,,,,,0.2948098907470703,,,,,,,
744.43,46.34794156706507,,,,,0.2972692985534668,,,,,,,
751.72,46.34794156706507,,,,,,,,,0.06207731246948243,,,
751.73,46.480743691899065,,,,,,,,,0.06453672027587891,,,
754.4,46.480743691899065,,,,,0.2948098907470703,,,,,,,
754.41,46.613545816733065,,,,,0.2972692985534668,,,,,,,
760.37,46.613545816733065,,,,,,,,,0.06453584671020508,,,
760.38,46.613545816733065,,,,,,,,,0.06207731246948243,,,
760.4,46.74634794156706,,,,,,,,,0.06453672027587891,,,
763.38,46.74634794156706,,,,,0.2948098907470703,,,,,,,
763.39,46.87915006640106,,,,,0.2972692985534668,,,,,,,
770.59,46.87915006640106,,,,,,,,,0.06207731246948243,,,
770.6,47.01195219123505,,,,,,,,,0.06453672027587891,,,
772.26,47.01195219123505,,,,,0.2948098907470703,,,,,,,
772.28,47.144754316069054,,,,,0.2972692985534668,,,,,,,
779.3,47.144754316069054,,,,,,,,,0.06207731246948243,,,
779.31,47.27755644090305,,,,,,,,,0.06453672027587891,,,
787.98,47.27755644090305,,,,,,,,,0.06207731246948243,,,
787.99,47.41035856573705,,,,,,,,,0.06453672027587891,,,
797.24,47.41035856573705,,,,,0.2948098907470703,,,,,,,
797.25,47.54316069057104,,,,,0.2972574920654297,,,,,,,
806.68,47.54316069057104,,,,,0.2948098907470703,,,,,,,
806.69,47.67596281540504,,,,,0.2972574920654297,,,,,,,
807.04,47.67596281540504,,,,,,,,,0.06207731246948243,,,
807.06,47.80876494023904,0.5963685188293457,,,,,,,,0.0645249137878418,,,
807.07,47.80876494023904,0.6296032943725586,,,,,,,,,,,
807.08,47.80876494023904,0.7293076171875,,,,,,,,,,,
807.09,47.80876494023904,0.7459250068664551,,,,,,,,,,,
807.1,47.80876494023904,0.795777172088623,,,,,,,,,,,
807.11,47.80876494023904,0.8456293334960938,,,,,,,,,,,
807.12,47.80876494023904,0.8788641090393066,,,,,,,,,,,
807.13,47.80876494023904,0.9120988883972168,,,,,,,,,,,
807.14,47.80876494023904,0.9785684394836425,,,,,,,,,,,
807.15,47.80876494023904,0.9951858291625976,,,,,,,,,,,
807.16,47.80876494023904,1.0782727661132812,,,,,,,,,,,
807.17,47.80876494023904,1.1115075416564941,,,,,,,,,,,
807.18,47.80876494023904,1.1613597030639649,,,,,,,,,,,
807.19,47.80876494023904,1.2278292503356933,,,,,,,,,,,
815.58,47.94156706507304,,,,,0.2948098907470703,,,,,,,
815.59,48.07436918990703,,,,,0.2972574920654297,,,,,,,
816.54,48.07436918990703,,,,,,,,,0.06207731246948243,,,
816.55,48.20717131474103,,,,,,,,,0.0645249137878418,,,
825.14,48.20717131474103,,,,,0.2948098907470703,,,,,,,
825.16,48.339973439575026,,,,,0.2972574920654297,,,,,,,
825.8,48.339973439575026,,,,,,,,,0.06207731246948243,,,
825.81,48.47277556440903,,,,,,,,,0.0645249137878418,,,
834.63,48.47277556440903,,,,,0.2948098907470703,,,,,,,
834.64,48.60557768924302,,,,,0.2972574920654297,,,,,,,
836.54,48.60557768924302,,,,,,,,,0.06207731246948243,,,
836.56,48.73837981407702,,,,,,,,,0.0645249137878418,,,
843.9,48.73837981407702,,,,,0.2948098907470703,,,,,,,
843.91,48.871181938911015,,,,,0.2972574920654297,,,,,,,
846.19,48.871181938911015,,,,,,,,,0.06207731246948243,,,
846.2,49.003984063745015,,,,,,,,,0.06452492141723633,,,
852.98,49.003984063745015,,,,,0.2948098907470703,,,,,,,
852.99,49.13678618857901,,,,,0.29725749969482423,,,,,,,
854.95,49.13678618857901,,,,,,,,,0.06207731246948243,,,
854.97,49.26958831341301,,,,,,,,,0.06452492141723633,,,
862.02,49.26958831341301,,,,,0.2948098907470703,,,,,,,
862.03,49.402390438247004,,,,,0.29725749969482423,,,,,,,
863.5,49.535192563081004,,,,,,,,,0.06452492141723633,,,
871.26,49.535192563081004,,,,,0.2948098907470703,,,,,,,
871.27,49.667994687915,,,,,0.29728213119506836,,,,,,,
872.11,49.667994687915,,,,,,,,,0.06207731246948243,,,
872.13,49.800796812749,1.2610640258789063,,,,,,,,0.06454955291748048,,,
872.14,49.800796812749,1.3109161911010743,,,,,,,,,,,
872.15,49.800796812749,1.344150966644287,,,,,,,,,,,
872.16,49.800796812749,1.4438552932739257,,,,,,,,,,,
872.17,49.800796812749,1.460472682952881,,,,,,,,,,,
872.33,49.800796812749,1.4770900688171387,,,,,,,,,,,
879.93,49.93359893758299,,,,,0.2948098907470703,,,,,,,
879.94,50.066401062417,,,,,0.29728213119506836,,,,,,,
880.98,50.066401062417,,,,,,,,,0.06207731246948243,,,
880.99,50.199203187250994,,,,,,,,,0.06454955291748048,,,
888.79,50.199203187250994,,,,,0.2948098907470703,,,,,,,
888.8,50.332005312084995,,,,,0.29728213119506836,,,,,,,
889.78,50.332005312084995,,,,,,,,,0.06207731246948243,,,
889.79,50.46480743691899,,,,,,,,,0.06454955291748048,,,
898.47,50.46480743691899,,,,,0.2948098907470703,,,,,,,
898.48,50.59760956175299,,,,,0.29728213119506836,,,,,,,
899.05,50.59760956175299,,,,,,,,,0.06207731246948243,,,
899.06,50.73041168658698,,,,,,,,,0.06454955291748048,,,
907.89,50.73041168658698,,,,,0.2948098907470703,,,,,,,
907.9,50.863213811420984,,,,,0.29728213119506836,,,,,,,
908.91,50.863213811420984,,,,,,,,,0.06207731246948243,,,
908.93,50.99601593625498,,,,,,,,,0.06454955291748048,,,
919.2,50.99601593625498,,,,,,,,,0.06207731246948243,,,
919.22,51.12881806108898,,,,,,,,,0.064549560546875,,,
922.29,51.12881806108898,,,,,0.2948098907470703,,,,,,,
922.3,51.26162018592297,,,,,0.29728213882446286,,,,,,,
928.49,51.26162018592297,,,,,,,,,0.06207731246948243,,,
928.5,51.39442231075697,,,,,,,,,0.064549560546875,,,
931.65,51.39442231075697,,,,,0.2948098907470703,,,,,,,
931.66,51.527224435590966,,,,,0.29728213882446286,,,,,,,
937.0,51.527224435590966,,,,,,,,,0.06207731246948243,,,
937.01,51.66002656042497,,,,,,,,,0.064549560546875,,,
941.01,51.66002656042497,,,,,0.2948098907470703,,,,,,,
941.02,51.79282868525896,,,,,0.29728213882446286,,,,,,,
946.67,51.79282868525896,,,,,,,,,0.06207731246948243,,,
946.69,51.92563081009296,,,,,,,,,0.064549560546875,,,
950.0,51.92563081009296,,,,,0.2948098907470703,,,,,,,
950.01,52.058432934926955,,,,,0.29728213882446286,,,,,,,
959.23,52.058432934926955,,,,,0.2948098907470703,,,,,,,
959.24,52.191235059760956,,,,,0.29728213882446286,,,,,,,
960.72,52.191235059760956,,,,,,,,,0.06207731246948243,,,
960.73,52.32403718459495,,,,,,,,,0.064549560546875,,,
969.18,52.32403718459495,,,,,0.2948098907470703,,,,,,,
969.19,52.45683930942895,,,,,0.29728213882446286,,,,,,,
974.74,52.45683930942895,,,,,,,,,0.06207731246948243,,,
974.75,52.589641434262944,,,,,,,,,0.064549560546875,,,
978.55,52.589641434262944,,,,,0.2948098907470703,,,,,,,
978.56,52.722443559096945,,,,,0.29728213882446286,,,,,,,
983.75,52.85524568393094,,,,,,,,,0.06207731246948243,,,
983.76,52.85524568393094,,,,,,,,,0.064549560546875,,,
988.23,52.85524568393094,,,,,0.2948098907470703,,,,,,,
988.25,52.98804780876494,,,,,0.29728213882446286,,,,,,,
992.44,52.98804780876494,,,,,,,,,0.06207731246948243,,,
992.45,53.12084993359893,,,,,,,,,0.06332661437988281,,,
992.47,53.12084993359893,,,,,,,,,0.064549560546875,,,
997.94,53.12084993359893,,,,,0.2948098907470703,,,,,,,
997.97,53.253652058432934,,,,,0.29728213882446286,,,,,,,
1001.45,53.253652058432934,,,,,,,,,0.06207731246948243,,,
1001.47,53.38645418326693,,,,,,,,,0.064549560546875,,,
1007.24,53.38645418326693,,,,,0.2948098907470703,,,,,,,
1007.25,53.51925630810093,,,,,0.29728213882446286,,,,,,,
1010.95,53.51925630810093,,,,,,,,,0.06207731246948243,,,
1010.97,53.65205843293492,,,,,,,,,0.064549560546875,,,
1016.19,53.65205843293492,,,,,0.2948098907470703,,,,,,,
1016.2,53.78486055776892,,,,,0.29728213882446286,,,,,,,
1019.54,53.78486055776892,,,,,,,,,0.06207731246948243,,,
1019.55,53.917662682602916,,,,,,,,,0.064549560546875,,,
1028.24,53.917662682602916,,,,,,,,,0.06207731246948243,,,
1028.25,54.05046480743692,,,,,,,,,0.064549560546875,,,
1035.3,54.05046480743692,,,,,0.2948098907470703,,,,,,,
1035.31,54.18326693227091,,,,,0.29728213882446286,,,,,,,
1036.97,54.18326693227091,,,,,,,,,0.06207731246948243,,,
1036.98,54.31606905710491,,,,,,,,,0.064549560546875,,,
1044.56,54.31606905710491,,,,,0.2948098907470703,,,,,,,
1044.57,54.448871181938905,,,,,0.29728213882446286,,,,,,,
1053.45,54.448871181938905,,,,,0.2948098907470703,,,,,,,
1053.47,54.581673306772906,,,,,0.29728213882446286,,,,,,,
1056.11,54.581673306772906,,,,,,,,,0.06207731246948243,,,
1056.12,54.7144754316069,,,,,,,,,0.064549560546875,,,
1062.73,54.7144754316069,,,,,0.2948098907470703,,,,,,,
1062.75,54.8472775564409,,,,,0.29728213882446286,,,,,,,
1064.69,54.8472775564409,,,,,,,,,0.06207731246948243,,,
1064.7,54.980079681274894,,,,,,,,,0.064549560546875,,,
1071.62,54.980079681274894,,,,,0.2948098907470703,,,,,,,
1071.63,55.112881806108895,,,,,0.29728213882446286,,,,,,,
1075.18,55.112881806108895,,,,,,,,,0.06207731246948243,,,
1075.19,55.24568393094289,,,,,,,,,0.064549560546875,,,
1080.73,55.24568393094289,,,,,0.2948098907470703,,,,,,,
1080.75,55.37848605577689,,,,,0.29728213882446286,,,,,,,
1083.79,55.37848605577689,,,,,,,,,0.06207731246948243,,,
1083.8,55.51128818061088,,,,,,,,,0.064549560546875,,,
1089.72,55.51128818061088,,,,,0.2948098907470703,,,,,,,
1089.73,55.644090305444884,,,,,0.29728213882446286,,,,,,,
1092.32,55.644090305444884,,,,,,,,,0.06207731246948243,,,
1092.33,55.77689243027888,,,,,,,,,0.064549560546875,,,
1098.64,55.77689243027888,,,,,0.2948098907470703,,,,,,,
1098.66,55.90969455511288,,,,,0.29728213882446286,,,,,,,
1100.99,55.90969455511288,,,,,,,,,0.06207731246948243,,,
1101.0,56.04249667994687,,,,,,,,,0.064549560546875,,,
1109.68,56.04249667994687,,,,,,,,,0.06207731246948243,,,
1109.69,56.17529880478087,,,,,,,,,0.064549560546875,,,
1113.32,56.17529880478087,,,,,0.2948098907470703,,,,,,,
1113.34,56.30810092961487,,,,,0.29728213882446286,,,,,,,
1118.34,56.30810092961487,,,,,,,,,0.06207731246948243,,,
1118.36,56.44090305444887,,,,,,,,,0.064549560546875,,,
1123.22,56.44090305444887,,,,,0.2948098907470703,,,,,,,
1123.23,56.57370517928286,,,,,0.29728213882446286,,,,,,,
1127.34,56.57370517928286,,,,,,,,,0.06207731246948243,,,
1127.36,56.70650730411686,,,,,,,,,0.064549560546875,,,
1132.28,56.70650730411686,,,,,0.2948098907470703,,,,,,,
1132.35,56.839309428950855,,,,,0.29728213882446286,,,,,,,
1136.89,56.839309428950855,,,,,,,,,0.06207731246948243,,,
1136.9,56.972111553784856,,,,,,,,,0.064549560546875,,,
1142.5,57.10491367861885,,,,,0.29728213882446286,,,,,,,
1146.3,57.10491367861885,,,,,,,,,0.06207731246948243,,,
1146.32,57.23771580345285,,,,,,,,,0.064549560546875,,,
1151.36,57.23771580345285,,,,,0.2948098907470703,,,,,,,
1151.38,57.370517928286844,,,,,0.29728213882446286,,,,,,,
1154.97,57.370517928286844,,,,,,,,,0.06207731246948243,,,
1154.98,57.503320053120845,,,,,,,,,0.064549560546875,,,
1160.29,57.503320053120845,,,,,0.2948098907470703,,,,,,,
1160.31,57.63612217795484,,,,,0.29728213882446286,,,,,,,
1163.67,57.63612217795484,,,,,,,,,0.06207731246948243,,,
1163.68,57.76892430278884,,,,,,,,,0.064549560546875,,,
1169.58,57.76892430278884,,,,,0.2948098907470703,,,,,,,
1169.59,57.90172642762283,,,,,0.29728213882446286,,,,,,,
1172.61,57.90172642762283,,,,,,,,,0.06207731246948243,,,
1172.62,58.034528552456834,,,,,,,,,0.064549560546875,,,
1178.44,58.034528552456834,,,,,0.2948098907470703,,,,,,,
1178.45,58.16733067729083,,,,,0.29728213882446286,,,,,,,
1181.42,58.16733067729083,,,,,,,,,0.06207731246948243,,,
1181.43,58.30013280212483,,,,,,,,,0.064549560546875,,,
1187.88,58.30013280212483,,,,,0.2948098907470703,,,,,,,
1187.9,58.43293492695882,,,,,0.29728213882446286,,,,,,,
1190.63,58.43293492695882,,,,,,,,,0.06207731246948243,,,
1190.64,58.56573705179282,,,,,,,,,0.064549560546875,,,
1196.93,58.56573705179282,,,,,0.2948098907470703,,,,,,,
1196.94,58.69853917662682,,,,,0.29728213882446286,,,,,,,
1199.75,58.83134130146082,,,,,,,,,0.064549560546875,,,
1205.95,58.83134130146082,,,,,0.2948098907470703,,,,,,,
1205.97,58.96414342629481,,,,,0.29728213882446286,,,,,,,
1208.37,58.96414342629481,,,,,,,,,0.06207731246948243,,,
1208.39,59.09694555112881,,,,,,,,,0.064549560546875,,,
1209.61,59.09694555112881,,,,0.0,,,,,,,,
1215.11,59.09694555112881,,,,,0.2948098907470703,,,,,,,
1215.12,59.229747675962805,,,,,0.29728213882446286,,,,,,,
1218.05,59.229747675962805,,,,,,,,,0.06207731246948243,,,
1218.06,59.362549800796806,,,,,,,,,0.064549560546875,,,
1228.13,59.362549800796806,,,,,,,,,0.06207731246948243,,,
1228.14,59.4953519256308,,,,,,,,,0.064549560546875,,,
1236.97,59.4953519256308,,,,,,,,,0.06207731246948243,,,
1236.98,59.6281540504648,,,,,,,,,0.064549560546875,,,
1247.29,59.6281540504648,,,,,,,,,0.06207731246948243,,,
1247.3,59.760956175298794,,,,,,,,,0.064549560546875,,,
1250.5,59.760956175298794,,,,,0.2948098907470703,,,,,,,
1250.51,59.893758300132795,,,,,0.29728213882446286,,,,,,,
1257.31,59.893758300132795,,,,,,,,,0.06207731246948243,,,
1257.32,60.02656042496679,,,,,,,,,0.064549560546875,,,
1260.51,60.02656042496679,,,,,0.2948098907470703,,,,,,,
1260.52,60.15936254980079,,,,,0.29728213882446286,,,,,,,
1267.14,60.15936254980079,,,,,,,,,0.06207731246948243,,,
1267.15,60.29216467463478,,,,,,,,,0.064549560546875,,,
1269.43,60.29216467463478,,,,,0.2948098907470703,,,,,,,
1269.45,60.424966799468784,,,,,0.2972745971679687,,,,,,,
1276.86,60.424966799468784,,,,,,,,,0.06207731246948243,,,
1276.88,60.55776892430278,,,,,,,,,0.11192948150634766,,,
1276.89,60.55776892430278,,,,,,,,,0.12854687118530272,,,
1276.9,60.55776892430278,,,,,,,,,0.19501642990112303,,,
1276.92,60.55776892430278,,,,,,,,,0.24486859893798826,,,
1276.93,60.55776892430278,,,,,,,,,0.2947207679748535,,,
1276.94,60.55776892430278,,,,,,,,,0.34457293701171876,,,
1276.95,60.55776892430278,,,,,,,,,0.44427727508544923,,,
1276.97,60.55776892430278,,,,,,,,,0.46089466476440427,,,
1276.98,60.55776892430278,,,,,,,,,0.5273642234802246,,,
1276.99,60.55776892430278,,,,,,,,,0.5439816131591797,,,
1277.0,60.55776892430278,,,,,,,,,0.6769207305908204,,,
1277.01,60.55776892430278,,,,,,,,,0.6935381202697753,,,
1278.11,60.69057104913678,,,,,,,,,0.6960028266906738,,,
1278.61,60.69057104913678,,,,,0.2948098907470703,,,,,,,
1278.63,60.82337317397077,,,,,0.2972745971679687,,,,,,,
1288.14,60.82337317397077,,,,,0.2948098907470703,,,,,,,
1288.16,60.95617529880477,,,,,0.2972745971679687,,,,,,,
1289.02,60.95617529880477,,,,,,,,,0.6935381202697753,,,
1289.03,61.08897742363877,,,,,,,,,0.6960028266906738,,,
1297.33,61.08897742363877,,,,,0.2948098907470703,,,,,,,
1297.34,61.221779548472774,,,,,0.2972745971679687,,,,,,,
1298.97,61.221779548472774,,,,,,,,,0.6935381202697753,,,
1298.98,61.354581673306775,,,,,,,,,0.6960028266906738,,,
1307.05,61.354581673306775,,,,,0.2948098907470703,,,,,,,
1307.06,61.48738379814077,,,,,0.2972745971679687,,,,,,,
1309.75,61.62018592297477,,,,,,,,,0.6935381202697753,,,
1309.76,61.62018592297477,,,,,,,,,0.6960028266906738,,,
1316.54,61.62018592297477,,,,,0.2948098907470703,,,,,,,
1316.55,61.75298804780876,,,,,0.2972745971679687,,,,,,,
1319.84,61.75298804780876,,,,,,,,,0.6959918708801269,,,
1319.85,61.75298804780876,,,,,,,,,0.6935381202697753,,,
1319.86,61.885790172642764,,,,,,,,,0.6960028343200684,,,
1326.55,61.885790172642764,,,,,0.2948098907470703,,,,,,,
1326.57,62.01859229747676,,,,,0.2972746047973633,,,,,,,
1329.12,62.01859229747676,,,,,,,,,0.6935381202697753,,,
1329.14,62.15139442231076,,,,,,,,,0.6960028343200684,,,
1335.53,62.15139442231076,,,,,0.2948098907470703,,,,,,,
1335.54,62.28419654714475,,,,,0.2972746047973633,,,,,,,
1338.98,62.28419654714475,,,,,,,,,0.6935381202697753,,,
1339.0,62.41699867197875,,,,,,,,,0.6960028343200684,,,
1344.75,62.54980079681275,,,,,0.2972746047973633,,,,,,,
1348.62,62.54980079681275,,,,,,,,,0.6935381202697753,,,
1348.63,62.68260292164675,,,,,,,,,0.6960028343200684,,,
1353.57,62.68260292164675,,,,,0.2948098907470703,,,,,,,
1353.6,62.81540504648074,,,,,0.2972746047973633,,,,,,,
1357.41,62.81540504648074,,,,,,,,,0.6935381202697753,,,
1357.42,62.94820717131474,,,,,,,,,0.6960028343200684,,,
1362.73,62.94820717131474,,,,,0.2948098907470703,,,,,,,
1362.74,63.081009296148736,,,,,0.2972746047973633,,,,,,,
1366.18,63.081009296148736,,,,,,,,,0.6935381202697753,,,
1366.19,63.213811420982736,,,,,,,,,0.6960028343200684,,,
1374.74,63.213811420982736,,,,,,,,,0.6935381202697753,,,
1374.75,63.34661354581673,,,,,,,,,0.6960028343200684,,,
1383.79,63.34661354581673,,,,,,,,,0.6935381202697753,,,
1383.8,63.47941567065073,,,,,,,,,0.6960028343200684,,,
1392.41,63.47941567065073,,,,,0.2948098907470703,,,,,,,
1392.44,63.612217795484725,,,,,0.2972746047973633,,,,,,,
1392.75,63.745019920318725,,,,,,,,,0.6960028343200684,,,
1466.9,63.745019920318725,,,,,,,,,0.6935381202697753,,,
1467.4,63.87782204515272,,,,,,,,,0.6960028343200684,,,
1480.79,63.87782204515272,,,,,0.2948098907470703,,,,,,,
1480.8,64.01062416998671,,,,,0.2972746047973633,,,,,,,
1520.22,64.01062416998671,,,,,0.2948098907470703,,,,,,,
1520.23,64.14342629482071,,,,,0.2972746047973633,,,,,,,
1550.0,64.14342629482071,,,,,0.2948098907470703,,,,,,,
1550.2,64.27622841965471,,,,,0.2972746047973633,,,,,,,
1552.05,64.27622841965471,,,,,,,,,0.6935381202697753,,,
1552.14,64.40903054448872,,,,,,,,,0.6960028343200684,,,
1594.54,64.40903054448872,,,,,0.2948098907470703,,,,,,,
1594.61,64.5418326693227,,,,,0.2972746047973633,,,,,,,
1628.13,64.5418326693227,,,,,,,,,0.6935381202697753,,,
1628.41,64.6746347941567,,,,,,,,,0.6960028343200684,,,
1641.64,64.6746347941567,,,,,,,,,0.6935381202697753,,,
1641.91,64.8074369189907,,,,,,,,,0.6960028343200684,,,
1672.75,64.8074369189907,,,,,,,,,0.6935381202697753,,,
1672.85,64.9402390438247,,,,,,,,,0.6960028343200684,,,
1682.33,64.9402390438247,,,,,,,,,0.6935381202697753,,,
1682.38,65.07304116865869,,,,,,,,,0.6960028343200684,,,
1685.51,65.07304116865869,,,,,0.2948098907470703,,,,,,,
1685.56,65.20584329349269,,,,,0.2972746047973633,,,,,,,
1691.83,65.20584329349269,,,,,,,,,0.6935381202697753,,,
1691.84,65.33864541832669,,,,,,,,,0.6960028343200684,,,
1699.07,65.33864541832669,,,,,0.2948098907470703,,,,,,,
1699.09,65.47144754316069,,,,,0.2972746047973633,,,,,,,
1701.63,65.47144754316069,,,,,,,,,0.6935381202697753,,,
1701.65,65.60424966799468,,,,,,,,,0.6960028343200684,,,
1708.94,65.60424966799468,,,,,0.2948098907470703,,,,,,,
1708.97,65.73705179282868,,,,,0.2972746047973633,,,,,,,
1710.86,65.73705179282868,,,,,,,,,0.6935381202697753,,,
1710.87,65.86985391766268,,,,,,,,,0.6960028343200684,,,
1718.15,65.86985391766268,,,,,0.2948098907470703,,,,,,,
1718.17,66.00265604249668,,,,,0.2972746047973633,,,,,,,
1720.56,66.00265604249668,,,,,,,,,0.6935381202697753,,,
1720.57,66.13545816733067,,,,,,,,,0.6960028343200684,,,
1727.24,66.13545816733067,,,,,0.2948098907470703,,,,,,,
1727.25,66.26826029216467,,,,,0.2972746047973633,,,,,,,
1730.44,66.26826029216467,,,,,,,,,0.6935381202697753,,,
1730.45,66.40106241699867,,,,,,,,,0.6960028343200684,,,
1736.28,66.40106241699867,,,,,0.2948098907470703,,,,,,,
1736.3,66.53386454183267,,,,,0.2972746047973633,,,,,,,
1740.35,66.53386454183267,,,,,,,,,0.6935381202697753,,,
1740.36,66.66666666666666,,,,,,,,,0.6960028343200684,,,
1749.36,66.66666666666666,,,,,,,,,0.6935381202697753,,,
1749.37,66.79946879150066,,,,,,,,,0.6960028343200684,,,
1759.3,66.79946879150066,,,,,,,,,0.6935381202697753,,,
1759.33,66.93227091633466,,,,,,,,,0.6960028343200684,,,
1769.02,66.93227091633466,,,,,,,,,0.6935381202697753,,,
1769.03,67.06507304116866,,,,,,,,,0.6960028343200684,,,
1771.07,67.06507304116866,,,,,0.29483293533325194,,,,,,,
1771.08,67.06507304116866,,,,,0.2948098907470703,,,,,,,
1771.09,67.19787516600265,,,,,0.2972746047973633,,,,,,,
1778.13,67.19787516600265,,,,,,,,,0.6935381202697753,,,
1778.14,67.33067729083665,,,,,,,,,0.6960028343200684,,,
1780.39,67.33067729083665,,,,,0.2948098907470703,,,,,,,
1780.4,67.46347941567065,,,,,0.2972746047973633,,,,,,,
1787.37,67.46347941567065,,,,,,,,,0.6935381202697753,,,
1787.38,67.59628154050465,,,,,,,,,0.6960028343200684,,,
1789.75,67.59628154050465,,,,,0.2948098907470703,,,,,,,
1789.77,67.72908366533864,,,,,0.2972746047973633,,,,,,,
1798.03,67.72908366533864,,,,,,,,,0.6935381202697753,,,
1798.14,67.86188579017264,,,,,,,,,0.6960028343200684,,,
1799.29,67.86188579017264,,,,,0.2948098907470703,,,,,,,
1799.31,67.99468791500664,,,,,0.2972746047973633,,,,,,,
1807.59,67.99468791500664,,,,,,,,,0.6935381202697753,,,
1807.6,68.12749003984064,,,,,,,,,0.6960028343200684,,,
1808.48,68.12749003984064,,,,,0.2948098907470703,,,,,,,
1808.49,68.26029216467462,,,,,0.2972746047973633,,,,,,,
1817.41,68.26029216467462,,,,,0.2948098907470703,,,,,,,
1817.49,68.39309428950862,,,,,0.2972746047973633,,,,,,,
1817.86,68.39309428950862,,,,,,,,,0.6935381202697753,,,
1817.87,68.52589641434263,,,,,,,,,0.6959850082397462,,,
1826.63,68.52589641434263,,,,,0.2948098907470703,,,,,,,
1826.65,68.65869853917663,,,,,0.34466204833984376,,,,,,,
1826.66,68.65869853917663,,,,,0.3612794342041016,,,,,,,
1826.67,68.65869853917663,,,,,0.4277489776611328,,,,,,,
1826.68,68.65869853917663,,,,,0.4609837493896485,,,,,,,
1826.69,68.65869853917663,,,,,0.5274532928466796,,,,,,,
1826.7,68.65869853917663,,,,,0.5606880645751954,,,,,,,
1826.72,68.65869853917663,,,,,0.6105402221679688,,,,,,,
1826.73,68.65869853917663,,,,,0.6437749938964844,,,,,,,
1826.74,68.65869853917663,,,,,0.6936271514892578,,,,,,,
1826.75,68.65869853917663,,,,,0.8265662384033203,,,,,,,
1827.66,68.79150066401061,,,,,0.8290131263732909,,,,,,,
1828.25,68.92430278884461,,,,,,,,,0.6959850082397462,,,
1836.78,68.92430278884461,,,,,0.8265662384033203,,,,,,,
1836.8,69.05710491367861,,,,,0.8290131263732909,,,,,,,
1838.37,69.05710491367861,,,,,,,,,0.6935381202697753,,,
1838.38,69.18990703851262,,,,,,,,,0.6959850082397462,,,
1846.98,69.18990703851262,,,,,,,,,0.6935381202697753,,,
1846.99,69.3227091633466,,,,,,,,,0.6959850082397462,,,
1851.5,69.4555112881806,,,,,0.8290157318115234,,,,,,,
1856.14,69.4555112881806,,,,,,,,,0.6935381202697753,,,
1856.15,69.5883134130146,,,0.04923530578613281,,,,,,0.6959876136779785,,,
1856.16,69.5883134130146,,,0.11570485305786134,,,,,,,,,
1860.83,69.7211155378486,,,,,0.8265662384033203,,,,,,,
1860.84,69.85391766268259,,,,,0.8290157318115234,,,,,,,
1865.19,69.85391766268259,,,,,,,,,0.6935381202697753,,,
1865.2,69.98671978751659,,,,,,,,,0.6959876136779785,,,
1870.24,69.98671978751659,,,,,0.8265662384033203,,,,,,,
1870.25,70.11952191235059,,,,,0.8290157318115234,,,,,,,
1874.22,70.11952191235059,,,,,,,,,0.6935381202697753,,,
1874.24,70.2523240371846,,,,,,,,,0.6959876136779785,,,
1879.18,70.2523240371846,,,,,0.8265662384033203,,,,,,,
1879.19,70.38512616201858,,,,,0.8265671119689941,,,,,,,
1879.2,70.38512616201858,,,,,0.8290157318115234,,,,,,,
1883.12,70.38512616201858,,,,,,,,,0.6935381202697753,,,
1883.13,70.51792828685258,,,,,,,,,0.6959876136779785,,,
1892.19,70.51792828685258,,,,,,,,,0.6935381202697753,,,
1892.2,70.65073041168658,,,,,,,,,0.6959876136779785,,,
1894.02,70.65073041168658,,,,,0.8265662384033203,,,,,,,
1894.03,70.78353253652058,,,,,0.8290157318115234,,,,,,,
1903.0,70.91633466135457,,,,,0.829015739440918,,,,,,,
1906.3,70.91633466135457,,,,,,,,,0.6935381202697753,,,
1906.31,71.04913678618857,,,,,,,,,0.6959876213073731,,,
1912.48,71.04913678618857,,,,,0.8265662384033203,,,,,,,
1912.49,71.18193891102257,,,,,0.829015739440918,,,,,,,
1914.88,71.18193891102257,,,,,,,,,0.6935381202697753,,,
1914.9,71.31474103585657,,,,,,,,,0.6959876213073731,,,
1922.24,71.31474103585657,,,,,0.8265662384033203,,,,,,,
1922.25,71.44754316069056,,,,,0.829015739440918,,,,,,,
1923.73,71.44754316069056,,,,,,,,,0.6935381202697753,,,
1923.74,71.58034528552456,,,,,,,,,0.6959876213073731,,,
1932.32,71.58034528552456,,,,,,,,,0.6935381202697753,,,
1932.34,71.71314741035856,,,,,,,,,0.6959876213073731,,,
1941.03,71.71314741035856,,,,,,,,,0.6935381202697753,,,
1941.04,71.84594953519256,,,,,,,,,0.6959876213073731,,,
1949.93,71.84594953519256,,,,,,,,,0.6935381202697753,,,
1949.95,71.97875166002655,,,,,,,,,0.6959876213073731,,,
1951.78,71.97875166002655,,,,,0.8265662384033203,,,,,,,
1951.79,72.11155378486055,,,,,0.829015739440918,,,,,,,
1958.64,72.11155378486055,,,,,,,,,0.6935381202697753,,,
1958.65,72.24435590969455,,,,,,,,,0.6959828071594237,,,
1960.88,72.24435590969455,,,,,0.8265662384033203,,,,,,,
1960.9,72.37715803452855,,,,,0.859801010131836,,,,,,,
1960.91,72.37715803452855,,,,,0.8930357818603516,,,,,,,
1960.92,72.37715803452855,,,,,1.0093574829101564,,,,,,,
1961.22,72.50996015936254,,,,,1.0093684387207031,,,,,,,
1961.23,72.50996015936254,,,,,1.0118021697998045,,,,,,,
1968.49,72.50996015936254,,,,,,,,,0.6935381202697753,,,
1968.5,72.64276228419654,,,,,,,,,0.6959828071594237,,,
1970.18,72.64276228419654,,,,,1.0093574829101564,,,,,,,
1970.19,72.77556440903054,,,,,1.0118021697998045,,,,,,,
1977.47,72.77556440903054,,,,,,,,,0.6935381202697753,,,
1977.48,72.90836653386454,,,,,,,,,0.6959830360412598,,,
1979.57,72.90836653386454,,,,,1.0093574829101564,,,,,,,
1979.59,73.04116865869852,,,0.18217440414428712,,1.0118023986816407,,,,,,,
1986.55,73.17397078353252,,,,,,,,,0.6935381202697753,,,
1986.56,73.30677290836653,,,,,,,,,0.6959830360412598,,,
1988.8,73.30677290836653,,,,,1.0093574829101564,,,,,,,
1988.81,73.43957503320053,,,,,1.0118023986816407,,,,,,,
1995.24,73.43957503320053,,,,,,,,,0.6935381202697753,,,
1995.25,73.57237715803451,,,,,,,,,0.6959830360412598,,,
1998.37,73.57237715803451,,,,,1.0093574829101564,,,,,,,
1998.38,73.70517928286851,,,,,1.0118023986816407,,,,,,,
2004.62,73.70517928286851,,,,,,,,,0.6935381202697753,,,
2004.63,73.83798140770251,,,,,,,,,0.6959830360412598,,,
2008.02,73.83798140770251,,,,,1.0093574829101564,,,,,,,
2008.03,73.97078353253652,,,,,1.0118023986816407,,,,,,,
2014.57,73.97078353253652,,,,,,,,,0.6935381202697753,,,
2014.58,74.1035856573705,,,,,,,,,0.6959830360412598,,,
2017.76,74.1035856573705,,,,,1.0093574829101564,,,,,,,
2017.77,74.2363877822045,,,,,1.0118023986816407,,,,,,,
2023.77,74.2363877822045,,,,,,,,,0.6935381202697753,,,
2023.78,74.3691899070385,,,,,,,,,0.6959991760253906,,,
2027.51,74.3691899070385,,,,,1.0093574829101564,,,,,,,
2027.56,74.5019920318725,,,0.34834828186035155,,1.0118185386657714,,,,,,,
2032.59,74.63479415670649,,,,,,,,,0.6935381202697753,,,
2032.6,74.76759628154049,,,,,,,,,0.6959991760253906,,,
2041.54,74.76759628154049,,,,,,,,,0.6935381202697753,,,
2041.55,74.9003984063745,,,,,,,,,0.6959991760253906,,,
2047.11,74.9003984063745,,,,,1.0093574829101564,,,,,,,
2047.12,75.0332005312085,,,,,1.0118185386657714,,,,,,,
2051.83,75.0332005312085,,,,,,,,,0.6935381202697753,,,
2051.84,75.1660026560425,,,,,,,,,0.6959991760253906,,,
2057.47,75.1660026560425,,,,,1.0093574829101564,,,,,,,
2057.48,75.2988047808765,,,,,1.0118185386657714,,,,,,,
2060.9,75.2988047808765,,,,,,,,,0.6935381202697753,,,
2060.91,75.4316069057105,,,,,,,,,0.6959991760253906,,,
2066.86,75.4316069057105,,,,,1.0093574829101564,,,,,,,
2066.87,75.56440903054448,,,,,1.0118185386657714,,,,,,,
2070.58,75.56440903054448,,,,,,,,,0.6935381202697753,,,
2070.59,75.69721115537848,,,,,,,,,0.6959991760253906,,,
2075.83,75.69721115537848,,,,,1.0093574829101564,,,,,,,
2075.84,75.83001328021248,,,,,1.0118185462951659,,,,,,,
2079.5,75.96281540504648,,,,,,,,,0.6935381202697753,,,
2079.51,75.96281540504648,,,,,,,,,0.6959991836547852,,,
2081.58,75.96281540504648,,,,,0.0,,,,,,,
2081.59,75.96281540504648,,,,,0.0,,,,,,,
2088.33,75.96281540504648,,,,,,,,,0.6959991760253906,,,
2097.05,76.09561752988047,,,,,,,,,0.7101555061340332,,,
2097.07,76.22841965471447,,,,,,,,,0.7126165618896485,,,
2106.09,76.22841965471447,,,,,,,,,0.726772891998291,,,
2106.1,76.36122177954847,,,,,,,,,0.7292339477539063,,,
2116.65,76.36122177954847,,,,,,,,,0.7433902778625487,,,
2116.66,76.49402390438247,,,,,,,,,0.745851333618164,,,
2126.02,76.49402390438247,,,,,,,,,0.7600076637268066,,,
2126.03,76.62682602921646,,,,,,,,,0.7624687271118165,,,
2135.45,76.62682602921646,,,,,,,,,0.7600076637268066,,,
2135.47,76.75962815405046,,,,,,,,,0.7624687271118165,,,
2145.14,76.75962815405046,,,,,,,,,0.7600076637268066,,,
2145.15,76.89243027888446,,,,,,,,,0.7624687271118165,,,
2154.24,76.89243027888446,,,,,,,,,0.7600076637268066,,,
2154.25,77.02523240371846,,,,,,,,,0.7624687271118165,,,
2164.19,77.02523240371846,,,,,,,,,0.7600076637268066,,,
2164.2,77.15803452855245,,,,,,,,,0.7624687271118165,,,
2172.9,77.15803452855245,,,,,,,,,0.7600076637268066,,,
2172.91,77.29083665338645,,,,,,,,,0.7624687271118165,,,
2182.41,77.29083665338645,,,,,,,,,0.7600076637268066,,,
2182.42,77.42363877822045,,,,,,,,,0.7624687271118165,,,
2191.81,77.42363877822045,,,,,,,,,0.7600076637268066,,,
2191.82,77.55644090305445,,,,,,,,,0.7624687271118165,,,
2200.89,77.55644090305445,,,,,,,,,0.7600076637268066,,,
2200.91,77.68924302788844,,,,,,,,,0.7624687271118165,,,
2210.74,77.68924302788844,,,,,,,,,0.7600076637268066,,,
2210.75,77.82204515272244,,,,,,,,,0.7624687271118165,,,
2220.73,77.82204515272244,,,,,,,,,0.7600076637268066,,,
2220.74,77.95484727755644,,,,,,,,,0.7624687271118165,,,
2230.99,77.95484727755644,,,,,,,,,0.7600076637268066,,,
2231.0,78.08764940239044,,,,,,,,,0.7624687271118165,,,
2240.47,78.08764940239044,,,,,,,,,0.7600076637268066,,,
2240.48,78.22045152722443,,,,,,,,,0.7624687271118165,,,
2249.65,78.22045152722443,,,,,,,,,0.7600076637268066,,,
2249.67,78.35325365205843,,,,,,,,,0.7624687271118165,,,
2259.35,78.35325365205843,,,,,,,,,0.7600076637268066,,,
2259.36,78.48605577689243,,,,,,,,,0.7624687271118165,,,
2269.11,78.48605577689243,,,,,,,,,0.7600076637268066,,,
2269.13,78.61885790172643,,,,,,,,,0.7624687271118165,,,
2279.56,78.61885790172643,,,,,,,,,0.7600076637268066,,,
2279.58,78.75166002656042,,,,,,,,,0.7624687271118165,,,
2283.1,78.75166002656042,,,,,,,,,,,0.0,
2283.11,78.75166002656042,,,,,,,,,,,0.0024610633850097657,
2288.49,78.75166002656042,,,,,,,,,0.7600076637268066,,,
2288.5,78.88446215139442,,,,,,,,,0.7624687271118165,,,
2297.62,78.88446215139442,,,,,,,,,0.7600076637268066,,,
2297.63,79.01726427622842,,,,,,,,,0.7624687271118165,,,
2298.82,79.01726427622842,,,,,,,,,,,0.0,
2298.84,79.15006640106242,,,,,,,,,,,0.0024610633850097657,
2308.66,79.15006640106242,,,,,,,,,,,0.0,
2308.68,79.2828685258964,,,,,,,,,,,0.0024610633850097657,
2312.44,79.2828685258964,,,,,,,,,0.7600076637268066,,,
2312.45,79.4156706507304,,,,,,,,,0.7624687271118165,,,
2318.25,79.4156706507304,,,,,,,,,,,0.0,
2318.27,79.5484727755644,,,,,,,,,,,0.0024610633850097657,
2321.42,79.5484727755644,,,,,,,,,0.7600076637268066,,,
2321.44,79.6812749003984,,,,,,,,,0.7624687271118165,,,
2328.18,79.6812749003984,,,,,,,,,,,0.0,
2328.19,79.8140770252324,,,,,,,,,,,0.0024610633850097657,
2330.29,79.8140770252324,,,,,,,,,0.7600076637268066,,,
2330.3,79.9468791500664,,,,,,,,,0.7624687271118165,,,
2337.84,79.9468791500664,,,,,,,,,,,0.0,
2337.85,80.0796812749004,,,,,,,,,,,0.0024610633850097657,
2339.24,80.0796812749004,,,,,,,,,0.7600076637268066,,,
2339.25,80.2124833997344,,,,,,,,,0.7624687271118165,,,
2348.18,80.2124833997344,,,,,,,,,,,0.0,
2348.3,80.34528552456838,,,,,,,,,,,0.0024610633850097657,
2348.9,80.34528552456838,,,,,,,,,0.7600076637268066,,,
2348.91,80.47808764940238,,,,,,,,,0.7624687271118165,,,
2358.75,80.47808764940238,,,,,,,,,0.7600076637268066,,,
2358.76,80.61088977423638,,,,,,,,,0.7624687271118165,,,
2358.78,80.61088977423638,,,,,,,,,,,0.0,
2358.79,80.74369189907038,,,,,,,,,,,0.0024610633850097657,
2369.43,80.74369189907038,,,,,,,,,0.7600076637268066,,,
2369.45,80.87649402390437,,,,,,,,,0.7624687271118165,,,
2393.74,80.87649402390437,,,,,,,,,0.7600076637268066,,,
2393.75,81.00929614873837,,,,,,,,,0.7624687271118165,,,
2394.2,81.00929614873837,,,,,,,,,,,0.0,
2394.22,81.14209827357237,,,,,,,,,,,0.0024610633850097657,
2403.45,81.14209827357237,,,,,,,,,0.7600076637268066,,,
2403.48,81.27490039840637,,,,,,,,,0.7624687271118165,,,
2403.75,81.27490039840637,,,,,,,,,,,0.0,
2403.76,81.40770252324036,,,,,,,,,,,0.0024458847045898437,
2412.38,81.40770252324036,,,,,,,,,0.7600076637268066,,,
2412.4,81.54050464807436,,,,,,,,,0.7766250534057617,,,
2412.41,81.54050464807436,,,,,,,,,0.8264772224426269,,,
2412.42,81.54050464807436,,,,,,,,,0.9095641708374024,,,
2413.09,81.67330677290836,,,,,,,,,0.9095650444030762,,,
2413.1,81.67330677290836,,,,,,,,,0.9120100555419922,,,
2413.52,81.67330677290836,,,,,,,,,,,0.0,
2413.53,81.80610889774236,,,,,,,,,,,0.0024458847045898437,
2422.54,81.80610889774236,,,,,,,,,0.9095641708374024,,,
2422.55,81.93891102257635,,,,,,,,,0.9120100555419922,,,
2424.07,81.93891102257635,,,,,,,,,,,0.0,
2424.09,82.07171314741035,,,,,,,,,,,0.0024458847045898437,
2431.7,82.07171314741035,,,,,,,,,0.9095641708374024,,,
2431.72,82.20451527224435,,,,,,,,,0.9120100555419922,,,
2433.82,82.20451527224435,,,,,,,,,,,0.0,
2433.84,82.33731739707835,,,,,,,,,,,0.0024458847045898437,
2440.63,82.33731739707835,,,,,,,,,0.9095641708374024,,,
2440.65,82.47011952191234,,,,,,,,,0.9120091972351075,,,
2443.9,82.47011952191234,,,,,,,,,,,0.0,
2443.91,82.60292164674634,,,,,,,,,,,0.016617385864257813,
2443.92,82.60292164674634,,,,,,,,,,,0.049852157592773436,
2444.11,82.73572377158034,,,,,,,,,,,0.05230452728271484,
2451.51,82.73572377158034,,,,,,,,,0.9095641708374024,,,
2451.52,82.86852589641434,1.4937074546813967,,,,,,,,0.9120165405273437,,,
2454.51,83.00132802124833,,,,,,,,,,,0.049852157592773436,
2454.52,83.13413014608233,,,,,,,,,,,0.05230452728271484,
2460.53,83.13413014608233,,,,,,,,,0.9095641708374024,,,
2460.54,83.26693227091633,,,,,,,,,0.9120165405273437,,,
2464.26,83.26693227091633,,,,,,,,,,,0.049852157592773436,
2464.27,83.39973439575033,,,,,,,,,,,0.05230452728271484,
2469.48,83.39973439575033,,,,,,,,,0.9095641708374024,,,
2469.5,83.53253652058432,,,,,,,,,0.9120165405273437,,,
2474.1,83.53253652058432,,,,,,,,,,,0.049852157592773436,
2474.11,83.66533864541832,,,,,,,,,,,0.05230452728271484,
2478.25,83.66533864541832,,,,,,,,,0.9095641708374024,,,
2478.26,83.79814077025232,,,,,,,,,0.9120165405273437,,,
2484.66,83.79814077025232,,,,,,,,,,,0.049852157592773436,
2484.67,83.93094289508632,,,,,,,,,,,0.05230452728271484,
2487.69,83.93094289508632,,,,,,,,,0.9095641708374024,,,
2487.7,84.0637450199203,,,,,,,,,0.9120165405273437,,,
2494.74,84.0637450199203,,,,,,,,,,,0.049852157592773436,
2494.75,84.1965471447543,,,,,,,,,,,0.052304534912109374,
2497.85,84.1965471447543,,,,,,,,,0.9095641708374024,,,
2497.86,84.3293492695883,,,,,,,,,0.9120165481567383,,,
2504.66,84.3293492695883,,,,,,,,,,,0.049852157592773436,
2504.69,84.4621513944223,,,,,,,,,,,0.052304534912109374,
2506.73,84.4621513944223,,,,,,,,,0.9095641708374024,,,
2506.74,84.5949535192563,,,,,,,,,0.9120165481567383,,,
2516.02,84.5949535192563,,,,,,,,,,,0.049852157592773436,
2516.03,84.7277556440903,,,,,,,,,,,0.052304534912109374,
2516.66,84.7277556440903,,,,,,,,,0.9095641708374024,,,
2516.67,84.8605577689243,,,,,,,,,0.9120165481567383,,,
2525.45,84.8605577689243,,,,,,,,,0.9095641708374024,,,
2525.47,84.9933598937583,,,,,,,,,0.9120165481567383,,,
2526.25,84.9933598937583,,,,,,,,,,,0.049852157592773436,
2526.26,85.12616201859228,,,,,,,,,,,0.052304534912109374,
2534.3,85.12616201859228,,,,,,,,,0.9095641708374024,,,
2534.32,85.25896414342628,,,,,,,,,0.9120165481567383,,,
2536.25,85.25896414342628,,,,,,,,,,,0.049852157592773436,
2536.26,85.39176626826028,,,,,,,,,,,0.052304534912109374,
2543.05,85.39176626826028,,,,,,,,,0.9095641708374024,,,
2543.06,85.52456839309428,,,,,,,,,0.9120165481567383,,,
2546.85,85.52456839309428,,,,,,,,,,,0.049852157592773436,
2546.86,85.65737051792827,,,,,,,,,,,0.052306774139404294,
2551.94,85.65737051792827,,,,,,,,,0.9095641708374024,,,
2551.97,85.79017264276227,,,0.38158305740356446,,,,,,0.9120187873840332,,,
2551.98,85.79017264276227,,,0.4314352226257324,,,,,,,,,
2551.99,85.79017264276227,,,0.46466999816894533,,,,,,,,,
2552.0,85.79017264276227,,,0.564374324798584,,,,,,,,,
2552.01,85.79017264276227,,,0.6142264862060547,,,,,,,,,
2552.02,85.79017264276227,,,0.6973134231567383,,,,,,,,,
2556.62,85.92297476759627,,,,,,,,,,,0.049852157592773436,
2556.64,86.05577689243027,,,,,,,,,,,0.052306774139404294,
2561.25,86.05577689243027,,,,,,,,,0.9095641708374024,,,
2561.33,86.18857901726426,,,,,,,,,0.9120187873840332,,,
2580.34,86.18857901726426,,,,,,,,,,,0.049852157592773436,
2580.39,86.32138114209826,,,,,,,,,,,0.052306774139404294,
2621.99,86.32138114209826,,,,,,,,,0.9095641708374024,,,
2622.33,86.45418326693226,,,,,,,,,0.9120187873840332,,,
2697.25,86.58698539176626,,,,,,,,,,,0.049852157592773436,
2697.32,86.58698539176626,,,,,,,,,,,0.052306774139404294,
2710.98,86.58698539176626,,,,,,,,,0.9095641708374024,,,
2711.25,86.71978751660025,,,,,,,,,0.9120187873840332,,,
2794.36,86.71978751660025,,,,,,,,,0.9095641708374024,,,
2794.74,86.85258964143425,,,,,,,,,0.9120187873840332,,,
2803.81,86.85258964143425,,,,,,,,,,,0.049852157592773436,
2804.07,86.98539176626825,,,,,,,,,,,0.052306774139404294,
2813.29,86.98539176626825,,,,,,,,,0.9095641708374024,,,
2813.36,87.11819389110225,,,,,,,,,0.9120187950134276,,,
2823.81,87.11819389110225,,,,,,,,,0.9095641708374024,,,
2823.9,87.25099601593624,,,,,,,,,0.9120187950134276,,,
2838.34,87.25099601593624,,,,,,,,,0.9095641708374024,,,
2838.75,87.38379814077024,,,,,,,,,0.9120187950134276,,,
2848.77,87.38379814077024,,,,,,,,,0.9095641708374024,,,
2848.79,87.51660026560424,,,,,,,,,0.9120187950134276,,,
2858.26,87.51660026560424,,,,,,,,,0.9095641708374024,,,
2858.47,87.64940239043824,,,,,,,,,0.9120187950134276,,,
2868.18,87.64940239043824,,,,,,,,,0.9095641708374024,,,
2868.2,87.78220451527223,,,,,,,,,0.9120187950134276,,,
2884.5,87.78220451527223,,,,,,,,,0.9095641708374024,,,
2884.53,87.91500664010623,,,,,,,,,0.9120187950134276,,,
2896.94,87.91500664010623,,,,,,,,,,,0.049852157592773436,
2897.28,88.04780876494023,,,,,,,,,,,0.05230678176879883,
2900.11,88.04780876494023,,,,,,,,,0.9095641708374024,,,
2900.18,88.18061088977423,,,,,,,,,0.9120187950134276,,,
2910.25,88.18061088977423,,,,,,,,,0.9095641708374024,,,
2910.27,88.31341301460822,,,,,,,,,0.9120187950134276,,,
2919.25,88.31341301460822,,,,,,,,,0.9095641708374024,,,
2919.26,88.44621513944223,,,,,,,,,0.9120187950134276,,,
2920.53,88.44621513944223,,,,,,,,,,,0.049852157592773436,
2920.54,88.57901726427623,,,,,,,,,,,0.05230678176879883,
2928.27,88.57901726427623,,,,,,,,,0.9095641708374024,,,
2928.28,88.71181938911022,,,,,,,,,0.9120187950134276,,,
2930.53,88.71181938911022,,,,,,,,,,,0.049852157592773436,
2930.54,88.84462151394422,,,,,,,,,,,0.05230678176879883,
2937.0,88.97742363877822,,,,,,,,,0.9120187950134276,,,
2940.31,88.97742363877822,,,,,,,,,,,0.049852157592773436,
2940.32,89.11022576361222,,,,,,,,,,,0.05230678176879883,
2945.97,89.11022576361222,,,,,,,,,0.9095641708374024,,,
2945.98,89.2430278884462,,,,,,,,,0.9120187950134276,,,
2950.53,89.2430278884462,,,,,,,,,,,0.049852157592773436,
2950.54,89.37583001328021,,,,,,,,,,,0.05229893875122071,
2954.7,89.37583001328021,,,,,,,,,0.9095641708374024,,,
2954.74,89.50863213811421,,,,,,,,,0.9760337295532227,,,
2954.75,89.50863213811421,,,,,,,,,1.059120677947998,,,
2955.19,89.64143426294821,,,,,,,,,1.0615674591064452,,,
2961.45,89.64143426294821,,,,,,,,,,,0.049852157592773436,
2961.47,89.7742363877822,,,,,,,,,,,0.05229893875122071,
2964.24,89.7742363877822,,,,,,,,,1.059120677947998,,,
2964.25,89.9070385126162,,,,,,,,,1.0615674591064452,,,
2971.47,89.9070385126162,,,,,,,,,,,0.049852157592773436,
2971.48,90.0398406374502,,,,,,,,,,,0.05229893875122071,
2973.4,90.0398406374502,,,,,,,,,1.059120677947998,,,
2973.42,90.1726427622842,,,,,,,,,1.0615674591064452,,,
2981.5,90.30544488711818,,,,,,,,,,,0.05229893875122071,
2982.16,90.30544488711818,,,,,,,,,1.059120677947998,,,
2982.17,90.43824701195219,,,,,,,,,1.0615674591064452,,,
2991.04,90.43824701195219,,,,,,,,,1.059120677947998,,,
2991.05,90.57104913678619,,,,,,,,,1.0615674591064452,,,
2991.45,90.57104913678619,,,,,,,,,,,0.049852157592773436,
2991.48,90.70385126162019,,,,,,,,,,,0.05229893875122071,
3000.74,90.70385126162019,,,,,,,,,1.059120677947998,,,
3000.75,90.83665338645417,,,,,,,,,1.06156746673584,,,
3001.44,90.83665338645417,,,,,,,,,,,0.049852157592773436,
3001.45,90.96945551128817,,,,,,,,,,,0.05229894638061523,
3010.49,90.96945551128817,,,,,,,,,1.059120677947998,,,
3010.5,91.10225763612218,,,,,,,,,1.06156746673584,,,
3012.58,91.10225763612218,,,,,,,,,,,0.049852157592773436,
3012.59,91.23505976095618,,,,,,,,,,,0.05229894638061523,
3020.25,91.23505976095618,,,,,,,,,1.059120677947998,,,
3020.26,91.36786188579016,,,,,,,,,1.06156746673584,,,
3022.58,91.36786188579016,,,,,,,,,,,0.049852157592773436,
3022.59,91.50066401062416,,,,,,,,,,,0.05229821014404297,
3029.32,91.50066401062416,,,,,,,,,1.059120677947998,,,
3029.33,91.63346613545816,,,,,,,,,1.0615667304992675,,,
3029.34,91.63346613545816,,,0.713930809020996,,,,,,,,,
3029.35,91.63346613545816,,,0.7804003639221191,,,,,,,,,
3029.36,91.63346613545816,,,0.8302525291442872,,,,,,,,,
3029.37,91.63346613545816,,,0.8801046905517578,,,,,,,,,
3029.38,91.63346613545816,,,0.9465742378234863,,,,,,,,,
3032.55,91.76626826029216,,,,,,,,,,,0.049852157592773436,
3032.56,91.89907038512615,,,,,,,,,,,0.05229821014404297,
3038.05,91.89907038512615,,,,,,,,,1.059120677947998,,,
3038.06,92.03187250996015,,,,,,,,,1.0615667304992675,,,
3042.5,92.16467463479415,,,,,,,,,,,0.05229821014404297,
3046.8,92.16467463479415,,,,,,,,,1.059120677947998,,,
3046.81,92.29747675962815,,,,,,,,,1.0615667304992675,,,
3053.02,92.29747675962815,,,,,,,,,,,0.049852157592773436,
3053.03,92.43027888446214,,,,,,,,,,,0.05229821014404297,
3056.25,92.56308100929614,,,,,,,,,1.0615667304992675,,,
3062.84,92.56308100929614,,,,,,,,,,,0.049852157592773436,
3062.85,92.69588313413014,,,,,,,,,,,0.05229821014404297,
3065.28,92.69588313413014,,,,,,,,,1.059120677947998,,,
3065.3,92.82868525896414,,,,,,,,,1.0615667304992675,,,
3072.81,92.82868525896414,,,,,,,,,,,0.049852157592773436,
3072.82,92.96148738379813,,,,,,,,,,,0.0522982177734375,
3074.34,92.96148738379813,,,,,,,,,1.059120677947998,,,
3074.35,93.09428950863213,,,,,,,,,1.061566738128662,,,
3082.77,93.09428950863213,,,,,,,,,,,0.049852157592773436,
3082.78,93.22709163346613,,,,,,,,,,,0.0522982177734375,
3084.75,93.22709163346613,,,,,,,,,1.059120677947998,,,
3084.76,93.35989375830013,,,,,,,,,1.0615643997192383,,,
3092.5,93.49269588313412,,,,,,,,,,,0.052292194366455075,
3092.51,93.49269588313412,,,0.9964263992309571,,,,,,,,,
3092.52,93.49269588313412,,,1.046278564453125,,,,,,,,,
3092.53,93.49269588313412,,,1.096130729675293,,,,,,,,,
3092.54,93.49269588313412,,,1.1626002807617188,,,,,,,,,
3094.17,93.62549800796812,,,,,,,,,1.059120677947998,,,
3094.18,93.75830013280212,1.5103248405456542,,,,,,,,1.0615607147216797,,,
3103.14,93.89110225763612,,,,,,,,,,,0.049852157592773436,
3103.15,94.0239043824701,,,,,,,,,,,0.05230221939086915,
3103.76,94.0239043824701,,,,,,,,,1.059120677947998,,,
3103.78,94.15670650730411,,,1.1958350563049316,,,,,,1.0615707397460938,,,
3112.72,94.28950863213811,,,,,,,,,1.059120677947998,,,
3112.74,94.42231075697211,,,,,,,,,1.0615707397460938,,,
3114.68,94.42231075697211,,,,,,,,,,,0.049852157592773436,
3114.69,94.5551128818061,,,,,,,,,,,0.05230221939086915,
3121.47,94.5551128818061,,,,,,,,,1.059120677947998,,,
3121.48,94.6879150066401,,,,,,,,,1.0615707397460938,,,
3124.86,94.6879150066401,,,,,,,,,,,0.049852157592773436,
3124.87,94.8207171314741,,,,,,,,,,,0.05230221939086915,
3130.19,94.8207171314741,,,,,,,,,1.059120677947998,,,
3130.2,94.9535192563081,,,,,,,,,1.0615707397460938,,,
3135.19,94.9535192563081,,,,,,,,,,,0.049852157592773436,
3135.2,95.08632138114208,,,,,,,,,,,0.05230221939086915,
3139.85,95.08632138114208,,,,,,,,,1.059120677947998,,,
3139.86,95.21912350597609,,,,,,,,,1.0615707397460938,,,
3145.0,95.21912350597609,,,,,,,,,,,0.049852157592773436,
3145.02,95.35192563081009,,,,,,,,,,,0.05230221939086915,
3149.63,95.35192563081009,,,,,,,,,1.059120677947998,,,
3149.65,95.48472775564409,,,,,,,,,1.0615707473754883,,,
3155.25,95.48472775564409,,,,,,,,,,,0.049852157592773436,
3155.26,95.61752988047807,,,,,,,,,,,0.052302227020263665,
3158.98,95.61752988047807,,,,,,,,,1.059120677947998,,,
3158.99,95.75033200531207,,,,,,,,,1.0615707473754883,,,
3166.11,95.75033200531207,,,,,,,,,,,0.049852157592773436,
3166.12,95.88313413014608,,,,,,,,,,,0.052302227020263665,
3167.77,95.88313413014608,,,,,,,,,1.059120677947998,,,
3167.78,96.01593625498008,,,,,,,,,1.0615707473754883,,,
3175.97,96.01593625498008,,,,,,,,,,,0.049852157592773436,
3175.98,96.14873837981406,,,,,,,,,,,0.052302227020263665,
3177.32,96.14873837981406,,,,,,,,,1.059120677947998,,,
3177.34,96.28154050464806,,,,,,,,,1.0615707473754883,,,
3185.94,96.28154050464806,,,,,,,,,,,0.049852157592773436,
3185.95,96.41434262948206,,,,,,,,,,,0.052302227020263665,
3186.43,96.41434262948206,,,,,,,,,1.059120677947998,,,
3186.44,96.54714475431607,,,,,,,,,1.0615707473754883,,,
3195.06,96.54714475431607,,,,,,,,,1.059120677947998,,,
3195.1,96.67994687915005,,,,,,,,,1.0615707473754883,,,
3196.7,96.67994687915005,,,,,,,,,,,0.049852157592773436,
3196.77,96.81274900398405,,,,,,,,,,,0.052302227020263665,
3279.8,96.81274900398405,,,,,,,,,1.059120677947998,,,
3279.88,96.94555112881805,,,,,,,,,1.059132350921631,,,
3279.89,96.94555112881805,,,,,,,,,1.0615707473754883,,,
3321.94,96.94555112881805,,,,,,,,,,,0.049852157592773436,
3322.05,97.07835325365205,,,,,,,,,,,0.052302227020263665,
3370.38,97.07835325365205,,,,,,,,,1.059120677947998,,,
3370.39,97.21115537848604,,,,,,,,,1.0615707473754883,,,
3435.63,97.21115537848604,,,,,,,,,,,0.049852157592773436,
3435.88,97.34395750332004,,,,,,,,,,,0.052302227020263665,
3441.91,97.34395750332004,,,,,,,,,1.059120677947998,,,
3442.2,97.47675962815404,,,,,,,,,1.0615707473754883,,,
3451.84,97.47675962815404,,,,,,,,,1.059120677947998,,,
3451.9,97.60956175298804,,,,,,,,,1.0615707473754883,,,
3461.23,97.60956175298804,,,,,,,,,1.059120677947998,,,
3461.5,97.74236387782203,,,,,,,,,1.0615707473754883,,,
3476.15,97.74236387782203,,,,,,,,,1.059120677947998,,,
3476.37,97.87516600265603,,,,,,,,,1.0615707473754883,,,
3486.22,97.87516600265603,,,,,,,,,1.059120677947998,,,
3486.34,98.00796812749003,,,,,,,,,1.061561107635498,,,
3495.56,98.00796812749003,,,,,,,,,1.059120677947998,,,
3495.67,98.14077025232403,,,,,,,,,1.061561107635498,,,
3504.93,98.14077025232403,,,,,,,,,1.059120677947998,,,
3505.05,98.27357237715802,,,,,,,,,1.061561107635498,,,
3514.26,98.27357237715802,,,,,,,,,1.059120677947998,,,
3514.49,98.53917662682602,,,,,,,,,1.0615630111694334,,,
3523.79,98.53917662682602,,,,,,,,,,,0.049852157592773436,
3523.91,98.67197875166002,,,1.6777392921447754,,,,,,,,0.052294490814208984,
3524.51,98.80478087649401,,,,,,,,,1.059120677947998,,,
3524.61,98.93758300132801,,,,,,,,,1.0615630111694334,,,
3534.35,98.93758300132801,,,,,,,,,1.059120677947998,,,
3534.4,99.07038512616201,,,,,,,,,1.0615630111694334,,,
3545.49,99.07038512616201,,,,,,,,,1.059120677947998,,,
3545.51,99.20318725099601,,,,,,,,,1.0615630111694334,,,
3548.74,99.20318725099601,,,,,,,,,,,0.049852157592773436,
3548.75,99.33598937583,,,,,,,,,,,0.052294490814208984,
3554.45,99.33598937583,,,,,,,,,1.059120677947998,,,
3554.47,99.468791500664,,,,,,,,,1.0615630111694334,,,
3559.23,99.468791500664,,,,,,,,,,,0.049852157592773436,
3559.25,99.601593625498,,,,,,,,,,,0.052294490814208984,
3563.76,99.601593625498,,,,,,,,,1.059120677947998,,,
3575.0,99.734395750332,,,,,,,,,,,0.049852157592773436,
3575.01,99.86719787516599,,,,,,,,,1.0757380676269532,,,
3575.02,99.86719787516599,,,,,,,,,1.1089728469848632,,,
3575.25,99.99999999999999,0.0,0.0,0.0,,,0.0,0.0,0.0,0.0,0.0,0.0,
