time,10.32.90.205:54650:1,10.32.90.211:44704:1,10.32.90.227:42250:1,10.32.90.229:59322:1,10.32.90.243:60764:1,10.32.91.119:37632:1,10.32.91.125:50416:1,10.32.91.33:55202:1,10.32.91.35:59800:1,10.32.93.150:45960:1,10.32.93.255:37944:1
0.0,2.0,2.0,2.0,3.0,2.0,,,3.0,2.0,,
0.01,,,,,,2.0,2.0,,,,2.0
7.02,,,,,2.0,,,,,,
7.06,,,,,,,,,,,2.0
7.11,,,,,,,,,2.0,,
7.39,,,1.0,,,,,,,,
7.4,,,2.0,,,,,,,,
7.59,2.0,,,,,,,,,,
9.49,,,,,,,2.0,,,,
9.61,,,,,,,,,,,1.0
9.61,,,,,,,,,,,2.0
10.14,,,,,,,,,2.0,,
10.5,,,2.0,,2.0,,,,,,
10.88,,,,,,2.0,,,,,
10.95,,,,,,2.0,,,,,
11.12,,,,,,,1.0,,,,
11.13,,,,,,,2.0,,,,
11.5,,2.0,,,,,,,,,2.0
11.59,,,,3.0,,,,,,,
11.63,,,,3.0,,,,,,,
11.79,1.0,,,,,,,,,,
11.8,2.0,,,,,,,,,,
11.88,,2.0,,,,,,,,,
12.19,,,,,1.0,,,,,,
12.2,,,,,2.0,,,,,,
12.37,,,,,,,,,1.0,,
12.38,,,,,,,,,2.0,,
12.64,,,2.0,,,,,,,,
13.26,1.0,,,,,,,,,,
13.27,2.0,,,,,,,,,,
13.74,,,,,,,,,,,2.0
14.0,,,,3.0,,,,,,,
15.01,,,,,,,,,2.0,,
15.34,,,,,,,1.0,,,,
15.35,,,,,,,2.0,,,,
15.83,,,2.0,,,,,,,,
15.91,,,,,,,,,,,2.0
15.99,,,,,1.0,,,,,,
16.0,,,,,2.0,,,,,,
17.23,,,,,,2.0,,,,,
17.25,,,,3.0,,,,,,,
17.36,,,,,,,,,2.0,,
17.38,2.0,,,,,,,,,,
17.52,,,,,,,2.0,,,,
17.66,,2.0,,,,,,,,,
17.72,,,,,2.0,,,,,,
18.07,,2.0,,,,,,,,,
18.23,,,2.0,,,,,,,,
18.64,,,,,,,,,,,2.0
18.95,2.0,,,,,,,,,,
19.6,,,,,,,,3.0,,,
19.62,,,,,,,,3.0,,,
21.39,,,,,2.0,,,,,,
21.44,,,,,,,1.0,,,,
21.45,,,,,,,2.0,,,,
21.52,,,,,,,,,2.0,,
21.58,,,,,,,,,,,1.0
21.59,,,,,,,,,,,2.0
22.08,,,,3.0,,,,,,,
22.15,,,2.0,,,,,,,,
22.42,,,,,,2.0,,,,,
22.98,,,,,,,,,2.0,,
23.61,,,,,2.0,,,,,,
23.83,,,,,,2.0,,,,,
24.01,,,,,,,,,,,1.0
24.02,,,,,,,,,,,2.0
24.26,,2.0,,,,,,,,,
24.32,,,,,,,,3.0,,,
24.43,2.0,,,,,,,,,,
24.48,,,2.0,,,,,,,,
24.6,,,,,,,2.0,,,,
24.94,,,,,,,,3.0,,,
25.25,,,,,,,,3.0,,,
25.88,1.0,,,,,,,,,,
25.89,2.0,,,,,,,,,,
26.2,,,,,,,,,,,2.0
26.74,,,,,,,,,2.0,,
26.8,,,,3.0,1.0,,,,,,
26.81,,,,2.0,2.0,,,,,,
26.82,,,,3.0,,,,,,,
27.32,,,,3.0,,,,,,,
27.8,,,1.0,,,,,,,,
27.81,,,2.0,,,,,,,,
28.43,,,,,,,,,,,2.0
28.53,,,,,,,,,2.0,,
28.66,,,,,2.0,,,,,,
28.74,,,,,,,1.0,,,,
28.75,,,,,,,2.0,,,,
29.28,,1.0,,,,,,,,,
29.29,,2.0,,,,,,,,,
29.49,,,,,,,,3.0,,,
29.81,,,2.0,,,,,,,,
29.95,,,,,,,,2.0,,,
29.97,,,,,,,,3.0,,,
29.99,1.0,,,,,,,,,,
30.0,2.0,,,,,,,,,,
30.32,,,,,,1.0,,,,,
30.33,,,,,,2.0,,,,,
30.39,,,,,,,,3.0,,,
30.5,,2.0,,,,,,,,,
30.58,,,,,,,,,,,2.0
31.14,,,,,,,2.0,,,,
31.49,1.0,,,,,,,,,,
31.5,2.0,,,,,,,,,,
31.95,,,,,,,,,1.0,,
31.97,,,,,,,,,2.0,,
32.14,,,,,1.0,,,,,,
32.15,,,,,2.0,,,,,,
32.29,,,,3.0,,,,,,,
32.29,,,,3.0,,,,,,,
32.97,,,,3.0,,,,,,,
33.04,,,,,,,,,,,1.0
33.06,,,2.0,,,,,,,,2.0
33.79,,,,,,,,,2.0,,
33.9,,,,,2.0,,,,,,
34.47,,,,,,,2.0,,,,
35.04,,,,,,,,,,,1.0
35.04,,,,,,,,,,,2.0
35.1,,,,,,,,3.0,,,
35.18,,2.0,,,,,,,,,
35.27,,,,,,,,3.0,,,
35.36,,,2.0,,,,,,,,
35.54,2.0,,,,,,,,,,
35.88,,,,,,,,2.0,,,
35.89,,,,,,,,3.0,,,
35.9,,,,,,2.0,,,,,
36.15,,,,,,2.0,,,,,
37.04,,,,,,,2.0,,,,
37.04,,1.0,,,,,,,,,
37.06,,2.0,,,,,,,,,
37.45,2.0,,,,,,,,2.0,,
37.67,,,,,2.0,,,,,,
37.68,,,,,,,,,,,2.0
38.49,,,2.0,,,,,,,,
38.61,,,,3.0,,,,,,,
39.47,,,,,,,,,2.0,,
39.86,,,,,1.0,,,,,,
39.86,,,,,2.0,,,,,,
39.95,,,,,,,,,,,2.0
40.42,,,,,,,,2.0,,,
40.43,,,,,,,,3.0,,,
40.82,,2.0,,,,,,,,,
41.13,,,,,,,2.0,,,,
41.17,,,2.0,,,,,,,,
41.26,,,,,,,,3.0,,,
41.37,1.0,,,,,,,,,,
41.38,2.0,,,,,,,,,,
42.23,,,,,,,,,,,2.0
42.78,,,,,,,,,2.0,,
42.99,,1.0,,,,,,,,,
43.0,,2.0,,,,,,,,,
43.1,,,,,,,2.0,,,,
43.32,,,,,2.0,,,,,,
43.33,1.0,,,,,,,,,,
43.34,2.0,,,,,,,,,,
43.74,,,,2.0,,,,,,,
43.75,,,1.0,3.0,,,,,,,
43.76,,,2.0,,,,,,,,
43.9,,,,3.0,,,,,,,
44.4,,,,,,,,,,,2.0
44.56,,,,,,,,,2.0,,
45.52,,,,,1.0,,,,,,
45.53,,,,,2.0,,,,,,
45.57,,,,,,,,3.0,,,
45.87,,,,,,,,3.0,,,
46.19,,2.0,,,,,,,,,
46.25,,,,,,,,3.0,,,
46.42,,,,,,,1.0,,,,
46.43,,,,,,,5.0,,,,
46.5,,,,,,,,,,,5.0
46.69,,,5.0,,,,,,,,
46.79,3.0,,,,,,,,,,
46.8,5.0,,,,,,,,,,
47.4,,,,,,5.0,,,,,
48.09,,,,,,,,,4.0,,
48.1,,,,,,,,,5.0,,
48.44,,,,,3.0,,,,,,
48.45,,,,,5.0,,,,,,
48.55,,1.0,,,,,,,,,
48.56,,5.0,,,,,,,,,
48.63,,,,,,,,,,,4.0
48.64,,,,,,,,,,,8.0
48.66,,,,,,,8.0,,,,
48.77,,,,6.0,,,,,,,
48.78,4.0,,,,,,,,,,
48.79,8.0,,,,,,,,,,
48.94,,,,9.0,,,,,,,
49.17,,,,8.0,,,,,,,
49.18,,,,12.0,,,,,,,
49.3,,,4.0,,,,,,,,
49.31,,,8.0,,,,,,,,
49.43,,,,,,,,,4.0,,
49.44,,,,,,,,,8.0,,
50.93,,,,,6.0,,,,,,
50.94,,,,,8.0,,,,,,
51.0,,,,,,,,6.0,,,
51.01,,,,,,,,9.0,,,
51.12,,,,,,,7.0,,,,
51.13,,,,,,,8.0,,,,
51.2,,,,,,,,9.0,,,
51.24,,,,,,,6.0,,,,
51.36,,,,,,,5.0,,,,
51.63,,,7.0,,,,,,,,
51.66,,,6.0,,,,,,,,
51.73,,,5.0,,,,,,,,
51.77,,,4.0,,,,,,,,
52.3,7.0,,,,,,,,,,
52.32,,4.0,,,,,6.0,,,,
52.33,6.0,,,,,,,,,,
52.54,,,,,,4.0,,,,,
52.58,5.0,,,,,,,,,,
52.59,,,,,,3.0,,,,,
52.68,,,,,,1.0,,,,,
52.77,,,,,,,,,7.0,,
52.88,,,,,,,,,6.0,,
52.89,,,,,7.0,,,,,,
52.94,,,,,,,,,5.0,,
52.95,,,,,5.0,,,,,,
52.99,,,,,,,,,4.0,,
53.0,,,,,4.0,,,,,,
53.27,,,,,,1.0,,,,,
53.99,,,,,,,,,2.0,,
54.01,,,,11.0,,,,,,,
54.03,,,,,,,,,1.0,,
54.05,,,3.0,,,,,,,,
54.16,,,,,,,,,0.0,,
54.35,,3.0,,,,,,,,,
54.59,,,,,,,5.0,,,,
54.69,,,,,,,4.0,,,,
54.72,,,,,,,3.0,,,,
54.75,,,,,,,2.0,,,,
55.45,,,,,,,,8.0,,,
55.47,,,,,3.0,,,,,,
55.52,,,,,2.0,,,,,,
55.65,,,,,1.0,,,,,,
55.87,,,,,0.0,,,,,,
56.2,,,,,,,1.0,,,,
56.97,,,,,,,0.0,,,,
57.58,,,,,,0.0,,,,,
57.94,4.0,,,,,,,,,,
57.95,3.0,,,,,,,,,,
57.97,2.0,,,,,,,,,,
58.02,1.0,,,,,,,,,,
59.05,,2.0,,,,,,,,,
59.1,,1.0,,,,,,,,,
59.13,,,2.0,,,,,,,,
59.16,,,1.0,,,,,,,,
59.25,,,0.0,,,,,,,,
59.79,,,,10.0,,,,,,,
59.8,,,,9.0,,,,,,,
59.85,,,,8.0,,,,,,,
61.33,,,,,,,,7.0,,,
61.37,,,,,,,,6.0,,,
61.39,,,,,,,,4.0,,,
61.52,,,,,,,,3.0,,,
62.13,0.0,,,,,,,,,,
63.94,,0.0,,,,,,,,,
65.44,,,,,,,,2.0,,,
65.48,,,,,,,,1.0,,,
65.56,,,,,,,,0.0,,,
65.56,,,,,,,,1.0,,,
65.7,,,,7.0,,,,,,,
70.67,,,,4.0,,,,,,,
70.73,,,,3.0,,,,,,,
75.28,,,,,,,,0.0,,,
75.29,,,,,,,,1.0,,,
75.48,,,,2.0,,,,,,,
84.54,,,,,,,,0.0,,,
84.55,,,,,,,,1.0,,,
89.58,,,,1.0,,,,,,,
89.67,,,,0.0,,,,,,,
89.69,,,,1.0,,,,,,,
93.34,,,,,,,,1.0,,,
97.16,,,,,,,,,,,7.0
99.05,,,,0.0,,,,,,,
99.06,,,,1.0,,,,,,,
101.9,,,,,,,,1.0,,,
108.15,,,,0.0,,,,,,,
108.17,,,,1.0,,,,,,,
110.69,,,,,,,,1.0,,,
117.28,,,,,,,,,,,6.0
117.31,,,,,,,,,,,5.0
117.34,,,,,,,,,,,4.0
117.57,,,,,,,,,,,3.0
117.6,,,,,,,,,,,2.0
117.65,,,,,,,,,,,1.0
117.8,,,,,,,,,,,0.0
118.15,,,,0.0,,,,,,,
118.16,,,,1.0,,,,,,,
119.57,,,,,,,,0.0,,,
119.58,,,,,,,,1.0,,,
127.4,,,,0.0,,,,,,,
127.41,,,,1.0,,,,,,,
129.34,,,,,,,,0.0,,,
129.35,,,,,,,,1.0,,,
136.59,,,,0.0,,,,,,,
136.6,,,,1.0,,,,,,,
136.63,1.0,,,,,,,,,,
136.72,0.0,,,,,,,,,,
138.94,,,,,,,,0.0,,,
138.94,,,,,,,,1.0,,,
145.47,,,,0.0,,,,,,,
145.47,,,,1.0,,,,,,,
147.65,,,,,,,,0.0,,,
147.66,,,,,,,,1.0,,,
154.69,,,,0.0,,,,,,,
154.69,,,,1.0,,,,,,,
157.44,,,,,,,,0.0,,,
157.47,,,,,,,,1.0,,,
163.68,,,,0.0,,,,,,,
163.69,,,,1.0,,,,,,,
166.27,,,,,,,,0.0,,,
166.28,,,,,,,,1.0,,,
173.82,,,,0.0,,,,,,,
173.83,,,,1.0,,,,,,,
176.5,,,,,,,,0.0,,,
176.51,,,,,,,,1.0,,,
183.76,,,,0.0,,,,,,,
183.77,,,,1.0,,,,,,,
186.3,,,,,,,,0.0,,,
186.32,,,,,,,,1.0,,,
193.3,,,,0.0,,,,,,,
193.31,,,,1.0,,,,,,,
202.24,,,,0.0,,,,,,,
202.25,,,,1.0,,,,,,,
212.26,,,,0.0,,,,,,,
212.28,,,,1.0,,,,,,,
216.48,,,,,,,,0.0,,,
216.49,,,,,,,,1.0,,,
221.84,,,,0.0,,,,,,,
221.85,,,,1.0,,,,,,,
225.98,,,,,,,,0.0,,,
225.99,,,,,,,,1.0,,,
231.25,,,,0.0,,,,,,,
231.26,,,,1.0,,,,,,,
235.3,,,,,,,,0.0,,,
235.32,,,,,,,,1.0,,,
240.24,,,,0.0,,,,,,,
240.25,,,,1.0,,,,,,,
240.68,,,,,,,,,,,0.0
243.91,,,,,,,,0.0,,,
243.92,,,,,,,,1.0,,,
250.26,,,,0.0,,,,,,,
250.27,,,,1.0,,,,,,,
253.16,,,,,,,,0.0,,,
253.18,,,,,,,,1.0,,,
260.18,,,,0.0,,,,,,,
260.19,,,,1.0,,,,,,,
262.12,,,,,,,,0.0,,,
262.13,,,,,,,,1.0,,,
269.14,,,,0.0,,,,,,,
269.16,,,,1.0,,,,,,,
271.2,,,,,,,,0.0,,,
271.23,,,,,,,,1.0,,,
278.25,,,,1.0,,,,,,,
280.17,,,,,,,,0.0,,,
280.18,,,,,,,,1.0,,,
287.51,,,,0.0,,,,,,,
287.52,,,,1.0,,,,,,,
290.32,,,,,,,,0.0,,,
290.36,,,,,,,,1.0,,,
297.85,,,,0.0,,,,,,,
297.87,,,,1.0,,,,,,,
300.63,,,,,,,,0.0,,,
300.64,,,,,,,,1.0,,,
307.19,,,,0.0,,,,,,,
307.2,,,,1.0,,,,,,,
310.47,,,,,,,,0.0,,,
310.48,,,,,,,,1.0,,,
316.83,,,,0.0,,,,,,,
316.91,,,,1.0,,,,,,,
317.11,,,,0.0,,,,,,,
318.11,,,,1.0,,,,,,,
320.44,,,,,,,,0.0,,,
320.45,,,,,,,,1.0,,,
327.85,,,,0.0,,,,,,,
327.86,,,,1.0,,,,,,,
329.87,,,,,,,,0.0,,,
329.88,,,,,,,,1.0,,,
338.92,,,,0.0,,,,,,,
339.08,,,,1.0,,,,,,,
340.6,,,,,,,,0.0,,,
340.62,1.0,,,,,,,,,,
340.76,0.0,,,,,,,,,,
340.8,,,,,,,,1.0,,,
406.2,,,,,,,,0.0,,,
406.7,,,,,,,,1.0,,,
423.25,,,,0.0,,,,,,,
423.29,,,,1.0,,,,,,,
439.0,,,,0.0,,,,,,,
439.07,,,,1.0,,,,,,,
450.89,,,,0.0,,,,,,,
450.91,,,,1.0,,,,,,,
461.4,,,,0.0,,,,,,,
461.43,,,,1.0,,,,,,,
471.42,,,,,,,,0.0,,,
471.44,1.0,,,,,,,,,,
471.47,,,,,,,,1.0,,,
471.49,0.0,,,,,,,,,,
475.85,,,,0.0,,,,,,,
475.86,,,,1.0,,,,,,,
496.1,,,,0.0,,,,,,,
496.13,,,,1.0,,,,,,,
507.09,,,,0.0,,,,,,,
507.1,,,,1.0,,,,,,,
508.61,,,,,,,,0.0,,,
508.62,,,,,,,,1.0,,,
508.65,,,,,,,,0.0,,,
508.75,,,,,,,,1.0,,,
520.77,,,,0.0,,,,,,,
520.79,,,,1.0,,,,,,,
533.12,,,,0.0,,,,,,,
533.16,,,,1.0,,,,,,,
537.85,,,,,,,,0.0,,,
537.87,,,,,,,,1.0,,,
547.35,,,,,,,,0.0,,,
547.36,,,,,,,,1.0,,,
556.99,,,,,,,,0.0,,,
557.0,,,,,,,,1.0,,,
566.91,,,,,,,,0.0,,,
566.92,,,,,,,,1.0,,,
573.66,,,,0.0,,,,,,,
573.69,,,,1.0,,,,,,,
582.45,,,,,,,,0.0,,,
582.48,,,,,,,,1.0,,,
588.11,,,,0.0,,,,,,,
588.16,,,,1.0,,,,,,,
592.23,,,,,,,,0.0,,,
592.25,,,,,,,,1.0,,,
601.84,,,,,,,,0.0,,,
601.9,,,,,,,,1.0,,,
603.8,,,,0.0,,,,,,,
603.83,,,,1.0,,,,,,,
603.86,1.0,,,,,,,,,,
603.98,0.0,,,,,,,,,,
611.38,,,,,,,,0.0,,,
611.4,,,,,,,,1.0,,,
614.86,,,,0.0,,,,,,,
614.87,,,,1.0,,,,,,,
622.92,,,,,,,,0.0,,,
622.94,,,,,,,,1.0,,,
624.25,,,,0.0,,,,,,,
624.26,,,,1.0,,,,,,,
632.9,,,,,,,,0.0,,,
632.92,,,,,,,,1.0,,,
639.79,,,,0.0,,,,,,,
639.8,,,,1.0,,,,,,,
642.64,,,,,,,,0.0,,,
642.66,,,,,,,,1.0,,,
649.5,,,,0.0,,,,,,,
649.54,,,,1.0,,,,,,,
651.88,,,,,,,,0.0,,,
651.9,,,,,,,,1.0,,,
658.64,,,,0.0,,,,,,,
658.65,,,,1.0,,,,,,,
661.7,,,,,,,,0.0,,,
661.72,,,,,,,,1.0,,,
667.88,,,,0.0,,,,,,,
667.89,,,,1.0,,,,,,,
671.49,,,,,,,,0.0,,,
671.5,,,,,,,,1.0,,,
677.85,,,,0.0,,,,,,,
677.86,,,,1.0,,,,,,,
681.5,,,,,,,,1.0,,,
687.25,,,,1.0,,,,,,,
694.25,,,,,,,,1.0,,,
696.29,,,,0.0,,,,,,,
696.3,,,,1.0,,,,,,,
703.08,,,,,,,,0.0,,,
703.09,,,,,,,,1.0,,,
705.3,,,,0.0,,,,,,,
705.32,,,,1.0,,,,,,,
712.0,,,,,,,,0.0,,,
712.01,,,,,,,,1.0,,,
715.28,,,,0.0,,,,,,,
715.32,,,,1.0,,,,,,,
722.14,,,,,,,,0.0,,,
722.16,,,,,,,,1.0,,,
724.55,,,,0.0,,,,,,,
724.57,,,,1.0,,,,,,,
732.56,,,,,,,,0.0,,,
732.57,,,,,,,,1.0,,,
734.39,,,,0.0,,,,,,,
734.42,,,,1.0,,,,,,,
741.99,,,,,,,,0.0,,,
742.0,,,,,,,,1.0,,,
744.42,,,,0.0,,,,,,,
744.43,,,,1.0,,,,,,,
751.7,,,,,,,,0.0,,,
751.73,,,,,,,,1.0,,,
754.4,,,,0.0,,,,,,,
754.41,,,,1.0,,,,,,,
760.37,,,,,,,,0.0,,,
760.39,,,,,,,,1.0,,,
763.38,,,,0.0,,,,,,,
763.39,,,,1.0,,,,,,,
770.58,,,,,,,,0.0,,,
770.6,,,,,,,,1.0,,,
772.26,,,,0.0,,,,,,,
772.28,,,,1.0,,,,,,,
779.3,,,,,,,,0.0,,,
779.31,,,,,,,,1.0,,,
787.98,,,,,,,,0.0,,,
787.99,,,,,,,,1.0,,,
797.24,,,,0.0,,,,,,,
797.25,,,,1.0,,,,,,,
806.68,,,,0.0,,,,,,,
806.69,,,,1.0,,,,,,,
807.04,,,,,,,,0.0,,,
807.06,,,,,,,,1.0,,,
807.19,1.0,,,,,,,,,,
807.42,0.0,,,,,,,,,,
815.58,,,,0.0,,,,,,,
815.59,,,,1.0,,,,,,,
816.54,,,,,,,,0.0,,,
816.55,,,,,,,,1.0,,,
825.14,,,,0.0,,,,,,,
825.16,,,,1.0,,,,,,,
825.8,,,,,,,,0.0,,,
825.81,,,,,,,,1.0,,,
834.63,,,,0.0,,,,,,,
834.64,,,,1.0,,,,,,,
836.54,,,,,,,,0.0,,,
836.55,,,,,,,,1.0,,,
843.89,,,,0.0,,,,,,,
843.91,,,,1.0,,,,,,,
846.19,,,,,,,,0.0,,,
846.2,,,,,,,,1.0,,,
852.97,,,,0.0,,,,,,,
852.99,,,,1.0,,,,,,,
854.94,,,,,,,,0.0,,,
854.97,,,,,,,,1.0,,,
862.02,,,,0.0,,,,,,,
862.03,,,,1.0,,,,,,,
863.49,,,,,,,,0.0,,,
863.5,,,,,,,,1.0,,,
871.26,,,,0.0,,,,,,,
871.27,,,,1.0,,,,,,,
872.11,,,,,,,,0.0,,,
872.12,,,,,,,,1.0,,,
872.33,1.0,,,,,,,,,,
872.42,0.0,,,,,,,,,,
879.93,,,,0.0,,,,,,,
879.94,,,,1.0,,,,,,,
880.98,,,,,,,,0.0,,,
880.99,,,,,,,,1.0,,,
888.79,,,,0.0,,,,,,,
888.8,,,,1.0,,,,,,,
889.77,,,,,,,,0.0,,,
889.79,,,,,,,,1.0,,,
898.45,,,,0.0,,,,,,,
898.48,,,,1.0,,,,,,,
899.05,,,,,,,,0.0,,,
899.06,,,,,,,,1.0,,,
907.89,,,,0.0,,,,,,,
907.9,,,,1.0,,,,,,,
908.91,,,,,,,,0.0,,,
908.93,,,,,,,,1.0,,,
919.2,,,,,,,,0.0,,,
919.22,,,,,,,,1.0,,,
922.29,,,,0.0,,,,,,,
922.3,,,,1.0,,,,,,,
928.49,,,,,,,,0.0,,,
928.5,,,,,,,,1.0,,,
931.65,,,,0.0,,,,,,,
931.66,,,,1.0,,,,,,,
937.0,,,,,,,,0.0,,,
937.01,,,,,,,,1.0,,,
941.01,,,,0.0,,,,,,,
941.02,,,,1.0,,,,,,,
946.67,,,,,,,,0.0,,,
946.69,,,,,,,,1.0,,,
950.0,,,,0.0,,,,,,,
950.01,,,,1.0,,,,,,,
959.22,,,,0.0,,,,,,,
959.24,,,,1.0,,,,,,,
960.72,,,,,,,,0.0,,,
960.73,,,,,,,,1.0,,,
969.18,,,,0.0,,,,,,,
969.19,,,,1.0,,,,,,,
974.74,,,,,,,,0.0,,,
974.75,,,,,,,,1.0,,,
978.55,,,,0.0,,,,,,,
978.56,,,,1.0,,,,,,,
983.75,,,,,,,,0.0,,,
983.76,,,,,,,,1.0,,,
988.22,,,,0.0,,,,,,,
988.25,,,,1.0,,,,,,,
992.44,,,,,,,,0.0,,,
992.45,,,,,,,,1.0,,,
997.94,,,,0.0,,,,,,,
997.95,,,,1.0,,,,,,,
1001.45,,,,,,,,0.0,,,
1001.47,,,,,,,,1.0,,,
1007.24,,,,0.0,,,,,,,
1007.25,,,,1.0,,,,,,,
1010.95,,,,,,,,0.0,,,
1010.97,,,,,,,,1.0,,,
1016.19,,,,0.0,,,,,,,
1016.2,,,,1.0,,,,,,,
1019.53,,,,,,,,0.0,,,
1019.55,,,,,,,,1.0,,,
1028.24,,,,,,,,0.0,,,
1028.25,,,,,,,,1.0,,,
1035.3,,,,0.0,,,,,,,
1035.31,,,,1.0,,,,,,,
1036.95,,,,,,,,0.0,,,
1036.98,,,,,,,,1.0,,,
1044.56,,,,0.0,,,,,,,
1044.57,,,,1.0,,,,,,,
1053.45,,,,0.0,,,,,,,
1053.47,,,,1.0,,,,,,,
1056.1,,,,,,,,0.0,,,
1056.11,,,,,,,,1.0,,,
1062.73,,,,0.0,,,,,,,
1062.75,,,,1.0,,,,,,,
1064.69,,,,,,,,0.0,,,
1064.7,,,,,,,,1.0,,,
1071.61,,,,0.0,,,,,,,
1071.63,,,,1.0,,,,,,,
1075.18,,,,,,,,0.0,,,
1075.19,,,,,,,,1.0,,,
1080.73,,,,0.0,,,,,,,
1080.74,,,,1.0,,,,,,,
1083.79,,,,,,,,0.0,,,
1083.8,,,,,,,,1.0,,,
1089.7,,,,0.0,,,,,,,
1089.73,,,,1.0,,,,,,,
1092.31,,,,,,,,0.0,,,
1092.33,,,,,,,,1.0,,,
1098.64,,,,0.0,,,,,,,
1098.66,,,,1.0,,,,,,,
1100.99,,,,,,,,0.0,,,
1101.0,,,,,,,,1.0,,,
1109.68,,,,,,,,0.0,,,
1109.69,,,,,,,,1.0,,,
1113.32,,,,0.0,,,,,,,
1113.33,,,,1.0,,,,,,,
1118.33,,,,,,,,0.0,,,
1118.34,,,,,,,,1.0,,,
1123.22,,,,0.0,,,,,,,
1123.23,,,,1.0,,,,,,,
1127.33,,,,,,,,0.0,,,
1127.34,,,,,,,,1.0,,,
1132.28,,,,0.0,,,,,,,
1132.34,,,,1.0,,,,,,,
1136.89,,,,,,,,0.0,,,
1136.9,,,,,,,,1.0,,,
1142.5,,,,1.0,,,,,,,
1146.3,,,,,,,,0.0,,,
1146.32,,,,,,,,1.0,,,
1151.35,,,,0.0,,,,,,,
1151.36,,,,1.0,,,,,,,
1154.97,,,,,,,,0.0,,,
1154.98,,,,,,,,1.0,,,
1160.29,,,,0.0,,,,,,,
1160.31,,,,1.0,,,,,,,
1163.67,,,,,,,,0.0,,,
1163.68,,,,,,,,1.0,,,
1169.58,,,,0.0,,,,,,,
1169.58,,,,1.0,,,,,,,
1172.6,,,,,,,,0.0,,,
1172.61,,,,,,,,1.0,,,
1178.44,,,,0.0,,,,,,,
1178.45,,,,1.0,,,,,,,
1181.42,,,,,,,,0.0,,,
1181.43,,,,,,,,1.0,,,
1187.88,,,,0.0,,,,,,,
1187.89,,,,1.0,,,,,,,
1190.63,,,,,,,,0.0,,,
1190.64,,,,,,,,1.0,,,
1196.93,,,,0.0,,,,,,,
1196.94,,,,1.0,,,,,,,
1199.75,,,,,,,,1.0,,,
1205.95,,,,0.0,,,,,,,
1205.97,,,,1.0,,,,,,,
1208.36,,,,,,,,0.0,,,
1208.38,,,,,,,,1.0,,,
1215.1,,,,0.0,,,,,,,
1215.11,,,,1.0,,,,,,,
1218.05,,,,,,,,0.0,,,
1218.06,,,,,,,,1.0,,,
1228.13,,,,,,,,0.0,,,
1228.14,,,,,,,,1.0,,,
1236.97,,,,,,,,0.0,,,
1236.98,,,,,,,,1.0,,,
1247.28,,,,,,,,0.0,,,
1247.3,,,,,,,,1.0,,,
1250.5,,,,0.0,,,,,,,
1250.51,,,,1.0,,,,,,,
1257.3,,,,,,,,0.0,,,
1257.32,,,,,,,,1.0,,,
1260.5,,,,0.0,,,,,,,
1260.52,,,,1.0,,,,,,,
1267.14,,,,,,,,0.0,,,
1267.15,,,,,,,,1.0,,,
1269.43,,,,0.0,,,,,,,
1269.44,,,,1.0,,,,,,,
1276.85,,,,,,,,0.0,,,
1277.01,,,,,,,,1.0,,,
1277.38,,,,,,,,0.0,,,
1278.1,,,,,,,,1.0,,,
1278.6,,,,0.0,,,,,,,
1278.61,,,,1.0,,,,,,,
1288.13,,,,0.0,,,,,,,
1288.16,,,,1.0,,,,,,,
1289.01,,,,,,,,0.0,,,
1289.03,,,,,,,,1.0,,,
1297.33,,,,0.0,,,,,,,
1297.33,,,,1.0,,,,,,,
1298.95,,,,,,,,0.0,,,
1298.98,,,,,,,,1.0,,,
1307.05,,,,0.0,,,,,,,
1307.06,,,,1.0,,,,,,,
1309.75,,,,,,,,0.0,,,
1309.76,,,,,,,,1.0,,,
1316.53,,,,0.0,,,,,,,
1316.55,,,,1.0,,,,,,,
1319.84,,,,,,,,0.0,,,
1319.86,,,,,,,,1.0,,,
1326.55,,,,0.0,,,,,,,
1326.56,,,,1.0,,,,,,,
1329.12,,,,,,,,0.0,,,
1329.13,,,,,,,,1.0,,,
1335.53,,,,0.0,,,,,,,
1335.54,,,,1.0,,,,,,,
1338.98,,,,,,,,0.0,,,
1339.0,,,,,,,,1.0,,,
1344.75,,,,1.0,,,,,,,
1348.61,,,,,,,,0.0,,,
1348.63,,,,,,,,1.0,,,
1353.56,,,,0.0,,,,,,,
1353.6,,,,1.0,,,,,,,
1357.41,,,,,,,,0.0,,,
1357.42,,,,,,,,1.0,,,
1362.73,,,,0.0,,,,,,,
1362.74,,,,1.0,,,,,,,
1366.18,,,,,,,,0.0,,,
1366.19,,,,,,,,1.0,,,
1374.74,,,,,,,,0.0,,,
1374.75,,,,,,,,1.0,,,
1383.79,,,,,,,,0.0,,,
1383.8,,,,,,,,1.0,,,
1392.41,,,,0.0,,,,,,,
1392.43,,,,1.0,,,,,,,
1392.74,,,,,,,,0.0,,,
1392.75,,,,,,,,1.0,,,
1466.9,,,,,,,,0.0,,,
1467.4,,,,,,,,1.0,,,
1480.79,,,,0.0,,,,,,,
1480.8,,,,1.0,,,,,,,
1520.22,,,,0.0,,,,,,,
1520.23,,,,1.0,,,,,,,
1550.0,,,,0.0,,,,,,,
1550.2,,,,1.0,,,,,,,
1552.05,,,,,,,,0.0,,,
1552.14,,,,,,,,1.0,,,
1594.54,,,,0.0,,,,,,,
1594.61,,,,1.0,,,,,,,
1628.13,,,,,,,,0.0,,,
1628.41,,,,,,,,1.0,,,
1641.64,,,,,,,,0.0,,,
1641.91,,,,,,,,1.0,,,
1672.75,,,,,,,,0.0,,,
1672.84,,,,,,,,1.0,,,
1682.32,,,,,,,,0.0,,,
1682.38,,,,,,,,1.0,,,
1685.51,,,,0.0,,,,,,,
1685.56,,,,1.0,,,,,,,
1691.83,,,,,,,,0.0,,,
1691.84,,,,,,,,1.0,,,
1699.07,,,,0.0,,,,,,,
1699.09,,,,1.0,,,,,,,
1701.63,,,,,,,,0.0,,,
1701.65,,,,,,,,1.0,,,
1708.94,,,,0.0,,,,,,,
1708.95,,,,1.0,,,,,,,
1710.86,,,,,,,,0.0,,,
1710.87,,,,,,,,1.0,,,
1718.15,,,,0.0,,,,,,,
1718.17,,,,1.0,,,,,,,
1720.55,,,,,,,,0.0,,,
1720.57,,,,,,,,1.0,,,
1727.24,,,,0.0,,,,,,,
1727.25,,,,1.0,,,,,,,
1730.43,,,,,,,,0.0,,,
1730.45,,,,,,,,1.0,,,
1736.28,,,,0.0,,,,,,,
1736.3,,,,1.0,,,,,,,
1740.34,,,,,,,,0.0,,,
1740.36,,,,,,,,1.0,,,
1749.36,,,,,,,,0.0,,,
1749.37,,,,,,,,1.0,,,
1759.3,,,,,,,,0.0,,,
1759.32,,,,,,,,1.0,,,
1769.02,,,,,,,,0.0,,,
1769.03,,,,,,,,1.0,,,
1771.07,,,,0.0,,,,,,,
1771.09,,,,1.0,,,,,,,
1778.12,,,,,,,,0.0,,,
1778.14,,,,,,,,1.0,,,
1780.39,,,,0.0,,,,,,,
1780.4,,,,1.0,,,,,,,
1787.37,,,,,,,,0.0,,,
1787.38,,,,,,,,1.0,,,
1789.75,,,,0.0,,,,,,,
1789.76,,,,1.0,,,,,,,
1798.03,,,,,,,,0.0,,,
1798.14,,,,,,,,1.0,,,
1799.29,,,,0.0,,,,,,,
1799.31,,,,1.0,,,,,,,
1807.59,,,,,,,,0.0,,,
1807.6,,,,,,,,1.0,,,
1808.48,,,,0.0,,,,,,,
1808.49,,,,1.0,,,,,,,
1817.41,,,,0.0,,,,,,,
1817.49,,,,1.0,,,,,,,
1817.86,,,,,,,,0.0,,,
1817.87,,,,,,,,1.0,,,
1826.62,,,,0.0,,,,,,,
1826.75,,,,1.0,,,,,,,
1827.09,,,,0.0,,,,,,,
1827.66,,,,1.0,,,,,,,
1828.24,,,,,,,,0.0,,,
1828.25,,,,,,,,1.0,,,
1836.78,,,,0.0,,,,,,,
1836.8,,,,1.0,,,,,,,
1838.36,,,,,,,,0.0,,,
1838.38,,,,,,,,1.0,,,
1846.98,,,,,,,,0.0,,,
1846.99,,,,,,,,1.0,,,
1851.5,,,,1.0,,,,,,,
1856.13,,,,,,,,0.0,,,
1856.15,,,,,,,,1.0,,,
1856.16,,,1.0,,,,,,,,
1856.24,,,0.0,,,,,,,,
1860.83,,,,0.0,,,,,,,
1860.84,,,,1.0,,,,,,,
1865.19,,,,,,,,0.0,,,
1865.2,,,,,,,,1.0,,,
1870.24,,,,0.0,,,,,,,
1870.25,,,,1.0,,,,,,,
1874.22,,,,,,,,0.0,,,
1874.23,,,,,,,,1.0,,,
1879.18,,,,0.0,,,,,,,
1879.19,,,,1.0,,,,,,,
1883.12,,,,,,,,0.0,,,
1883.13,,,,,,,,1.0,,,
1892.19,,,,,,,,0.0,,,
1892.2,,,,,,,,1.0,,,
1894.02,,,,0.0,,,,,,,
1894.03,,,,1.0,,,,,,,
1903.0,,,,1.0,,,,,,,
1906.3,,,,,,,,0.0,,,
1906.31,,,,,,,,1.0,,,
1912.48,,,,0.0,,,,,,,
1912.49,,,,1.0,,,,,,,
1914.88,,,,,,,,0.0,,,
1914.89,,,,,,,,1.0,,,
1922.23,,,,0.0,,,,,,,
1922.25,,,,1.0,,,,,,,
1923.73,,,,,,,,0.0,,,
1923.74,,,,,,,,1.0,,,
1932.32,,,,,,,,0.0,,,
1932.33,,,,,,,,1.0,,,
1941.03,,,,,,,,0.0,,,
1941.04,,,,,,,,1.0,,,
1949.93,,,,,,,,0.0,,,
1949.94,,,,,,,,1.0,,,
1951.78,,,,0.0,,,,,,,
1951.79,,,,1.0,,,,,,,
1958.64,,,,,,,,0.0,,,
1958.65,,,,,,,,1.0,,,
1960.88,,,,0.0,,,,,,,
1960.92,,,,1.0,,,,,,,
1961.04,,,,0.0,,,,,,,
1961.22,,,,1.0,,,,,,,
1968.49,,,,,,,,0.0,,,
1968.5,,,,,,,,1.0,,,
1970.18,,,,0.0,,,,,,,
1970.19,,,,1.0,,,,,,,
1977.47,,,,,,,,0.0,,,
1977.48,,,,,,,,1.0,,,
1979.56,,,,0.0,,,,,,,
1979.58,,,1.0,,,,,,,,
1979.59,,,,1.0,,,,,,,
1979.62,,,0.0,,,,,,,,
1986.55,,,,,,,,0.0,,,
1986.56,,,,,,,,1.0,,,
1988.8,,,,0.0,,,,,,,
1988.81,,,,1.0,,,,,,,
1995.24,,,,,,,,0.0,,,
1995.25,,,,,,,,1.0,,,
1998.37,,,,0.0,,,,,,,
1998.38,,,,1.0,,,,,,,
2004.62,,,,,,,,0.0,,,
2004.63,,,,,,,,1.0,,,
2008.02,,,,0.0,,,,,,,
2008.03,,,,1.0,,,,,,,
2014.56,,,,,,,,0.0,,,
2014.58,,,,,,,,1.0,,,
2017.76,,,,0.0,,,,,,,
2017.77,,,,1.0,,,,,,,
2023.77,,,,,,,,0.0,,,
2023.78,,,,,,,,1.0,,,
2027.51,,,,0.0,,,,,,,
2027.55,,,1.0,,,,,,,,
2027.56,,,,1.0,,,,,,,
2027.6,,,0.0,,,,,,,,
2032.58,,,,,,,,0.0,,,
2032.6,,,,,,,,1.0,,,
2041.53,,,,,,,,0.0,,,
2041.55,,,,,,,,1.0,,,
2047.11,,,,0.0,,,,,,,
2047.12,,,,1.0,,,,,,,
2051.83,,,,,,,,0.0,,,
2051.84,,,,,,,,1.0,,,
2057.46,,,,0.0,,,,,,,
2057.48,,,,1.0,,,,,,,
2060.89,,,,,,,,0.0,,,
2060.91,,,,,,,,1.0,,,
2066.86,,,,0.0,,,,,,,
2066.87,,,,1.0,,,,,,,
2070.57,,,,,,,,0.0,,,
2070.59,,,,,,,,1.0,,,
2075.82,,,,0.0,,,,,,,
2079.5,,,,,,,,0.0,,,
2079.51,,,,,,,,1.0,,,
2081.58,,,,0.0,,,,,,,
2088.32,,,,,,,,0.0,,,
2088.33,,,,,,,,1.0,,,
2097.05,,,,,,,,0.0,,,
2097.07,,,,,,,,1.0,,,
2106.09,,,,,,,,0.0,,,
2106.1,,,,,,,,1.0,,,
2116.65,,,,,,,,0.0,,,
2116.66,,,,,,,,1.0,,,
2126.02,,,,,,,,0.0,,,
2126.03,,,,,,,,1.0,,,
2135.44,,,,,,,,0.0,,,
2135.46,,,,,,,,1.0,,,
2145.14,,,,,,,,0.0,,,
2145.15,,,,,,,,1.0,,,
2154.23,,,,,,,,0.0,,,
2154.25,,,,,,,,1.0,,,
2164.17,,,,,,,,0.0,,,
2164.19,,,,,,,,1.0,,,
2172.9,,,,,,,,0.0,,,
2172.91,,,,,,,,1.0,,,
2182.41,,,,,,,,0.0,,,
2182.42,,,,,,,,1.0,,,
2191.81,,,,,,,,0.0,,,
2191.82,,,,,,,,1.0,,,
2200.89,,,,,,,,0.0,,,
2200.9,,,,,,,,1.0,,,
2210.73,,,,,,,,0.0,,,
2210.75,,,,,,,,1.0,,,
2220.71,,,,,,,,0.0,,,
2220.73,,,,,,,,1.0,,,
2230.98,,,,,,,,0.0,,,
2231.0,,,,,,,,1.0,,,
2240.46,,,,,,,,0.0,,,
2240.48,,,,,,,,1.0,,,
2249.65,,,,,,,,0.0,,,
2249.67,,,,,,,,1.0,,,
2259.34,,,,,,,,0.0,,,
2259.36,,,,,,,,1.0,,,
2269.11,,,,,,,,0.0,,,
2269.12,,,,,,,,1.0,,,
2279.56,,,,,,,,0.0,,,
2279.58,,,,,,,,1.0,,,
2283.1,,,,,,,,,,0.0,
2283.11,,,,,,,,,,1.0,
2288.48,,,,,,,,0.0,,,
2288.5,,,,,,,,1.0,,,
2297.62,,,,,,,,0.0,,,
2297.63,,,,,,,,1.0,,,
2298.82,,,,,,,,,,0.0,
2298.84,,,,,,,,,,1.0,
2308.65,,,,,,,,,,0.0,
2308.67,,,,,,,,,,1.0,
2312.44,,,,,,,,0.0,,,
2312.44,,,,,,,,1.0,,,
2318.25,,,,,,,,,,0.0,
2318.27,,,,,,,,,,1.0,
2321.42,,,,,,,,0.0,,,
2321.42,,,,,,,,1.0,,,
2328.17,,,,,,,,,,0.0,
2328.19,,,,,,,,,,1.0,
2330.28,,,,,,,,0.0,,,
2330.3,,,,,,,,1.0,,,
2337.84,,,,,,,,,,0.0,
2337.85,,,,,,,,,,1.0,
2339.23,,,,,,,,0.0,,,
2339.25,,,,,,,,1.0,,,
2348.17,,,,,,,,,,0.0,
2348.3,,,,,,,,,,1.0,
2348.9,,,,,,,,0.0,,,
2348.91,,,,,,,,1.0,,,
2358.75,,,,,,,,0.0,,,
2358.76,,,,,,,,1.0,,,
2358.78,,,,,,,,,,0.0,
2358.79,,,,,,,,,,1.0,
2369.42,,,,,,,,0.0,,,
2369.44,,,,,,,,1.0,,,
2393.73,,,,,,,,0.0,,,
2393.75,,,,,,,,1.0,,,
2394.19,,,,,,,,,,0.0,
2394.21,,,,,,,,,,1.0,
2403.44,,,,,,,,0.0,,,
2403.48,,,,,,,,1.0,,,
2403.75,,,,,,,,,,0.0,
2403.76,,,,,,,,,,1.0,
2412.38,,,,,,,,0.0,,,
2412.42,,,,,,,,1.0,,,
2412.64,,,,,,,,0.0,,,
2413.1,,,,,,,,1.0,,,
2413.52,,,,,,,,,,0.0,
2413.53,,,,,,,,,,1.0,
2422.54,,,,,,,,0.0,,,
2422.55,,,,,,,,1.0,,,
2424.07,,,,,,,,,,0.0,
2424.09,,,,,,,,,,1.0,
2431.69,,,,,,,,0.0,,,
2431.71,,,,,,,,1.0,,,
2433.82,,,,,,,,,,0.0,
2433.83,,,,,,,,,,1.0,
2440.63,,,,,,,,0.0,,,
2440.65,,,,,,,,1.0,,,
2443.9,,,,,,,,,,0.0,
2443.91,,,,,,,,,,1.0,
2443.96,,,,,,,,,,0.0,
2444.1,,,,,,,,,,1.0,
2451.51,1.0,,,,,,,0.0,,,
2451.52,,,,,,,,1.0,,,
2451.57,0.0,,,,,,,,,,
2454.51,,,,,,,,,,0.0,
2454.52,,,,,,,,,,1.0,
2460.53,,,,,,,,0.0,,,
2460.54,,,,,,,,1.0,,,
2464.26,,,,,,,,,,0.0,
2464.27,,,,,,,,,,1.0,
2469.48,,,,,,,,0.0,,,
2469.48,,,,,,,,1.0,,,
2474.1,,,,,,,,,,0.0,
2474.11,,,,,,,,,,1.0,
2478.25,,,,,,,,0.0,,,
2478.26,,,,,,,,1.0,,,
2484.65,,,,,,,,,,0.0,
2484.67,,,,,,,,,,1.0,
2487.69,,,,,,,,0.0,,,
2487.69,,,,,,,,1.0,,,
2494.73,,,,,,,,,,0.0,
2494.75,,,,,,,,,,1.0,
2497.85,,,,,,,,0.0,,,
2497.86,,,,,,,,1.0,,,
2504.66,,,,,,,,,,0.0,
2504.69,,,,,,,,,,1.0,
2506.73,,,,,,,,0.0,,,
2506.73,,,,,,,,1.0,,,
2516.02,,,,,,,,,,0.0,
2516.03,,,,,,,,,,1.0,
2516.65,,,,,,,,0.0,,,
2516.67,,,,,,,,1.0,,,
2525.44,,,,,,,,0.0,,,
2525.46,,,,,,,,1.0,,,
2526.25,,,,,,,,,,0.0,
2526.26,,,,,,,,,,1.0,
2534.3,,,,,,,,0.0,,,
2534.32,,,,,,,,1.0,,,
2536.25,,,,,,,,,,0.0,
2536.26,,,,,,,,,,1.0,
2543.05,,,,,,,,0.0,,,
2543.06,,,,,,,,1.0,,,
2546.85,,,,,,,,,,0.0,
2546.86,,,,,,,,,,1.0,
2551.94,,,,,,,,0.0,,,
2551.94,,,,,,,,1.0,,,
2552.02,,,1.0,,,,,,,,
2552.16,,,0.0,,,,,,,,
2556.62,,,,,,,,,,0.0,
2556.64,,,,,,,,,,1.0,
2561.25,,,,,,,,0.0,,,
2561.33,,,,,,,,1.0,,,
2580.34,,,,,,,,,,0.0,
2580.39,,,,,,,,,,1.0,
2621.99,,,,,,,,0.0,,,
2622.33,,,,,,,,1.0,,,
2697.25,,,,,,,,,,0.0,
2697.32,,,,,,,,,,1.0,
2710.97,,,,,,,,0.0,,,
2711.25,,,,,,,,1.0,,,
2794.31,,,,,,,,0.0,,,
2794.74,,,,,,,,1.0,,,
2803.81,,,,,,,,,,0.0,
2804.07,,,,,,,,,,1.0,
2813.29,,,,,,,,0.0,,,
2813.36,,,,,,,,1.0,,,
2823.81,,,,,,,,0.0,,,
2823.9,,,,,,,,1.0,,,
2838.34,,,,,,,,0.0,,,
2838.75,,,,,,,,1.0,,,
2848.77,,,,,,,,0.0,,,
2848.79,,,,,,,,1.0,,,
2858.26,,,,,,,,0.0,,,
2858.47,,,,,,,,1.0,,,
2868.18,,,,,,,,0.0,,,
2868.2,,,,,,,,1.0,,,
2884.5,,,,,,,,0.0,,,
2884.53,,,,,,,,1.0,,,
2896.94,,,,,,,,,,0.0,
2897.28,,,,,,,,,,1.0,
2900.11,,,,,,,,0.0,,,
2900.17,,,,,,,,1.0,,,
2910.25,,,,,,,,0.0,,,
2910.27,,,,,,,,1.0,,,
2919.25,,,,,,,,0.0,,,
2919.26,,,,,,,,1.0,,,
2920.53,,,,,,,,,,0.0,
2920.54,,,,,,,,,,1.0,
2928.27,,,,,,,,0.0,,,
2928.28,,,,,,,,1.0,,,
2930.52,,,,,,,,,,0.0,
2930.54,,,,,,,,,,1.0,
2937.0,,,,,,,,1.0,,,
2940.3,,,,,,,,,,0.0,
2940.32,,,,,,,,,,1.0,
2945.97,,,,,,,,0.0,,,
2945.98,,,,,,,,1.0,,,
2950.53,,,,,,,,,,0.0,
2950.54,,,,,,,,,,1.0,
2954.7,,,,,,,,0.0,,,
2954.75,,,,,,,,1.0,,,
2954.88,,,,,,,,0.0,,,
2955.19,,,,,,,,1.0,,,
2961.45,,,,,,,,,,0.0,
2961.47,,,,,,,,,,1.0,
2964.24,,,,,,,,0.0,,,
2964.25,,,,,,,,1.0,,,
2971.47,,,,,,,,,,0.0,
2971.48,,,,,,,,,,1.0,
2973.4,,,,,,,,0.0,,,
2973.42,,,,,,,,1.0,,,
2981.5,,,,,,,,,,1.0,
2982.15,,,,,,,,0.0,,,
2982.17,,,,,,,,1.0,,,
2991.04,,,,,,,,0.0,,,
2991.05,,,,,,,,1.0,,,
2991.45,,,,,,,,,,0.0,
2991.48,,,,,,,,,,1.0,
3000.73,,,,,,,,0.0,,,
3000.75,,,,,,,,1.0,,,
3001.44,,,,,,,,,,0.0,
3001.45,,,,,,,,,,1.0,
3010.49,,,,,,,,0.0,,,
3010.5,,,,,,,,1.0,,,
3012.58,,,,,,,,,,0.0,
3012.59,,,,,,,,,,1.0,
3020.25,,,,,,,,0.0,,,
3020.26,,,,,,,,1.0,,,
3022.58,,,,,,,,,,0.0,
3022.59,,,,,,,,,,1.0,
3029.32,,,,,,,,0.0,,,
3029.33,,,,,,,,1.0,,,
3029.38,,,1.0,,,,,,,,
3029.47,,,0.0,,,,,,,,
3032.55,,,,,,,,,,0.0,
3032.56,,,,,,,,,,1.0,
3038.05,,,,,,,,0.0,,,
3038.06,,,,,,,,1.0,,,
3042.5,,,,,,,,,,1.0,
3046.8,,,,,,,,0.0,,,
3046.81,,,,,,,,1.0,,,
3053.01,,,,,,,,,,0.0,
3053.03,,,,,,,,,,1.0,
3056.25,,,,,,,,1.0,,,
3062.83,,,,,,,,,,0.0,
3062.85,,,,,,,,,,1.0,
3065.28,,,,,,,,0.0,,,
3065.3,,,,,,,,1.0,,,
3072.81,,,,,,,,,,0.0,
3072.82,,,,,,,,,,1.0,
3074.34,,,,,,,,0.0,,,
3074.35,,,,,,,,1.0,,,
3082.77,,,,,,,,,,0.0,
3082.78,,,,,,,,,,1.0,
3084.75,,,,,,,,0.0,,,
3084.76,,,,,,,,1.0,,,
3092.5,,,,,,,,,,1.0,
3092.54,,,1.0,,,,,,,,
3092.61,,,0.0,,,,,,,,
3094.16,,,,,,,,0.0,,,
3094.17,1.0,,,,,,,,,,
3094.18,,,,,,,,1.0,,,
3094.24,0.0,,,,,,,,,,
3103.13,,,,,,,,,,0.0,
3103.15,,,,,,,,,,1.0,
3103.76,,,,,,,,0.0,,,
3103.77,,,1.0,,,,,1.0,,,
3103.98,,,0.0,,,,,,,,
3112.72,,,,,,,,0.0,,,
3112.74,,,,,,,,1.0,,,
3114.68,,,,,,,,,,0.0,
3114.69,,,,,,,,,,1.0,
3121.47,,,,,,,,0.0,,,
3121.48,,,,,,,,1.0,,,
3124.86,,,,,,,,,,0.0,
3124.87,,,,,,,,,,1.0,
3130.19,,,,,,,,0.0,,,
3130.2,,,,,,,,1.0,,,
3135.19,,,,,,,,,,0.0,
3135.2,,,,,,,,,,1.0,
3139.85,,,,,,,,0.0,,,
3139.86,,,,,,,,1.0,,,
3145.0,,,,,,,,,,0.0,
3145.02,,,,,,,,,,1.0,
3149.63,,,,,,,,0.0,,,
3149.65,,,,,,,,1.0,,,
3155.25,,,,,,,,,,0.0,
3155.26,,,,,,,,,,1.0,
3158.98,,,,,,,,0.0,,,
3158.99,,,,,,,,1.0,,,
3166.11,,,,,,,,,,0.0,
3166.12,,,,,,,,,,1.0,
3167.77,,,,,,,,0.0,,,
3167.78,,,,,,,,1.0,,,
3175.97,,,,,,,,,,0.0,
3175.98,,,,,,,,,,1.0,
3177.32,,,,,,,,0.0,,,
3177.34,,,,,,,,1.0,,,
3185.93,,,,,,,,,,0.0,
3185.95,,,,,,,,,,1.0,
3186.43,,,,,,,,0.0,,,
3186.44,,,,,,,,1.0,,,
3195.06,,,,,,,,0.0,,,
3195.1,,,,,,,,1.0,,,
3196.69,,,,,,,,,,0.0,
3196.77,,,,,,,,,,1.0,
3279.8,,,,,,,,0.0,,,
3279.88,,,,,,,,1.0,,,
3321.94,,,,,,,,,,0.0,
3322.05,,,,,,,,,,1.0,
3370.38,,,,,,,,0.0,,,
3370.39,,,,,,,,1.0,,,
3435.63,,,,,,,,,,0.0,
3435.88,,,,,,,,,,1.0,
3441.91,,,,,,,,0.0,,,
3442.2,,,,,,,,1.0,,,
3451.84,,,,,,,,0.0,,,
3451.9,,,,,,,,1.0,,,
3461.22,,,,,,,,0.0,,,
3461.5,,,,,,,,1.0,,,
3476.14,,,,,,,,0.0,,,
3476.37,,,,,,,,1.0,,,
3486.22,,,,,,,,0.0,,,
3486.34,,,,,,,,1.0,,,
3495.56,,,,,,,,0.0,,,
3495.67,,,,,,,,1.0,,,
3504.93,,,,,,,,0.0,,,
3505.05,,,,,,,,1.0,,,
3514.26,,,,,,,,1.0,,,
3514.29,,,,,,,,0.0,,,
3514.49,,,,,,,,1.0,,,
3523.79,,,,,,,,,,0.0,
3523.91,,,1.0,,,,,,,1.0,
3524.06,,,0.0,,,,,,,,
3524.13,,,,,,,,0.0,,,
3524.61,,,,,,,,1.0,,,
3534.35,,,,,,,,0.0,,,
3534.4,,,,,,,,1.0,,,
3545.49,,,,,,,,0.0,,,
3545.51,,,,,,,,1.0,,,
3548.74,,,,,,,,,,0.0,
3548.75,,,,,,,,,,1.0,
3554.45,,,,,,,,0.0,,,
3554.48,,,,,,,,1.0,,,
3559.23,,,,,,,,,,0.0,
3559.25,,,,,,,,,,1.0,
3563.76,,,,,,,,0.0,,,
3575.0,,,,,,,,,,0.0,
3575.02,,,,,,,,1.0,,,
3575.13,,,,,,,,0.0,,,
3575.25,0.0,0.0,0.0,,0.0,0.0,0.0,0.0,0.0,0.0,
