time,10.32.90.205:54650:1,10.32.90.211:44704:1,10.32.90.227:42250:1,10.32.90.229:59322:1,10.32.90.243:60764:1,10.32.91.119:37632:1,10.32.91.125:50416:1,10.32.91.33:55202:1,10.32.91.35:59800:1,10.32.93.150:45960:1
51.63,,,1.0,,,,,,,
51.64,,,0.0,,,,,,,
52.77,,,,,,,,,1.0,
52.78,,,,,,,,,0.0,
53.01,,,,,3.0,,,,2.0,
53.02,,,,,2.0,,,,,
53.04,,,,,0.0,,,,,
53.07,,,,,,,,,0.0,
54.59,,,,,,,1.0,,,
54.6,,,,,,,0.0,,,
55.6,,,,,1.0,,,,,
55.66,,,,,1.0,,,,,
56.65,,,,,0.0,,,,,
57.58,,,,,,1.0,,,,
57.59,,,,,,0.0,,,,
59.1,,1.0,,,,,,,,
59.11,,0.0,,,,,,,,
59.13,,,1.0,,,,,,,
59.14,,,0.0,,,,,,,
59.16,,,1.0,,,,,,,
59.17,,,0.0,,,,,,,
61.33,,,,,,,,1.0,,
61.34,,,,,,,,0.0,,
61.37,,,,,,,,1.0,,
61.38,,,,,,,,0.0,,
61.52,,,,,,,,1.0,,
61.53,,,,,,,,0.0,,
70.67,,,,1.0,,,,,,
70.73,,,,0.0,,,,,,
119.57,,,,,,,,1.0,,
119.58,,,,,,,,0.0,,
136.72,1.0,,,,,,,,,
136.86,0.0,,,,,,,,,
297.85,,,,1.0,,,,,,
297.86,,,,0.0,,,,,,
317.11,,,,1.0,,,,,,
318.08,,,,0.0,,,,,,
340.8,1.0,,,,,,,,,
341.04,0.0,,,,,,,,,
471.5,1.0,,,,,,,,,
471.52,0.0,,,,,,,,,
508.66,,,,,,,,1.0,,
508.73,,,,,,,,0.0,,
603.8,,,,1.0,,,,,,
603.82,,,,0.0,,,,,,
603.98,1.0,,,,,,,,,
604.08,0.0,,,,,,,,,
705.3,,,,1.0,,,,,,
705.31,,,,0.0,,,,,,
760.37,,,,,,,,1.0,,
760.38,,,,,,,,0.0,,
807.42,1.0,,,,,,,,,
807.89,0.0,,,,,,,,,
854.94,,,,,,,,1.0,,
854.95,,,,,,,,0.0,,
872.43,1.0,,,,,,,,,
872.59,0.0,,,,,,,,,
1277.38,,,,,,,,1.0,,
1278.07,,,,,,,,0.0,,
1288.13,,,,1.0,,,,,,
1288.14,,,,0.0,,,,,,
1319.84,,,,,,,,1.0,,
1319.85,,,,,,,,0.0,,
1348.61,,,,,,,,1.0,,
1348.62,,,,,,,,0.0,,
1740.34,,,,,,,,1.0,,
1740.35,,,,,,,,0.0,,
1771.07,,,,1.0,,,,,,
1771.08,,,,0.0,,,,,,
1827.1,,,,1.0,,,,,,
1827.61,,,,0.0,,,,,,
1856.24,,,1.0,,,,,,,
1856.35,,,0.0,,,,,,,
1961.04,,,,1.0,,,,,,
1961.2,,,,0.0,,,,,,
1979.62,,,1.0,,,,,,,
1979.68,,,0.0,,,,,,,
2027.61,,,1.0,,,,,,,
2027.75,,,0.0,,,,,,,
2060.89,,,,,,,,1.0,,
2060.9,,,,,,,,0.0,,
2081.58,,,,0.0,,,,,,
2283.1,,,,,,,,,,0.0
2330.28,,,,,,,,1.0,,
2330.29,,,,,,,,0.0,,
2412.64,,,,,,,,1.0,,
2413.06,,,,,,,,0.0,,
2443.96,,,,,,,,,,1.0
2444.09,,,,,,,,,,0.0
2451.57,1.0,,,,,,,,,
2451.59,0.0,,,,,,,,,
2552.16,,,1.0,,,,,,,
2552.32,,,0.0,,,,,,,
2710.97,,,,,,,,1.0,,
2710.98,,,,,,,,0.0,,
2930.52,,,,,,,,,,1.0
2930.53,,,,,,,,,,0.0
2954.88,,,,,,,,1.0,,
2955.17,,,,,,,,0.0,,
3029.47,,,1.0,,,,,,,
3029.6,,,0.0,,,,,,,
3092.61,,,1.0,,,,,,,
3093.03,,,0.0,,,,,,,
3094.24,1.0,,,,,,,,,
3094.25,0.0,,,,,,,,,
3103.13,,,,,,,,,,1.0
3103.14,,,,,,,,,,0.0
3103.98,,,1.0,,,,,,,
3104.06,,,0.0,,,,,,,
3514.29,,,,,,,,1.0,,
3514.42,,,,,,,,0.0,,
3524.06,,,1.0,,,,,,,
3524.5,,,0.0,,,,,,,
3575.13,,,,,,,,1.0,,
3575.25,0.0,0.0,0.0,,0.0,0.0,0.0,0.0,0.0,0.0
