time,10.32.89.135:53034:1,10.32.90.233:48656:1,10.32.91.41:43934:1,10.32.93.188:53028:1,10.32.93.9:38008:1
0.0,2.0,2.0,2.0,,2.0
2.06,,,,1.0,
5.76,,,,0.0,
5.77,,,,2.0,
18.59,,,2.0,,
19.01,,,1.0,,
19.02,,,2.0,,
22.63,,,,,2.0
30.74,1.0,,,,
30.75,2.0,,,,
30.83,,,,,1.0
30.84,,,,,2.0
34.19,,,,2.0,
34.21,,,,2.0,
38.1,,2.0,,,
38.18,,2.0,,,
39.93,,,1.0,,
39.94,,,2.0,,
39.99,,,1.0,,
40.0,,,2.0,,
43.71,1.0,,,,
43.72,2.0,,,,
49.23,,,,,2.0
59.14,,,,,2.0
59.48,2.0,,,,
59.91,,,1.0,,
59.92,,,2.0,,
63.89,,,1.0,,
63.9,,,2.0,,
64.78,2.0,,,,
70.14,,,,,2.0
70.38,,2.0,,,
70.41,,2.0,,,
81.68,,,,,2.0
83.61,,,1.0,,
83.63,,,2.0,,
84.01,,,,2.0,
84.21,,,,1.0,
84.22,,,,2.0,
87.76,,,2.0,,
87.95,1.0,,,,
87.96,2.0,,,,
92.68,,,,,2.0
93.05,2.0,,,,
94.58,,,,,2.0
95.3,,1.0,,,
95.31,,2.0,,,
100.72,,2.0,,,
111.18,,,1.0,,
111.19,,,2.0,,
116.05,,,,,1.0
116.06,,,,,2.0
117.82,,,,,2.0
121.57,,2.0,,,
121.71,,2.0,,,
122.09,,,1.0,,
122.1,,,2.0,,
123.5,2.0,,,,
123.78,1.0,,,,
123.79,2.0,,,,
132.91,,,,2.0,
133.11,,,,2.0,
134.38,,,2.0,,
136.66,,,,1.0,
136.66,,,,2.0,
137.18,,,,2.0,
138.72,,,,,2.0
140.35,,,,,1.0
140.36,,,,,2.0
144.57,,2.0,,,
144.77,,2.0,,,
146.44,,,2.0,,
157.13,,,1.0,,
157.15,,,2.0,,
158.19,2.0,,,,
158.75,2.0,,,,
163.9,,,,1.0,
163.91,,,,2.0,
164.59,,,,1.0,
164.6,,,,2.0,
170.61,,,2.0,,
172.99,,,,,2.0
173.2,,,,,2.0
177.76,,2.0,,,
178.6,,1.0,,,
178.61,,2.0,,,
179.61,2.0,,,,
180.28,,,1.0,,
180.29,,,2.0,,
190.71,2.0,,,,
192.23,2.0,,,,
199.89,,,1.0,,
199.9,,,2.0,,
200.28,,,2.0,,
205.72,2.0,,,,
211.78,,,,2.0,
211.84,,,,1.0,
211.85,,,,2.0,
213.03,,,,,1.0
213.04,,,,,2.0
213.4,,,,,1.0
213.41,,,,,2.0
213.8,,2.0,,,
213.91,,2.0,,,
220.01,2.0,,,,
224.89,,,1.0,,
224.9,,,2.0,,
225.15,,,2.0,,
227.81,,,,,1.0
227.82,,,,,2.0
230.79,,1.0,,,
230.8,,2.0,,,
233.91,2.0,,,,
236.02,,,,,1.0
236.03,,,,,2.0
240.28,,1.0,,,
240.29,,2.0,,,
250.49,,2.0,,,
250.6,,,,,1.0
250.61,,,,,2.0
253.17,2.0,,,,
253.49,,,,2.0,
253.56,,1.0,,,
253.57,,2.0,,,
253.69,,1.0,,,
253.7,,2.0,,,
253.8,,,,1.0,
253.81,,,,2.0,
258.74,,,,,1.0
258.75,,,,,2.0
259.17,,,1.0,,
259.18,,,2.0,,
259.89,,,1.0,,
262.49,1.0,,,,
271.74,,,,,1.0
276.5,,1.0,,,
276.68,,0.0,,,
276.69,,1.0,,,
280.77,,,,1.0,
281.05,,,,0.0,
281.06,,,,1.0,
281.69,,0.0,,,
281.7,,1.0,,,
282.0,,,,,1.0
285.52,0.0,,,,
285.54,1.0,,,,
286.93,,1.0,,,
287.0,,,,1.0,
287.25,,,,,1.0
290.23,1.0,,,,
290.79,,,0.0,,
290.8,,,1.0,,
291.91,,0.0,,,
292.35,,,,,0.0
292.92,,,,0.0,
294.35,,1.0,,,
294.77,0.0,,,,
295.86,,,0.0,,
295.92,,,,1.0,
297.73,,0.0,,,
297.77,,,,,1.0
299.08,1.0,,,,
299.16,,,,0.0,
300.55,,,,,0.0
300.57,,,1.0,,
301.48,0.0,,,,
302.14,,1.0,,,
303.75,,,0.0,,
303.93,1.0,,,,
304.58,,0.0,,,
305.5,,,,,1.0
306.13,0.0,,,,
306.75,1.0,1.0,1.0,1.0,
307.75,,,,,1.0
309.41,,,,1.0,
309.57,0.0,,,,
309.61,1.0,,,,
309.77,,,0.0,,
309.82,,0.0,,,
309.83,,,1.0,,
309.89,,1.0,,,
311.0,0.0,,,,
311.04,1.0,,,,
311.39,,0.0,,,
311.42,,,0.0,,
311.45,,1.0,,,
311.49,,,1.0,,
311.5,,,,,0.0
311.56,,,,,1.0
312.38,,,,0.0,
312.43,0.0,,,,
312.45,,,,1.0,
312.47,1.0,,,,
312.79,,0.0,,,
312.85,,1.0,,,
354.29,,0.0,,,
354.42,,1.0,,,
354.48,,,,,0.0
354.58,,,,,1.0
357.21,,,,0.0,
357.35,,,,1.0,
363.0,0.0,,,,
363.19,1.0,,,,
363.64,,,0.0,,
363.76,,,1.0,,
394.06,,,,,0.0
401.96,,0.0,,,
406.01,,,0.0,,
408.13,0.0,,,,
411.59,,,,0.0,
411.7,0.0,0.0,,,0.0
411.71,,,0.0,0.0,
