time,workflow_completion_percentage,10.32.89.135:53034:1,10.32.90.233:48656:1,10.32.91.41:43934:1,10.32.93.188:53028:1,10.32.93.9:38008:1
0.0,0.0,9.557342529296874e-05,9.557342529296874e-05,9.557342529296874e-05,0.0,9.557342529296874e-05
2.07,0.0,,,,6.029048313140869,
5.77,0.7142857142857143,,,,6.029143886566162,
276.69,68.57142857142857,,0.001874275207519531,,,
281.06,70.0,,,,6.030854412078857,
281.7,70.71428571428571,,0.003983242034912109,,,
282.0,70.71428571428571,,,,,0.001904388427734375
285.54,72.14285714285714,0.0019307861328125,,,,
286.93,72.14285714285714,,0.005821170806884766,,,
287.0,73.57142857142857,,,,6.032661350250244,
287.25,73.57142857142857,,,,,0.003945869445800781
290.23,74.28571428571429,0.003741603851318359,,,,
290.8,75.71428571428571,,,0.0021487998962402342,,
297.76,77.85714285714286,,6.521920162200928,,11.41729457473755,
302.14,80.0,4.767252048492432,,4.765670345306396,,5.129072242736816
306.75,84.28571428571429,9.535332847595216,11.291696880340577,4.7695807876586915,16.18083832168579,9.892604888916015
307.75,85.0,,,,,9.892670154571533
309.41,85.0,,,,16.184263401031494,
309.61,86.42857142857142,9.538693710327149,,,,
309.83,87.14285714285714,,,4.769711318969726,,
309.84,87.85714285714286,,,4.773072818756104,,
309.9,87.85714285714286,,11.295057971954346,,,
311.03,88.57142857142857,9.5388895072937,,,,
311.04,88.57142857142857,9.541609157562256,,,,
311.46,90.0,,11.298614570617675,,,
311.49,90.0,,,4.779891803741456,,
311.56,90.71428571428571,,,,,9.897218307495118
312.46,92.14285714285714,,,,16.184830738067628,
312.47,92.14285714285714,9.54479393005371,,,,
312.85,92.85714285714285,,11.301974384307861,,,
354.41,93.57142857142857,,11.302150531768799,,,
354.42,93.57142857142857,,11.304870182037353,,,
354.57,94.28571428571428,,,,,9.897357101440429
354.58,94.28571428571428,,,,,9.900718601226806
357.34,95.0,,,,16.184886768341062,
357.35,95.0,,,,16.188330623626708,
363.19,95.71428571428571,9.544970077514648,,,,
363.75,96.42857142857143,,,4.78004927444458,,
363.76,96.42857142857143,,,4.782768924713135,,
411.7,100.0,0.0,0.0,,,0.0
411.71,100.0,,,0.0,0.0,
411.72,100.0,0.0,0.0,0.0,0.0,0.0
