time,workflow_completion_percentage,10.32.89.107:38130:1,10.32.89.11:42958:1,10.32.89.121:54418:1,10.32.89.243:47586:1,10.32.89.93:46762:1
0.0,0.0,0.023893356323242188,0.0,0.023893356323242188,0.023893356323242188,0.023893356323242188
258.64,66.42857142857143,,,,,0.48002052307128906
262.93,66.42857142857143,,,,,0.4780406951904297
265.24,67.14285714285714,,,,,1507.7428941726685
268.85,68.57142857142857,,,,,1507.7611045837402
270.8,70.0,,,,,1507.7401189804077
270.86,70.71428571428571,,,,,1507.7551336288452
273.45,71.42857142857143,,,0.4461936950683594,,
276.03,72.14285714285714,,1629.0514163970947,,,
277.96,72.14285714285714,,,0.7724676132202148,,
277.98,72.85714285714285,,,0.9100685119628906,,
281.11,73.57142857142857,,1629.048641204834,,1346.1849746704102,
281.2,74.28571428571429,,1629.199857711792,,,
282.74,74.28571428571429,,,1.9294157028198242,,
283.31,75.0,,1629.1788721084595,,,
283.36,75.71428571428571,,1629.732624053955,,,
284.32,75.71428571428571,,,,1346.1821994781494,
284.33,76.42857142857142,,,,1346.3446416854858,
286.2,76.42857142857142,,,,1346.3236560821533,
286.24,77.14285714285714,,,,1346.3386707305908,
288.75,78.57142857142857,1281.308261871338,1630.2774667739868,,,
291.72,78.57142857142857,1281.5294075012207,,,,
292.99,79.28571428571428,,1630.88347530365,,,
293.5,80.71428571428572,1281.5084218978882,,,,
295.65,80.71428571428572,2472.3888082504272,,,,
298.35,80.71428571428572,2472.407018661499,,,,
298.36,81.42857142857143,2472.5672006607056,,,,
300.0,82.14285714285714,2472.546215057373,,,,
300.03,82.14285714285714,2472.5612297058105,,,,
337.01,82.14285714285714,,,1.9144010543823242,,
337.36,82.85714285714285,,,2.3761720657348633,,
342.0,83.57142857142857,,,2.374192237854004,,
343.15,83.57142857142857,,,1193.254578590393,,
345.56,83.57142857142857,,,1193.2727890014648,,
347.11,84.28571428571429,,,1193.2518033981323,,
347.14,85.0,,,1193.2668180465698,,
354.4,85.0,,,,,1507.7401189804077
354.89,85.71428571428571,,,,,1508.2460889816284
355.61,85.71428571428571,,,,1346.3236560821533,
357.08,86.42857142857142,,,,2537.2040424346924,
359.05,86.42857142857142,,,,,1508.2441091537476
359.08,87.14285714285714,,,,,1508.6736040115356
359.88,87.14285714285714,,,,2537.222252845764,
359.89,87.85714285714286,,,,2537.3822841644287,
360.55,87.85714285714286,,1630.8684606552124,,,
360.86,88.57142857142857,,1631.7234191894531,,,
361.62,88.57142857142857,,,,2537.361298561096,
363.75,89.28571428571428,2472.546215057373,,,,1508.6716241836548
364.15,90.71428571428571,,,,3728.2416849136353,
365.22,90.71428571428571,3663.426601409912,,,,1509.1238012313843
366.56,90.71428571428571,,,,3728.4200592041016,
367.99,91.42857142857143,3663.438840866089,,,,
368.0,92.14285714285714,3664.278917312622,,,,
368.13,92.14285714285714,,,,3728.399073600769,
368.17,92.85714285714285,,,,3728.817328453064,
368.33,92.85714285714285,,,,,1509.1218214035034
368.39,93.57142857142857,,,,,1509.8227195739746
370.28,93.57142857142857,,,,,1509.801733970642
370.32,94.28571428571428,,,,,1509.8167486190796
372.64,94.28571428571428,,,,3728.815348625183,
374.1,95.0,,,,4919.695734977722,
376.87,95.0,,,,4919.692959785461,
376.88,95.71428571428571,,,,4919.713945388794,
378.45,95.71428571428571,,,,4919.692959785461,
378.49,96.42857142857143,,,,4919.707974433899,
397.77,96.42857142857143,,,1193.2518033981323,,
417.03,97.14285714285714,3664.2639026641846,,,,
425.54,97.85714285714285,,,,,1509.801733970642
425.91,98.57142857142857,,1631.7084045410156,,,
440.93,99.28571428571428,,,,4919.692959785461,
441.28,100.0,0.0,0.0,0.0,0.0,0.0
