time,cumulative_size_mb
0.0,304.96464920043945
5.25,618.5863389968872
8.99,760.715482711792
10.29,815.8244676589966
10.84,842.2607707977295
11.37,862.9553337097168
11.44,871.2824802398682
11.57,874.1486215591431
11.6,875.5772409439087
11.75,877.0118350982666
11.86,878.4441947937012
11.97,879.8967332839966
12.01,881.3278007507324
12.04,882.7492837905884
12.11,887.0485324859619
12.15,888.4760847091675
12.26,889.911618232727
12.29,891.3320484161377
12.34,892.511134147644
12.46,893.937611579895
12.51,895.3932399749756
12.59,896.8346347808838
12.67,898.2652759552002
12.69,899.690920829773
12.75,901.1283140182495
12.78,902.2855749130249
12.82,903.7163715362549
12.86,905.1533451080322
12.98,906.3296575546265
13.0,907.7644395828247
13.15,909.1928730010986
13.2,910.6129856109619
13.21,912.0443592071533
13.26,914.9055986404419
13.28,916.3378896713257
13.43,917.7766819000244
13.46,920.6436967849731
13.5,923.2226123809814
13.52,924.3716106414795
13.55,925.9510631561279
13.61,927.1196804046631
13.88,936.3015213012695
14.57,960.7661504745483
15.08,985.549313545227
15.67,1017.5062341690063
16.2,1030.7829732894897
16.21,1033.4865427017212
16.66,1036.402021408081
16.67,1049.605076789856
17.34,1062.48783493042
18.12,1092.9468564987183
18.69,1123.4294233322144
19.1,1139.2646799087524
19.35,1157.7949657440186
19.76,1171.0686597824097
20.08,1186.9899682998657
20.31,1195.7580585479736
20.52,1204.5825471878052
20.62,1213.1457500457764
20.63,1214.5999908447266
20.65,1216.0842561721802
20.78,1217.5708303451538
20.87,1220.5430326461792
20.94,1221.9915752410889
20.96,1223.4811878204346
21.0,1224.9697828292847
21.02,1226.4087190628052
21.05,1229.1043767929077
21.12,1233.475209236145
21.15,1236.1106004714966
21.22,1237.3167266845703
21.23,1238.8111381530762
24.57,1240.0471000671387
24.58,1241.0962944030762
24.59,1253.89262008667
24.6,1269.9628715515137
24.61,1278.2328300476074
24.62,1288.16996383667
24.63,1292.3475151062012
24.65,1311.0572319030762
24.66,1319.4205741882324
24.67,1329.0665702819824
24.68,1345.4169731140137
24.69,1354.7004203796387
24.7,1364.0580253601074
24.71,1379.83988571167
24.72,1385.79447555542
24.73,1390.397747039795
24.74,1417.5394706726074
24.75,1428.1962089538574
24.76,1444.43949508667
24.77,1449.877727508545
24.78,1467.6233940124512
24.79,1479.83744430542
24.8,1487.648723602295
24.81,1500.7499198913574
24.82,1517.2925834655762
24.84,1535.7441215515137
24.85,1545.3434257507324
24.86,1549.4385795593262
24.87,1569.0986137390137
24.88,1574.49564743042
24.9,1582.9386405944824
29.0,2832.7357482910156
34.31,3423.0001335144043
34.32,4391.807506561279
35.54,4511.358637809753
35.61,4521.128826141357
35.62,4522.5503282547
35.78,4523.993406295776
35.93,4525.1564264297485
36.0,4526.588484764099
36.05,4528.021099090576
36.07,4529.476724624634
36.24,4530.885132789612
36.35,4532.319179534912
36.65,4533.752402305603
36.69,4535.185506820679
36.74,4536.615242958069
36.86,4538.040648460388
37.27,4555.014307975769
37.31,4556.174296379089
37.53,4557.605068206787
37.54,4559.048421859741
37.57,4560.4777936935425
37.7,4561.9086627960205
37.88,4563.348055839539
37.96,4564.783170700073
37.97,4566.219334602356
37.99,4567.652188301086
38.0,4569.081201553345
38.02,4570.5159740448
38.21,4571.952092170715
38.22,4573.387803077698
38.38,4574.815014839172
38.56,4576.237076759338
38.81,4580.518675804138
38.83,4584.807671546936
38.93,4585.971031188965
38.99,4588.861108779907
39.0,4590.2901821136475
39.03,4591.715411186218
39.05,4593.1392431259155
39.2,4594.5940284729
39.21,4596.020453453064
39.22,4597.4496030807495
39.25,4598.628667831421
39.3,4600.05686378479
39.31,4601.217884063721
39.33,4602.650923728943
39.34,4605.303244590759
39.38,4606.720750808716
39.42,4608.149054527283
39.61,4609.576279640198
39.65,4611.0139055252075
39.79,4612.44460773468
39.82,4613.878565788269
39.93,4615.29741191864
39.94,4617.887089729309
39.96,4620.490230560303
40.02,4623.362977981567
40.18,4634.569488525391
40.24,4635.991974830627
40.3,4637.16805934906
40.35,4638.59441947937
40.42,4640.020341873169
40.52,4642.886156082153
40.53,4644.319121360779
40.62,4645.753518104553
40.71,4654.354857444763
40.72,4660.092834472656
40.81,4661.52402305603
40.86,4662.942761421204
40.99,4664.102938652039
41.17,4665.251936912537
41.19,4666.684470176697
41.25,4668.123552322388
41.47,4669.55118560791
41.48,4675.013787269592
41.56,4676.440264701843
41.57,4679.337287902832
41.67,4680.767929077148
41.75,4682.193573951721
41.84,4683.630967140198
41.95,4685.061763763428
41.96,4686.219024658203
42.0,4688.832310676575
42.01,4690.267092704773
42.02,4691.695526123047
42.04,4693.11563873291
42.06,4695.9767780303955
42.08,4697.40825176239
42.1,4699.0590467453
42.12,4700.572862625122
42.16,4702.229808807373
42.2,4703.764726638794
42.25,4705.381711006165
42.27,4706.905173301697
42.41,4710.045611381531
42.53,4711.640326499939
42.69,4720.8173542022705
42.88,4731.640246391296
43.01,4737.841317176819
43.03,4740.970398902893
43.11,4742.480244636536
43.13,4744.056706428528
43.21,4745.580025672913
43.23,4750.2014808654785
43.24,4751.4567975997925
43.3,4752.685869216919
43.35,4754.242919921875
43.49,4757.415271759033
43.53,4762.060942649841
43.66,4763.623003959656
43.69,4766.776301383972
43.7,4768.300464630127
43.81,4769.823223114014
43.82,4771.420387268066
43.93,4772.649374008179
44.0,4774.225549697876
44.05,4775.804015159607
44.11,4777.383280754089
44.17,4778.968018531799
44.25,4782.108966827393
44.31,4783.675324440002
44.32,4786.8172082901
44.36,4791.354537010193
44.38,4792.930723190308
44.4,4794.517130851746
44.5,4796.096957206726
44.54,4797.681049346924
44.59,4799.248193740845
44.65,4800.847118377686
44.67,4802.360682487488
44.77,4805.388591766357
44.78,4806.960443496704
44.79,4808.4843492507935
44.83,4809.992746353149
44.88,4811.561689376831
44.94,4814.652569770813
45.13,4816.214256286621
45.3,4817.773296356201
45.37,4819.073875427246
45.45,4820.640224456787
45.47,4822.207253456116
45.54,4823.778853416443
45.65,4825.304780006409
45.74,4826.871490478516
45.93,4835.908259391785
46.25,4845.0630559921265
46.3,4846.644278526306
46.33,4848.217721939087
46.51,4849.7748012542725
46.6,4851.293140411377
46.62,4852.869442939758
46.68,4854.37983417511
46.71,4855.933332443237
46.72,4859.066869735718
46.73,4860.611926078796
46.83,4862.1396226882935
46.88,4863.681212425232
46.9,4865.247260093689
46.92,4866.827799797058
47.0,4869.905526161194
47.01,4873.026752471924
47.06,4874.59037399292
47.11,4876.18443775177
47.22,4877.713673591614
47.23,4879.222944259644
47.25,4880.731011390686
47.29,4882.300707817078
47.32,4883.583109855652
47.35,4885.1509046554565
47.38,4886.718430519104
47.41,4888.268367767334
47.44,4889.56297492981
47.47,4891.133818626404
47.5,4892.655497550964
47.51,4894.2274379730225
47.65,4897.310397148132
47.66,4900.453543663025
47.8,4901.727347373962
47.84,4903.284559249878
47.93,4906.407274246216
47.96,4909.270281791687
48.01,4912.34544467926
48.04,4913.901825904846
48.09,4915.484776496887
48.13,4918.312202453613
48.17,4919.883806228638
48.2,4921.458326339722
48.22,4923.055720329285
48.35,4924.335414886475
48.4,4925.613648414612
48.43,4927.184194564819
48.46,4928.709009170532
48.57,4931.742938041687
48.59,4933.316801071167
48.61,4934.910859107971
48.65,4938.010191917419
48.67,4939.596064567566
48.72,4941.1648054122925
48.73,4944.356919288635
48.75,4945.942903518677
48.78,4947.46398639679
48.79,4949.041264533997
48.91,4950.591101646423
49.0,4952.143656730652
49.09,4953.735689163208
49.16,4955.313866615295
49.22,4956.874155044556
49.26,4959.90699672699
49.3,4961.4350662231445
49.34,4962.973518371582
49.35,4964.247505187988
49.41,4965.788503646851
49.48,4971.735388755798
49.62,4973.312542915344
49.63,4974.824489593506
49.69,4976.10488319397
49.72,4977.738214492798
49.74,4979.25225353241
49.75,4982.352125167847
49.76,4983.873248100281
49.81,4985.44292640686
49.93,4986.730899810791
49.97,4988.251010894775
50.1,4989.772050857544
50.34,4991.36433506012
50.36,4992.890439033508
50.46,4994.185374259949
50.53,4995.777522087097
50.55,4997.0655879974365
50.56,4998.572396278381
50.57,5000.137314796448
50.61,5001.695732116699
50.77,5004.788963317871
50.82,5006.354966163635
50.88,5007.603187561035
50.91,5013.905579566956
50.97,5015.428356170654
51.01,5017.033816337585
51.06,5018.3103857040405
51.08,5019.895425796509
51.19,5021.387807846069
51.26,5022.909338951111
51.27,5024.487957000732
51.3,5026.0029945373535
51.37,5027.609930038452
51.38,5029.16322517395
53.96,5031.44838142395
53.97,5039.57826423645
53.98,5058.697221755981
53.99,5062.792375564575
54.0,5090.351579666138
54.01,5094.919145584106
54.02,5106.369646072388
54.03,5124.271867752075
54.04,5129.026201248169
54.05,5138.749101638794
54.06,5154.572160720825
54.07,5167.755754470825
54.08,5175.94056892395
54.09,5188.2672290802
54.1,5201.426103591919
54.11,5209.679582595825
54.12,5221.283891677856
54.13,5235.107439041138
54.16,5251.257341384888
54.17,5270.541093826294
54.18,5275.111406326294
54.19,5279.220293045044
54.2,5306.1285572052
54.21,5307.383745193481
54.22,5320.47670173645
54.23,5332.726457595825
54.24,5344.001176834106
54.25,5367.998064041138
54.26,5378.259294509888
54.27,5386.663835525513
54.28,5407.147844314575
54.29,5415.832536697388
54.3,5422.5836353302
54.31,5436.371477127075
54.32,5444.322832107544
54.33,5455.614030838013
54.34,5469.044816970825
54.35,5477.784440994263
54.36,5482.176225662231
54.37,5498.636491775513
54.38,5512.067277908325
54.4,5527.873857498169
54.41,5531.065385818481
54.42,5545.688188552856
54.43,5557.506731033325
54.44,5575.787981033325
54.46,5591.556108474731
54.47,5595.736406326294
54.48,5608.505266189575
54.49,5631.944597244263
54.5,5640.934160232544
54.51,5657.509782791138
54.52,5669.501359939575
54.53,5687.392595291138
54.54,5697.925737380981
54.55,5701.828630447388
54.56,5719.750078201294
54.58,5735.251787185669
54.59,5751.717546463013
54.6,5755.859392166138
54.61,5773.907182693481
54.62,5783.435075759888
54.63,5796.085832595825
54.65,5804.152544021606
54.66,5808.934343338013
54.67,5824.960649490356
54.68,5838.259599685669
54.69,5849.657915115356
54.7,5866.62904548645
54.71,5871.759660720825
54.72,5876.014116287231
54.73,5898.341081619263
54.74,5907.003801345825
54.75,5930.797441482544
54.76,5938.877885818481
54.77,5952.822282791138
54.78,5961.070268630981
54.79,5970.4937915802
54.8,5982.781999588013
54.81,5986.852434158325
54.82,6011.544206619263
54.83,6016.545732498169
54.84,6028.888872146606
54.85,6030.047929763794
54.86,6054.091508865356
54.87,6063.004167556763
54.88,6073.292863845825
54.9,6090.1129322052
54.91,6093.592851638794
54.92,6108.457353591919
54.93,6113.977983474731
54.94,6132.723405838013
54.95,6136.857011795044
54.96,6156.261613845825
54.97,6164.2926197052
54.98,6173.076189041138
54.99,6185.444047927856
55.0,6215.082414627075
55.01,6223.096940994263
75.8,6528.061590194702
76.77,6528.594427108765
81.09,7751.428339004517
81.1,7994.627191543579
84.18,8114.178322792053
84.51,8143.812970161438
84.55,8145.235733032227
84.56,8146.669737815857
84.73,8148.084616661072
84.75,8149.246747970581
84.77,8150.684042930603
85.02,8152.117867469788
85.1,8153.542196273804
85.22,8154.96875
85.42,8156.39318561554
85.57,8157.833992958069
85.83,8158.993981361389
85.92,8160.424753189087
85.97,8161.868106842041
86.08,8163.297478675842
86.2,8164.72834777832
86.24,8166.167740821838
86.33,8167.602855682373
86.37,8169.039019584656
86.61,8170.471873283386
86.65,8171.9008865356445
86.83,8173.3356590271
86.9,8174.771777153015
86.93,8177.634699821472
87.1,8180.482012748718
87.18,8181.917176246643
87.2,8183.338360786438
87.24,8184.766932487488
87.25,8186.1977434158325
87.3,8187.627356529236
87.31,8188.790716171265
87.55,8190.229245185852
87.67,8191.680793762207
87.83,8193.109867095947
87.94,8194.535096168518
87.99,8195.958928108215
88.01,8198.840138435364
88.06,8201.44835281372
88.17,8210.968739509583
88.2,8212.395964622498
88.23,8213.833590507507
88.36,8215.26429271698
88.42,8216.698250770569
88.45,8218.11709690094
88.46,8219.27860736847
88.49,8220.706774711609
88.5,8221.876894950867
88.51,8226.182662963867
88.54,8227.622756004333
88.56,8230.221789360046
88.6,8233.093354225159
88.69,8234.527939796448
88.85,8235.958822250366
88.99,8237.38917350769
89.04,8242.840026855469
89.06,8244.275699615479
89.07,8245.705841064453
89.09,8247.138806343079
89.16,8248.573203086853
89.2,8254.300520896912
89.24,8255.753059387207
89.27,8257.184126853943
89.29,8258.605609893799
89.48,8260.038143157959
89.5,8261.47722530365
89.54,8262.904858589172
89.62,8264.332410812378
89.69,8265.767944335938
89.71,8267.188374519348
89.75,8268.367460250854
89.88,8274.12160205841
89.9,8276.98464012146
89.93,8278.141901016235
89.95,8279.572697639465
89.97,8281.009671211243
90.01,8282.185983657837
90.06,8283.620765686035
90.1,8287.900685310364
90.11,8292.194215774536
90.13,8293.633008003235
90.22,8295.06883430481
90.35,8296.500022888184
90.4,8297.918761253357
90.44,8299.078938484192
90.59,8300.22793674469
90.66,8301.743993759155
90.68,8303.171140670776
90.82,8304.608365058899
90.91,8306.125442504883
90.95,8307.28223991394
91.01,8308.714592933655
91.04,8312.825845718384
91.05,8314.257688522339
91.1,8315.678363800049
91.16,8318.529564857483
91.22,8320.048678398132
91.23,8324.069790840149
91.26,8325.49774646759
91.29,8327.022082328796
91.32,8329.627906799316
91.4,8331.064065933228
91.44,8332.486967086792
91.49,8335.35302066803
91.5,8336.778692245483
91.54,8338.208703994751
91.68,8339.733533859253
91.7,8341.167518615723
91.75,8342.606201171875
91.88,8344.035661697388
91.92,8345.470749855042
91.98,8346.916012763977
91.99,8348.345310211182
92.01,8349.784393310547
92.04,8351.209487915039
92.26,8352.644009590149
92.3,8354.065735816956
92.31,8355.505716323853
92.35,8356.933550834656
92.45,8358.365800857544
92.46,8361.234882354736
92.5,8362.661155700684
92.52,8364.098658561707
92.55,8368.389986038208
92.57,8369.822131156921
92.58,8374.132828712463
92.73,8375.561793327332
92.75,8378.552344322205
92.78,8379.98921585083
93.25,8381.426294326782
93.29,8384.28482055664
93.32,8385.717678070068
93.37,8387.13981628418
93.47,8388.567419052124
93.5,8390.002837181091
93.65,8391.450455665588
93.68,8395.746129989624
93.75,8397.177616119385
93.77,8398.663347244263
93.88,8400.098964691162
93.93,8401.52824306488
93.94,8402.96489238739
93.97,8404.391648292542
93.98,8405.822219848633
93.99,8407.261649131775
94.02,8408.695790290833
94.04,8410.130737304688
94.1,8411.559741020203
94.17,8412.992932319641
94.19,8414.41703414917
94.2,8417.01068019867
94.22,8418.434918403625
94.3,8419.869938850403
94.32,8424.190887451172
94.33,8425.61874961853
94.37,8426.779295921326
94.49,8428.212854385376
94.55,8429.640127182007
94.57,8431.06162929535
94.58,8432.504707336426
94.68,8433.667727470398
94.69,8435.099785804749
94.8,8436.532400131226
94.97,8439.396433830261
95.04,8440.830480575562
95.15,8445.126543998718
95.23,8446.551949501038
95.25,8447.986751556396
95.28,8449.413715362549
95.3,8450.836478233337
95.37,8452.270483016968
95.42,8453.685361862183
95.43,8454.847493171692
95.63,8456.284788131714
95.68,8457.718612670898
95.7,8459.142941474915
95.75,8460.56949520111
95.78,8461.99393081665
95.83,8463.43473815918
95.87,8464.5947265625
95.94,8466.025498390198
95.95,8467.468852043152
96.04,8468.898223876953
96.1,8470.329092979431
96.23,8471.76848602295
96.28,8474.639764785767
96.29,8476.072618484497
96.36,8477.501631736755
96.43,8478.93640422821
96.48,8483.235445022583
96.49,8484.657506942749
96.5,8486.08275794983
96.56,8487.517921447754
96.57,8488.939105987549
96.58,8490.367677688599
96.6,8491.798488616943
96.63,8493.228101730347
96.65,8494.391461372375
96.7,8495.829990386963
96.72,8497.281538963318
96.73,8500.135841369629
96.74,8501.559673309326
96.93,8503.014458656311
96.95,8504.440883636475
97.05,8505.87003326416
97.07,8507.049098014832
97.15,8508.4772939682
97.18,8509.638314247131
97.33,8512.23332118988
97.57,8513.72367477417
97.75,8515.141180992126
97.82,8517.996709823608
97.84,8522.29899597168
97.87,8523.71784210205
98.01,8524.87935256958
98.04,8526.30751991272
98.11,8527.477640151978
98.18,8528.910660743713
98.19,8530.342101097107
98.25,8531.783408164978
98.3,8533.223501205444
98.31,8534.394128799438
98.4,8535.822534561157
98.43,8537.254108428955
98.44,8538.69409942627
98.47,8541.559567451477
98.48,8542.989918708801
98.68,8544.412405014038
98.71,8545.58848953247
98.72,8547.01484966278
98.76,8548.44077205658
98.78,8549.87644481659
98.86,8551.306586265564
98.91,8552.73955154419
98.95,8554.173948287964
99.02,8557.03431224823
99.03,8558.468906402588
99.05,8561.353804588318
99.08,8564.20635509491
99.09,8565.63888835907
99.18,8568.505603790283
99.2,8569.933156013489
99.21,8572.789119720459
99.25,8573.968205451965
99.26,8575.394682884216
99.33,8576.850311279297
99.37,8579.722347259521
99.46,8582.58538532257
99.47,8586.610416412354
99.62,8587.786728858948
99.74,8589.221510887146
99.75,8592.070056915283
99.77,8593.501430511475
99.86,8594.931196212769
99.92,8596.362669944763
99.98,8597.794960975647
100.16,8599.233753204346
100.23,8600.66957950592
100.32,8602.100768089294
100.35,8604.679683685303
100.36,8605.8286819458
103.72,8611.03620147705
103.73,8614.343086242676
103.74,8632.50074005127
103.75,8650.27661895752
103.76,8663.839241027832
103.78,8680.346199035645
103.79,8697.218452453613
103.8,8704.469429016113
103.81,8708.421760559082
103.82,8732.270332336426
103.83,8740.41120147705
103.84,8751.202522277832
103.85,8762.674995422363
103.86,8774.757209777832
103.87,8778.715034484863
103.88,8795.092903137207
103.9,8810.687995910645
103.91,8824.028144836426
103.92,8826.6978225708
103.93,8834.566780090332
103.94,8861.054817199707
105.19,9334.038215637207
105.2,9787.194038391113
110.83,10092.158687591553
114.62,11460.358200073242
114.63,11600.664596557617
117.0,11720.215727806091
117.06,11728.558643341064
117.11,11729.985916137695
117.28,11745.563203811646
117.29,11748.423411369324
117.32,11749.850375175476
117.45,11751.273138046265
117.58,11752.707142829895
117.81,11754.12202167511
117.9,11755.28415298462
117.91,11758.155272483826
117.97,11759.579601287842
118.2,11761.006155014038
118.24,11762.430590629578
118.72,11763.871397972107
118.93,11765.031386375427
119.19,11766.462158203125
119.2,11767.90551185608
119.22,11769.33488368988
119.25,11770.765752792358
119.29,11772.205145835876
119.32,11773.640260696411
119.37,11775.076424598694
119.42,11776.509278297424
119.45,11777.938291549683
119.94,11779.373064041138
119.98,11780.809182167053
120.02,11782.244893074036
120.16,11783.67210483551
120.25,11785.094166755676
120.26,11786.519417762756
120.5,11787.954581260681
120.52,11789.375765800476
120.63,11790.804337501526
120.72,11792.23514842987
120.73,11793.664761543274
120.79,11794.828121185303
120.8,11796.26665019989
120.84,11797.718198776245
120.85,11800.572501182556
120.9,11801.996333122253
120.94,11804.877543449402
120.97,11811.50801372528
121.06,11812.669981002808
121.12,11814.160334587097
121.2,11815.577840805054
121.24,11819.870995521545
121.25,11822.735655784607
121.27,11824.154501914978
121.31,11825.316012382507
121.37,11826.744179725647
121.46,11830.778760910034
121.5,11832.220067977905
121.51,11833.660161018372
121.62,11834.830788612366
121.66,11836.259194374084
121.68,11837.690768241882
121.75,11839.130759239197
121.77,11840.565344810486
121.81,11841.996227264404
121.92,11843.426578521729
121.97,11844.849064826965
122.0,11846.025149345398
122.05,11847.451509475708
122.1,11848.877431869507
122.13,11850.313104629517
122.17,11854.610608100891
122.18,11857.470972061157
122.23,11858.905566215515
122.24,11860.33792591095
122.25,11861.790464401245
122.27,11863.221531867981
122.3,11867.514630317688
122.42,11870.369815826416
122.5,11871.805349349976
122.51,11873.225779533386
122.6,11874.404865264893
122.68,11875.831342697144
122.7,11877.286971092224
122.82,11878.728365898132
123.08,11880.159007072449
123.17,11881.584651947021
123.22,11885.610102653503
123.28,11889.651822090149
123.31,11893.938090324402
123.33,11898.231620788574
123.43,11902.537427902222
123.46,11903.956166267395
123.58,11905.11634349823
123.59,11906.265341758728
123.62,11907.781398773193
123.65,11909.208545684814
123.76,11910.645770072937
123.87,11912.071976661682
123.91,11917.247848510742
123.94,11920.1133518219
123.97,11921.53402709961
124.24,11923.046710014343
124.26,11924.566969871521
124.27,11925.995212554932
124.33,11927.257144927979
124.34,11928.776363372803
124.37,11930.198066711426
124.46,11931.626022338867
124.47,11934.313063621521
124.5,11935.756182670593
124.53,11937.192341804504
124.57,11938.615242958069
124.59,11940.049573898315
124.74,11941.572167396545
124.78,11944.427850723267
124.84,11945.86180973053
124.85,11947.295794487
124.92,11948.734477043152
124.99,11950.163937568665
125.0,11951.599025726318
125.04,11953.044288635254
125.09,11954.473586082458
125.1,11955.912669181824
125.18,11957.337763786316
125.2,11958.772285461426
125.21,11963.061826705933
125.25,11964.49407672882
125.3,11965.931732177734
125.33,11967.363158226013
125.45,11968.78943157196
125.46,11970.226934432983
125.56,11973.090375900269
125.57,11977.399253845215
125.59,11978.82485294342
125.6,11980.26110458374
125.78,11981.690069198608
125.82,11984.589749336243
125.85,11987.46369934082
125.87,11988.886328697205
125.88,11990.322225570679
125.98,11991.755083084106
126.0,11993.177221298218
126.07,11994.604824066162
126.1,11996.04024219513
126.11,11997.487860679626
126.18,11998.927041053772
126.2,12000.356930732727
126.27,12001.783535003662
126.33,12003.215021133423
126.35,12004.7007522583
126.37,12006.1363697052
126.47,12009.002297401428
126.68,12010.42905330658
126.74,12011.85962486267
126.87,12013.299054145813
127.01,12014.73319530487
127.02,12016.168142318726
127.03,12017.59714603424
127.07,12019.03033733368
127.09,12020.454439163208
127.1,12021.615870475769
127.15,12023.048085212708
127.2,12024.472323417664
127.23,12025.907343864441
127.32,12027.340374946594
127.38,12028.76177406311
127.4,12030.22829246521
127.44,12031.656154632568
127.48,12032.816700935364
127.54,12035.677532196045
127.59,12037.099034309387
127.6,12038.542112350464
127.69,12039.705132484436
127.71,12041.137190818787
127.73,12042.569805145264
127.75,12044.025430679321
127.76,12045.4338388443
127.96,12046.8678855896
128.12,12048.30110836029
128.19,12049.734212875366
128.26,12051.163949012756
128.3,12052.589354515076
128.57,12054.024156570435
128.6,12055.451120376587
128.67,12058.307888031006
128.7,12060.88489818573
128.74,12065.180346488953
128.75,12068.031335830688
128.99,12069.472143173218
129.0,12070.632131576538
129.36,12073.50625705719
129.47,12082.110023498535
129.54,12093.555326461792
129.56,12094.976511001587
129.57,12096.405082702637
129.59,12097.835893630981
129.62,12100.428866386414
129.84,12101.867395401001
129.85,12104.748017311096
129.86,12106.173246383667
129.87,12107.597078323364
129.91,12109.05186367035
129.93,12111.907438278198
130.0,12113.08650302887
130.02,12114.514698982239
130.04,12115.67571926117
130.08,12117.108758926392
130.13,12118.270726203918
130.17,12119.761079788208
130.19,12121.178586006165
130.32,12122.606889724731
130.48,12124.034114837646
130.51,12125.471740722656
130.53,12126.902442932129
130.57,12130.916757583618
130.61,12132.344924926758
130.62,12133.515045166016
130.66,12134.948065757751
130.72,12136.379506111145
130.8,12139.260906219482
130.85,12140.431533813477
130.92,12143.291513442993
131.04,12146.166090011597
131.05,12147.596972465515
131.06,12149.02732372284
131.07,12150.449810028076
131.13,12151.625894546509
131.15,12153.052254676819
131.19,12154.478177070618
131.27,12155.913849830627
131.29,12157.343991279602
131.3,12158.776956558228
131.41,12160.211353302002
131.59,12161.643097877502
131.6,12163.071717262268
131.66,12164.506311416626
131.71,12165.93867111206
131.74,12167.391209602356
131.78,12168.822277069092
131.79,12170.243760108948
131.84,12171.676293373108
131.87,12173.115375518799
131.91,12174.543008804321
132.08,12175.970561027527
132.1,12177.406094551086
132.17,12178.826524734497
132.22,12180.005610466003
132.32,12181.432087898254
132.36,12182.887716293335
132.4,12184.329111099243
132.45,12185.75975227356
132.46,12187.185397148132
132.5,12189.780051231384
132.63,12191.210847854614
132.74,12192.647821426392
132.77,12193.824133872986
132.85,12195.258915901184
132.88,12196.687349319458
134.57,12357.58232307434
134.58,12367.396787643433
134.59,12390.358213424683
134.6,12395.425657272339
134.61,12403.014463424683
134.62,12414.335874557495
134.63,12429.565671920776
134.65,12437.744993209839
134.66,12449.214719772339
134.67,12452.444700241089
134.68,12475.949949264526
134.69,12487.351011276245
134.7,12491.995481491089
134.71,12503.311399459839
134.72,12517.862791061401
134.73,12527.448362350464
134.74,12540.895627975464
134.75,12563.414854049683
134.76,12572.365964889526
134.77,12581.179746627808
134.78,12597.491697311401
134.79,12605.66277885437
134.81,12621.244138717651
134.82,12646.468748092651
134.83,12654.735960006714
134.84,12662.841123580933
134.85,12673.854917526245
134.86,12681.92986869812
134.87,12694.800352096558
134.88,12706.720518112183
134.9,12716.344541549683
134.91,12727.740110397339
134.92,12736.383604049683
134.93,12756.72479057312
134.94,12766.78826713562
134.95,12772.231992721558
134.96,12788.788389205933
134.97,12796.901792526245
134.98,12810.266660690308
134.99,12817.45721244812
135.0,12844.684080123901
135.01,12854.190000534058
135.02,12866.604551315308
135.03,12874.756406784058
135.04,12882.23260307312
135.05,12890.269102096558
135.06,12911.176084518433
135.07,12922.211851119995
135.08,12938.765501022339
135.09,12946.148313522339
135.1,12962.078489303589
135.11,12965.583127975464
135.12,12972.872556686401
135.13,12981.054624557495
135.15,13000.429014205933
135.16,13009.613584518433
135.17,13021.698545455933
135.18,13039.488157272339
135.19,13045.750364303589
135.2,13054.358152389526
135.21,13065.663084030151
135.22,13076.501096725464
135.23,13089.453977584839
135.24,13099.220823287964
135.25,13119.746030807495
135.26,13131.081174850464
135.27,13146.928953170776
135.28,13151.007627487183
135.29,13172.458433151245
135.3,13181.14861869812
135.31,13194.689268112183
135.32,13199.081052780151
135.33,13211.770261764526
135.34,13217.796262741089
135.35,13237.964414596558
135.36,13241.361936569214
135.37,13254.388975143433
135.38,13272.13738822937
135.4,13285.274290084839
135.41,13294.763731002808
135.42,13303.648923873901
135.43,13311.679929733276
135.44,13320.273984909058
135.45,13332.556699752808
135.46,13348.676389694214
135.47,13353.334592819214
135.48,13362.802061080933
135.49,13389.636167526245
135.5,13395.393003463745
135.51,13420.329221725464
135.53,13428.047117233276
135.55,13462.170652389526
135.56,13470.52850151062
135.57,13483.083127975464
135.58,13488.488401412964
135.59,13502.32293510437
135.6,13514.56170463562
135.61,13522.699827194214
135.62,13544.043516159058
135.63,13544.587339401245
135.65,13564.799436569214
135.66,13572.83318901062
135.67,13588.293699264526
135.68,13596.423582077026
136.04,13597.752213478088
136.05,13602.6576089859
136.06,13618.67567539215
136.07,13627.162613868713
136.08,13631.312699317932
136.09,13654.37849521637
136.1,13659.624466896057
136.11,13670.4212808609
136.12,13686.233353614807
136.13,13694.640641212463
136.15,13702.778763771057
136.16,13711.08992099762
136.17,13723.06501865387
136.18,13735.43562412262
136.19,13751.077408790588
136.2,13764.101700782776
136.21,13776.269059181213
136.22,13784.201188087463
136.23,13788.359513282776
136.24,13807.819046974182
136.25,13828.42390537262
136.26,13839.267411231995
136.27,13850.149369239807
136.28,13864.934220314026
136.29,13873.017411231995
136.3,13881.26814365387
136.31,13896.096940040588
136.32,13908.51423740387
136.33,13923.78798007965
136.34,13928.31160068512
136.35,13943.038773536682
136.36,13950.99012851715
136.37,13959.5814371109
136.38,13977.469925880432
136.4,13985.481705665588
136.41,14001.159195899963
136.42,14009.69831943512
136.43,14018.061661720276
136.44,14026.254715919495
136.45,14043.681778907776
136.46,14056.450638771057
136.47,14061.031937599182
136.48,14069.609513282776
136.49,14085.256791114807
136.5,14106.4906167984
136.51,14125.689225196838
136.52,14129.616837501526
136.53,14140.98494052887
136.54,14150.65290927887
136.55,14164.841752052307
136.56,14180.379166603088
136.57,14189.116044044495
136.58,14201.461930274963
136.59,14206.4662027359
136.6,14215.862259864807
136.61,14235.461869239807
136.62,14247.9945230484
136.63,14257.407059669495
136.65,14262.029557228088
136.66,14277.674088478088
136.67,14290.44294834137
136.69,14314.692521095276
136.7,14325.588212013245
136.71,14331.213212013245
136.72,14347.52790927887
136.73,14351.499466896057
136.74,14367.9652261734
136.75,14389.138627052307
136.76,14393.750138282776
136.77,14418.362259864807
136.78,14426.269669532776
136.79,14432.405533790588
136.8,14443.205094337463
136.81,14458.649125099182
136.82,14467.624955177307
136.83,14485.922684669495
136.84,14487.466263771057
136.85,14504.665360450745
136.86,14510.073380470276
136.87,14525.473465919495
136.88,14533.96864414215
136.9,14543.859086036682
136.91,14559.242691993713
136.92,14563.41200351715
136.93,14578.92469882965
136.94,14595.346512794495
136.95,14601.388993263245
136.96,14609.496903419495
136.97,14623.575882911682
136.98,14642.208695411682
136.99,14650.86317539215
137.0,14671.435074806213
137.01,14683.64363193512
137.02,14692.372269630432
137.03,14701.97157382965
137.04,14715.764908790588
137.05,14723.268570899963
137.06,14742.692399024963
137.07,14747.268204689026
137.08,14758.908219337463
137.09,14774.495072364807
137.1,14790.8509683609
139.98,14792.531876564026
139.99,14793.847489356995
140.0,14816.66609287262
140.01,14824.850907325745
140.02,14835.551590919495
140.03,14843.62654209137
140.04,14856.518998146057
140.05,14869.675126075745
140.06,14877.9945230484
140.07,14887.90144443512
140.08,14901.090531349182
140.09,14913.178238868713
140.1,14918.635697364807
140.11,14930.292191505432
140.12,14947.158951759338
140.13,14955.31355381012
140.15,14974.995560646057
140.16,14982.16413974762
140.17,14987.02009677887
140.18,14999.256119728088
140.19,15015.69441318512
140.2,15028.35066318512
140.21,15036.757950782776
140.22,15044.143509864807
140.23,15055.747818946838
140.24,15068.019547462463
140.25,15091.58796787262
140.26,15097.0619058609
140.27,15121.25105381012
140.28,15125.217118263245
140.29,15138.131546974182
140.3,15149.172806739807
140.31,15163.974137306213
140.32,15172.167191505432
140.33,15183.746781349182
140.34,15196.219010353088
140.35,15202.014298439026
140.36,15217.771439552307
140.37,15221.742997169495
140.38,15232.756791114807
140.4,15251.37312412262
140.41,15259.489274024963
140.42,15279.14656162262
140.44,15283.027482032776
140.45,15299.169144630432
140.46,15319.320816993713
140.47,15336.638016700745
140.48,15341.098465919495
140.49,15348.464798927307
140.5,15377.941117286682
140.51,15389.680008888245
140.52,15396.233353614807
140.53,15411.95204257965
140.54,15416.118607521057
140.55,15432.4525308609
140.56,15439.68153476715
140.57,15453.36775302887
140.58,15464.263443946838
140.59,15478.400101661682
140.6,15491.391434669495
140.61,15503.2484292984
140.62,15511.691422462463
140.63,15523.650040626526
140.65,15534.422135353088
140.66,15538.4486246109
140.67,15546.540055274963
140.68,15566.826310157776
140.69,15579.699540138245
140.7,15587.546525001526
140.71,15604.03425693512
140.72,15607.297196388245
140.73,15619.865555763245
140.74,15628.066849708557
140.75,15657.97712802887
140.76,15662.577652931213
140.77,15673.261857032776
140.78,15689.557328224182
140.79,15698.60731601715
140.8,15715.04011631012
140.81,15719.717545509338
140.82,15735.334610939026
140.83,15744.28572177887
140.84,15759.702286720276
140.85,15764.269852638245
140.86,15779.680924415588
140.87,15792.026810646057
140.88,15803.466324806213
140.9,15810.453629493713
140.91,15822.063431739807
140.92,15838.232560157776
140.93,15847.771439552307
140.94,15859.460892677307
140.95,15863.492875099182
140.96,15881.323685646057
140.97,15889.346451759338
140.98,15897.512040138245
140.99,15919.62751865387
141.0,15935.044083595276
141.22,15935.135998725891
141.52,15935.22866821289
152.21,15935.450406074524
157.35,15937.838912963867
157.36,15942.96403503418
157.37,15952.423263549805
157.38,15954.354110717773
157.4,15974.261337280273
157.41,15981.764999389648
157.42,15998.667465209961
157.43,16007.448287963867
157.44,16027.29508972168
157.45,16031.05241394043
157.46,16045.875717163086
157.47,16049.871994018555
157.48,16064.483810424805
157.49,16077.093368530273
157.5,16100.312973022461
157.51,16114.067855834961
157.52,16118.476119995117
157.53,16135.103927612305
157.54,16138.501449584961
157.55,16150.795150756836
157.56,16169.741073608398
157.57,16179.647994995117
157.58,16187.764144897461
157.59,16194.987655639648
157.6,16207.440658569336
157.61,16220.19303894043
157.62,16232.54167175293
157.63,16236.73844909668
157.65,16248.367477416992
157.66,16271.727157592773
157.67,16281.645065307617
157.68,16290.928512573242
157.69,16302.159286499023
157.7,16310.234237670898
157.71,16318.896957397461
157.72,16336.532760620117
157.73,16344.758773803711
157.74,16352.729354858398
157.75,16377.566696166992
157.76,16390.728317260742
157.77,16395.328842163086
157.78,16411.363388061523
157.79,16422.918258666992
157.8,16435.008712768555
157.81,16443.492904663086
157.82,16455.042282104492
157.83,16467.19041442871
157.84,16478.77000427246
157.86,16499.525924682617
157.87,16512.684799194336
157.88,16522.014938354492
157.9,16527.65916442871
157.91,16547.86851501465
157.92,16557.53648376465
157.93,16571.129318237305
157.94,16581.563583374023
157.95,16593.3738861084
157.96,16597.75193786621
157.97,16610.045639038086
157.98,16629.551864624023
158.0,16662.0164642334
158.01,16672.574325561523
158.02,16686.903244018555
158.03,16692.412887573242
158.04,16705.3025970459
158.05,16716.764083862305
158.06,16727.42906188965
158.07,18120.047775268555
158.08,18132.327743530273
158.09,18137.691818237305
158.1,18161.251998901367
158.11,18170.48875427246
158.12,18178.602157592773
158.13,18187.350021362305
158.15,18204.85124206543
158.16,18209.822555541992
158.17,18229.180465698242
158.18,18236.769271850586
158.19,18246.264205932617
158.2,18246.871200561523
158.21,18262.996383666992
158.22,18282.96128845215
158.23,18286.663681030273
158.24,18303.00584411621
158.25,18319.976974487305
158.26,18332.586532592773
158.27,18343.965621948242
158.28,18351.34294128418
158.29,18374.45542907715
158.3,18383.802047729492
158.31,18391.385360717773
158.32,18402.54197692871
158.33,18410.689617156982
158.34,18418.731609344482
158.35,18430.465007781982
158.36,18445.675579071045
158.37,18459.672161102295
158.38,18471.0457572937
158.4,18491.246868133545
164.62,19875.804363250732
164.91,19875.896278381348
