time,10.32.88.235:56282:1,10.32.89.1:51656:1,10.32.89.61:42668:1,10.32.90.219:43252:1,10.32.93.110:35316:1,10.32.93.120:43986:1,10.32.93.196:39208:1,10.32.93.198:38202:1,10.32.93.220:36782:1,10.32.93.222:45168:1
5.5,,,,,,,1.0,,,
5.98,,,,,,,2.0,,,
6.42,,,,,,,3.0,,,
7.08,,,,,,,4.0,,,
7.67,,,,,,,5.0,,,
8.2,,,,,,,6.0,,,
8.44,,,,,,,7.0,,,
8.78,,,,,,,8.0,,,
8.99,,,,,,,0.0,,,
9.99,,1.0,,,,,,,1.0,
10.29,,0.0,,,,,,,0.0,
13.55,,,0.0,,,,,,,
13.62,,,1.0,,,,,,,
13.67,,,,,1.0,,,,,
13.82,,,,,2.0,,,,,
13.88,,,0.0,,0.0,,,,,
14.29,,,1.0,,1.0,,,,,
14.49,,,,,2.0,,,,,
14.57,,,0.0,,0.0,,,,,
15.0,,,,,,,,,1.0,
15.08,,,,,,,,,0.0,
15.62,,,,,,,1.0,,,
15.67,,,,,,,0.0,,,
24.57,28.0,34.0,,38.0,34.0,54.0,64.0,56.0,40.0,52.0
24.58,,,,,,,63.0,,,
24.59,,,,,,,59.0,55.0,,
24.6,,,,,,,56.0,53.0,,
24.61,,,,,33.0,,,52.0,39.0,51.0
24.62,,,,,32.0,52.0,,51.0,,
24.63,,,,,,,,,38.0,
24.65,,,,,,,55.0,,36.0,49.0
24.66,,33.0,,,,,,50.0,,
24.67,,,,,,50.0,54.0,,,
24.68,,32.0,,,31.0,49.0,,,,48.0
24.69,,31.0,,,,,,49.0,,47.0
24.7,,,,,,,53.0,,34.0,
24.71,,30.0,,36.0,30.0,,,,,45.0
24.72,,,,,,48.0,52.0,,33.0,
24.73,,,,,,,51.0,,,44.0
24.74,27.0,,,,29.0,,,45.0,,43.0
24.75,,,,35.0,,47.0,49.0,,,42.0
24.76,26.0,,,34.0,,45.0,,,,
24.77,,29.0,,,,,48.0,,,
24.78,,28.0,,,,42.0,,44.0,,
24.79,,27.0,,33.0,,,,43.0,,
24.8,,,,32.0,,,47.0,,,41.0
24.81,,,,31.0,28.0,40.0,46.0,,,40.0
24.82,,26.0,,30.0,,39.0,44.0,,,
24.84,25.0,,,29.0,,,43.0,42.0,31.0,
24.85,,,,,,38.0,42.0,,30.0,39.0
24.86,,,,,,,,,,38.0
24.87,24.0,,,,,37.0,41.0,41.0,,37.0
24.88,,,,,,36.0,40.0,,,
24.9,,25.0,,,27.0,,,,,
29.0,32.0,34.0,26.0,44.0,50.0,40.0,0.0,48.0,56.0,54.0
34.31,28.0,30.0,21.0,32.0,37.0,30.0,,37.0,43.0,44.0
34.32,0.0,0.0,0.0,0.0,0.0,0.0,,0.0,0.0,0.0
34.51,,,,,,,,,,1.0
34.55,,,,,,,,,,2.0
34.68,,,,,,,,,,3.0
34.99,,,,,,,,,,4.0
35.15,,,,,,,,,,5.0
35.5,,,,,,,,,,6.0
35.54,,,,,,,,,,0.0
37.1,,,,,,,,1.0,,
37.27,,,,,,,,0.0,,
42.09,,,,,,1.0,,,,
42.1,,,,,,0.0,,,,
42.15,,,,,,1.0,,,,
42.16,,,,,,0.0,,,,
42.25,,0.0,,,,,,,,
42.41,,0.0,,,,,,,,
42.63,,,,,,,,1.0,,
42.69,,,,,,,,0.0,,
42.84,,,,,,,,,1.0,
42.85,,,,,,1.0,,,,
42.88,,,,,,0.0,,,0.0,
53.95,44.0,48.0,,56.0,62.0,34.0,,60.0,,68.0
53.96,,,,,,,,,,65.0
53.97,,,,,,,,,,62.0
53.98,,,,,61.0,,,,,58.0
53.99,,,,,,33.0,,,,
54.0,,47.0,,,60.0,31.0,,58.0,,57.0
54.01,42.0,,,,,,,,,
54.02,,,,55.0,59.0,,,57.0,,
54.03,41.0,46.0,,,58.0,28.0,,,,56.0
54.04,,45.0,,,,,,56.0,,
54.05,40.0,,,,56.0,27.0,,,,
54.06,,,,,55.0,,,54.0,,54.0
54.07,,44.0,,53.0,54.0,,,53.0,,53.0
54.08,,,,51.0,,,,,,
54.09,39.0,43.0,,,,,,52.0,,
54.1,,,,,53.0,,,50.0,,51.0
54.11,38.0,42.0,,50.0,52.0,,,,,
54.12,,41.0,,49.0,,,,49.0,,
54.13,,40.0,,46.0,,,,,,
54.16,,39.0,,,,26.0,,,,49.0
54.17,,,,44.0,51.0,,,48.0,,47.0
54.18,,,,,50.0,,,,,46.0
54.19,,,,,,,,47.0,,
54.2,36.0,37.0,,,48.0,,,,,45.0
54.21,,,,,,25.0,,,,
54.22,35.0,35.0,,43.0,47.0,,,,,
54.23,34.0,,,42.0,,,,,,44.0
54.24,,,,,,24.0,,45.0,,
54.25,33.0,,,41.0,45.0,,,,,42.0
54.26,32.0,,,,43.0,23.0,,,,41.0
54.27,,,,,42.0,,,44.0,,40.0
54.28,30.0,33.0,,,,,,42.0,,
54.29,,32.0,,,41.0,,,41.0,,39.0
54.3,,31.0,,,40.0,,,40.0,,
54.31,,,,39.0,38.0,,,,,
54.32,28.0,,,,,,,,,
54.33,27.0,,,,37.0,,,,,38.0
54.34,,29.0,,,36.0,22.0,,,,
54.35,,,,37.0,,21.0,,,,
54.36,26.0,,,,,,,,,37.0
54.37,,,,35.0,,,,39.0,,36.0
54.38,,,,34.0,,20.0,,36.0,,
54.4,25.0,26.0,,33.0,,,,,,
54.41,,,,,,,,,,35.0
54.42,,23.0,,,,,,35.0,,
54.43,24.0,,,,,,,34.0,,33.0
54.44,22.0,,,,34.0,18.0,,,,
54.46,,,,,,,,31.0,,32.0
54.47,,,,32.0,,,,,,
54.48,,,,,,17.0,,30.0,,30.0
54.49,,,,31.0,32.0,14.0,,,,29.0
54.5,,22.0,,30.0,,13.0,,,,28.0
54.51,,,,,31.0,,,28.0,,27.0
54.52,,,,,29.0,,,26.0,,
54.53,21.0,,,,28.0,,,,,24.0
54.54,20.0,21.0,,,,,,,,23.0
54.55,,20.0,,,,,,,,22.0
54.56,,19.0,,,,,,23.0,,21.0
54.58,19.0,,,29.0,27.0,,,,,20.0
54.59,,,,27.0,26.0,,,,,19.0
54.6,,,,,25.0,,,,,
54.61,,,,26.0,23.0,,,20.0,,18.0
54.62,18.0,18.0,,25.0,,,,,,
54.63,,,,24.0,22.0,12.0,,19.0,,
54.65,,17.0,,23.0,,,,,,
54.66,,,,,,11.0,,,,17.0
54.67,17.0,,,22.0,,,,17.0,,16.0
54.68,14.0,,,,21.0,10.0,,,,
54.69,,15.0,,,,,,,,15.0
54.7,,,,21.0,19.0,,,16.0,,14.0
54.71,,,,,,9.0,,15.0,,
54.72,,,,20.0,18.0,,,,,
54.73,11.0,,,17.0,,,,,,13.0
54.74,,14.0,,,,8.0,,14.0,,
54.75,10.0,13.0,,15.0,,7.0,,,,11.0
54.76,,,,,,,,13.0,,10.0
54.77,,12.0,,,17.0,,,11.0,,9.0
54.78,,,,14.0,,6.0,,10.0,,
54.79,,11.0,,,16.0,,,,,8.0
54.8,,,,13.0,14.0,,,,,
54.81,9.0,,,,,,,,,
54.82,,,,12.0,13.0,5.0,,7.0,,7.0
54.83,,,,,12.0,,,6.0,,6.0
54.84,8.0,10.0,,,,4.0,,,,
54.85,,,,,,3.0,,,,
54.86,7.0,8.0,,11.0,,,,5.0,,4.0
54.87,,7.0,,9.0,11.0,,,,,
54.88,6.0,,,7.0,,,,,,
54.9,,,,6.0,9.0,,,4.0,,3.0
54.91,,,,,,,,3.0,,
54.92,5.0,,,5.0,,2.0,,,,2.0
54.93,,,,4.0,8.0,,,2.0,,
54.94,4.0,6.0,,3.0,6.0,,,,,
54.95,3.0,5.0,,,,,,,,
54.96,2.0,,,2.0,5.0,1.0,,1.0,,
54.97,1.0,4.0,,,,,,,,
54.98,0.0,3.0,,,4.0,,,,,
54.99,,,,,2.0,,,,,1.0
55.0,,0.0,,1.0,0.0,0.0,,,,0.0
55.01,,,,0.0,,,,0.0,,
76.77,40.0,42.0,,50.0,42.0,56.0,,,62.0,66.0
81.09,4.0,6.0,,7.0,5.0,20.0,,,15.0,23.0
81.1,0.0,0.0,,0.0,0.0,0.0,,,0.0,0.0
82.73,,,,,,1.0,,,,
83.0,,,,,,2.0,,,,
83.17,,,,,,3.0,,,,
83.36,,,,,,4.0,,,,
83.52,,,,,,5.0,,,,
83.84,,,,,,6.0,,,,
84.18,,,,,,0.0,,,,
84.36,,,,1.0,,,,,,
84.51,,,,0.0,,,,,,
90.63,,,1.0,,,,,,,
90.66,,,0.0,,,,,,,
90.91,,,,,,,,,,0.0
91.04,,,,,,,,,,0.0
91.16,,,1.0,,,,,,,
91.22,,,0.0,,,,,,,
91.26,,,,1.0,,,,,,
91.29,,,,0.0,,,,,,
91.68,,,,,,,,,,0.0
92.75,,,,,,0.0,,,,
103.71,50.0,41.0,28.0,54.0,56.0,64.0,52.0,,,
103.72,52.0,50.0,,56.0,60.0,61.0,,,,
103.73,,,,,,60.0,,,,
103.74,51.0,,,55.0,,55.0,,,,
103.75,49.0,,,53.0,59.0,54.0,,,,
103.76,,49.0,27.0,,58.0,,51.0,,,
103.78,,48.0,26.0,51.0,,,,,,
103.79,46.0,47.0,,,56.0,,,,,
103.8,45.0,,,50.0,,,,,,
103.81,44.0,,,,,,,,,
103.82,43.0,,25.0,49.0,55.0,52.0,50.0,,,
103.83,42.0,,24.0,,,,,,,
103.84,,,23.0,48.0,,,49.0,,,
103.85,41.0,46.0,,,54.0,50.0,,,,
103.86,,45.0,22.0,,,,48.0,,,
103.87,,44.0,,,,,,,,
103.88,40.0,,21.0,47.0,,,47.0,,,
103.9,39.0,,,45.0,53.0,,,,,
103.91,37.0,,,,52.0,49.0,46.0,,,
103.92,36.0,,,,51.0,,,,,
103.93,35.0,43.0,,,50.0,,,,,
103.94,34.0,,,41.0,,47.0,45.0,,,
105.19,18.0,24.0,13.0,22.0,22.0,22.0,17.0,,,
105.2,0.0,0.0,0.0,0.0,0.0,0.0,0.0,,,
110.84,46.0,36.0,62.0,,44.0,52.0,68.0,,,70.0
114.62,5.0,4.0,6.0,,4.0,7.0,8.0,,,10.0
114.63,0.0,0.0,0.0,,0.0,0.0,0.0,,,0.0
115.93,,,,,,,1.0,,,
116.5,,,,,,,2.0,,,
116.58,,,,,,,3.0,,,
116.66,,,,,,,4.0,,,
116.76,,,,,,,5.0,,,
116.86,,,,,,,6.0,,,
117.0,,,,,,,0.0,,,
117.17,,,,,,,1.0,,,
117.28,,,,,,,0.0,,,
123.61,,,1.0,,,,,,,
123.62,,,0.0,,,,,,,
124.24,,,,,,,0.0,,,
124.25,,1.0,,,,,,,,
124.26,,0.0,,,,,,,,
124.3,,,,,,,1.0,,,
124.33,,,1.0,,,,0.0,,,
124.34,,,0.0,,,,,,,
124.47,,,,,,,0.0,,,
124.71,,1.0,,,,,,,,
124.74,,0.0,,,,,,,,
134.34,48.0,46.0,34.0,,52.0,62.0,74.0,60.0,58.0,
134.57,43.0,42.0,30.0,,50.0,58.0,58.0,54.0,49.0,
134.58,,41.0,,,,,57.0,53.0,,
134.59,,39.0,,,,57.0,,51.0,46.0,
134.6,42.0,,,,49.0,56.0,,,,
134.61,,,,,,55.0,,49.0,,
134.62,,,29.0,,,54.0,,,45.0,
134.63,,,28.0,,48.0,,,48.0,44.0,
134.65,,38.0,,,47.0,53.0,,,,
134.66,41.0,,,,,,56.0,,43.0,
134.67,,,,,,52.0,,,,
134.68,,36.0,,,,50.0,55.0,47.0,,
134.69,,,26.0,,,,,,42.0,
134.7,40.0,,25.0,,,,,,,
134.71,,35.0,24.0,,,,,46.0,,
134.72,,34.0,,,,48.0,,,41.0,
134.73,39.0,33.0,,,,,,,40.0,
134.74,38.0,,23.0,,46.0,,,,39.0,
134.75,37.0,31.0,22.0,,45.0,47.0,,,,
134.76,,,,,43.0,,54.0,,38.0,
134.77,,30.0,,,,46.0,53.0,,,
134.78,,,21.0,,42.0,45.0,52.0,,37.0,
134.79,,,,,41.0,44.0,,,,
134.81,,28.0,,,,43.0,,,36.0,
134.82,,27.0,,,40.0,41.0,51.0,44.0,,
134.83,36.0,,,,39.0,,,,,
134.84,,,,,,40.0,50.0,,,
134.85,,26.0,,,38.0,38.0,,,35.0,
134.86,35.0,,,,,,49.0,,,
134.87,34.0,,,,,37.0,,,33.0,
134.88,,,20.0,,,36.0,48.0,42.0,,
134.9,,,,,37.0,35.0,47.0,,32.0,
134.91,,25.0,,,36.0,34.0,,,,
134.92,33.0,,,,,33.0,46.0,,,
134.93,32.0,24.0,19.0,,,,,41.0,31.0,
134.94,,,,,,32.0,45.0,40.0,30.0,
134.95,,,18.0,,,,44.0,,,
134.96,31.0,,,,34.0,31.0,,,,
134.97,30.0,,,,,,,39.0,,
134.98,,,17.0,,,30.0,43.0,38.0,,
134.99,,23.0,,,,,42.0,,,
135.0,27.0,21.0,,,32.0,,41.0,,,
135.01,,,,,30.0,29.0,,37.0,,
135.02,,,,,29.0,,,35.0,29.0,
135.03,26.0,,,,28.0,,,,,
135.04,,,,,,28.0,,34.0,,
135.05,,,,,,,,33.0,28.0,
135.06,,,16.0,,,,38.0,31.0,,
135.07,,,,,27.0,,,30.0,27.0,
135.08,,,14.0,,,27.0,37.0,29.0,26.0,
135.09,25.0,20.0,,,,26.0,36.0,,,
135.1,23.0,,,,26.0,25.0,35.0,,,
135.11,22.0,,,,,,34.0,,,
135.12,21.0,,,,,,,,25.0,
135.13,20.0,,,,25.0,,,,,
135.15,19.0,19.0,,,,,31.0,,24.0,
135.16,18.0,18.0,,,24.0,,30.0,,,
135.17,17.0,,,,,,29.0,28.0,,
135.18,16.0,,,,,,27.0,26.0,,
135.19,,,13.0,,,,26.0,,23.0,
135.2,,17.0,,,23.0,24.0,,,,
135.21,,,,,22.0,,,25.0,22.0,
135.22,,,,,,22.0,25.0,,21.0,
135.23,15.0,,,,21.0,21.0,24.0,,,
135.24,,,,,20.0,,,24.0,20.0,
135.25,,,,,17.0,,23.0,21.0,19.0,
135.26,14.0,16.0,,,,,,,18.0,
135.27,,,,,16.0,19.0,22.0,,,
135.28,,15.0,,,,,,,,
135.29,,,12.0,,13.0,,21.0,,16.0,
135.3,13.0,,,,,,,20.0,15.0,
135.31,,14.0,11.0,,,,,18.0,,
135.32,,13.0,,,,,,17.0,,
135.33,,12.0,,,,18.0,20.0,16.0,,
135.34,12.0,11.0,,,,17.0,,,,
135.35,,,10.0,,12.0,16.0,,14.0,,
135.36,,,9.0,,,,,,,
135.37,11.0,10.0,,,,15.0,,,14.0,
135.38,10.0,9.0,8.0,,,,18.0,13.0,13.0,
135.4,,8.0,,,11.0,13.0,,12.0,,
135.41,,,,,,,16.0,11.0,12.0,
135.42,8.0,,,,,12.0,,,,
135.43,,,,,,,15.0,,11.0,
135.44,,7.0,,,,,13.0,,,
135.45,,,,,,11.0,,10.0,10.0,
135.46,7.0,,,,10.0,10.0,12.0,,9.0,
135.47,,,7.0,,9.0,,,,,
135.48,6.0,,,,8.0,,,,8.0,
135.49,,,,,4.0,8.0,11.0,8.0,,
135.5,5.0,,,,,,10.0,,,
135.51,,,,,,,7.0,7.0,5.0,
135.53,,,,,3.0,,6.0,,,
135.55,4.0,5.0,5.0,,2.0,,4.0,6.0,4.0,
135.56,,,4.0,,1.0,,,,,
135.57,,,2.0,,,7.0,3.0,,,
135.58,,4.0,1.0,,,,,,,
135.59,3.0,,,,,5.0,2.0,,,
135.6,,,,,,3.0,1.0,5.0,,
135.61,,3.0,,,,,,4.0,,
135.62,,2.0,,,,,,2.0,1.0,
135.63,,,,,,2.0,,,,
135.65,2.0,,0.0,,,,0.0,0.0,,
135.66,1.0,1.0,,,,,,,,
135.67,0.0,0.0,,,0.0,,,,0.0,
135.68,,,,,,0.0,,,,
136.03,13.0,16.0,10.0,,15.0,21.0,29.0,26.0,,140.0
136.04,19.0,21.0,12.0,,24.0,28.0,37.0,31.0,,202.0
136.05,,,,,,,35.0,,,201.0
136.06,,,,,,,34.0,,,197.0
136.07,18.0,,,,,,,,,195.0
136.08,,,,,,,,30.0,,
136.09,17.0,20.0,,,23.0,27.0,33.0,,,194.0
136.1,,,,,,26.0,,,,192.0
136.11,,,,,,24.0,,,,191.0
136.12,,19.0,,,,23.0,,,,187.0
136.13,,,,,,,,29.0,,185.0
136.15,,,,,,,32.0,28.0,,
136.16,,,,,,,,,,183.0
136.17,,,,,,,,,,179.0
136.18,,17.0,,,,,,,,178.0
136.19,,,,,,22.0,,,,175.0
136.2,,16.0,,,22.0,,31.0,,,173.0
136.21,,,,,,,,,,170.0
136.22,,,,,,21.0,,,,169.0
136.23,,,,,,,,,,168.0
136.24,,,,,,,,,,163.0
136.25,16.0,,11.0,,,20.0,30.0,27.0,,161.0
136.26,,,,,,,,,,157.0
136.27,15.0,,,,,,29.0,26.0,,156.0
136.28,,,,,21.0,19.0,,25.0,,155.0
136.29,,15.0,,,,,,,,154.0
136.3,14.0,,,,,,,,,152.0
136.31,,,10.0,,,,28.0,24.0,,150.0
136.32,,,,,,,27.0,,,147.0
136.33,,14.0,,,,18.0,,,,143.0
136.34,,,,,,,,23.0,,141.0
136.35,13.0,,,,,,26.0,22.0,,140.0
136.36,,,,,,,,,,137.0
136.37,,,,,,,,,,134.0
136.38,,,,,20.0,,,21.0,,130.0
136.4,,,,,,,25.0,,,129.0
136.41,,,,,,17.0,24.0,,,127.0
136.42,,,,,,,23.0,,,124.0
136.43,,,,,,,22.0,20.0,,123.0
136.44,,,9.0,,,,,,,122.0
136.45,12.0,13.0,,,,,21.0,19.0,,121.0
136.46,11.0,12.0,,,,16.0,,,,120.0
136.47,,,,,,15.0,,18.0,,
136.48,,,,,,,20.0,,,118.0
136.49,,,,,19.0,,,16.0,,116.0
136.5,,10.0,,,18.0,,,,,112.0
136.51,,,,,17.0,14.0,18.0,,,110.0
136.52,,,8.0,,,,,,,
136.53,,,,,,,,,,107.0
136.54,,9.0,,,16.0,,,,,106.0
136.55,,,7.0,,,,17.0,,,103.0
136.56,,,,,,,16.0,,,100.0
136.57,,,,,,,15.0,,,98.0
136.58,,,,,,12.0,,,,97.0
136.59,,,,,,,,,,95.0
136.6,,,,,,11.0,,,,93.0
136.61,,,,,14.0,,,15.0,,91.0
136.62,,8.0,,,,9.0,,,,89.0
136.63,10.0,,,,,,,,,87.0
136.65,,,,,,,,,,85.0
136.66,,,,,12.0,,,13.0,,84.0
136.67,,,6.0,,,8.0,,,,82.0
136.69,,,,,,,,,,76.0
136.7,,,,,,,,,,73.0
136.71,,,,,,,14.0,,,72.0
136.72,,,,,,,13.0,,,69.0
136.73,,,,,,,,,,68.0
136.74,,7.0,5.0,,,,,,,66.0
136.75,,,,,,,12.0,12.0,,62.0
136.76,,,,,11.0,,11.0,,,
136.77,8.0,6.0,,,10.0,,,,,59.0
136.78,7.0,,4.0,,,,10.0,,,
136.79,6.0,,,,,,9.0,11.0,,
136.8,,,,,9.0,7.0,,,,58.0
136.81,,5.0,,,,6.0,,,,56.0
136.82,,,,,,,,,,52.0
136.83,,4.0,3.0,,,5.0,,,,47.0
136.84,,,,,,,,,,46.0
136.85,,3.0,2.0,,,,8.0,,,44.0
136.86,,,,,,,7.0,10.0,,
136.87,,,,,,,6.0,8.0,,43.0
136.88,,,,,,4.0,,6.0,,
136.9,,,,,8.0,,5.0,,,42.0
136.91,5.0,,,,,3.0,,,,40.0
136.92,,,,,,,,,,39.0
136.93,,,,,,,,3.0,,38.0
136.94,,,,,7.0,,,,,34.0
136.95,4.0,,,,,,4.0,,,33.0
136.96,,,,,6.0,,,,,32.0
136.97,,,,,,,,,,27.0
136.98,3.0,,,,5.0,,3.0,2.0,,26.0
136.99,2.0,,,,,,,,,24.0
137.0,,,,,4.0,2.0,,,,19.0
137.01,,,1.0,,3.0,,,,,18.0
137.02,,,,,2.0,1.0,1.0,,,17.0
137.03,,,0.0,,,,,,,15.0
137.04,1.0,,,,,,,,,12.0
137.05,,,,,,,,1.0,,11.0
137.06,,2.0,,,1.0,,,0.0,,8.0
137.07,,,,,,,,,,6.0
137.08,,,,,,0.0,,,,4.0
137.09,,1.0,,,,,0.0,,,1.0
137.1,0.0,0.0,,,0.0,,,,,0.0
139.98,36.0,44.0,57.0,,42.0,58.0,,58.0,60.0,
139.99,,43.0,56.0,,,,,,,
140.0,35.0,,51.0,,41.0,57.0,,57.0,,
140.01,,42.0,50.0,,,,,,,
140.02,34.0,,49.0,,,56.0,,,,
140.03,,,47.0,,,,,,58.0,
140.04,,,,,39.0,55.0,,,57.0,
140.05,33.0,,,,,54.0,,56.0,55.0,
140.06,32.0,,46.0,,,,,,,
140.07,,41.0,,,,,,55.0,54.0,
140.08,,39.0,,,,51.0,,,,
140.09,,,,,,49.0,,,53.0,
140.1,30.0,,,,,,,,,
140.11,,38.0,,,,48.0,,54.0,,
140.12,28.0,,45.0,,,46.0,,,,
140.13,27.0,,,,,,,53.0,,
140.15,,,,,37.0,44.0,,52.0,,
140.16,,,,,,43.0,,51.0,,
140.17,,,,,,42.0,,50.0,,
140.18,,,,,36.0,,,48.0,,
140.19,25.0,,,,34.0,,,,,
140.2,,,44.0,,32.0,41.0,,,,
140.21,24.0,,,,,,,47.0,,
140.22,,37.0,,,31.0,,,,,
140.23,,,,,,40.0,,,51.0,
140.24,,,,,,,,46.0,49.0,
140.25,22.0,,41.0,,30.0,39.0,,,47.0,
140.26,,,40.0,,,38.0,,,,
140.27,21.0,35.0,,,29.0,,,45.0,46.0,
140.28,,,,,,,,,45.0,
140.29,,33.0,,,,37.0,,44.0,,
140.3,,32.0,,,26.0,,,43.0,44.0,
140.31,,31.0,39.0,,25.0,35.0,,,43.0,
140.32,,30.0,,,,,,42.0,,
140.33,,,,,,34.0,,40.0,42.0,
140.34,20.0,,38.0,,24.0,33.0,,39.0,,
140.35,,,37.0,,,,,38.0,41.0,
140.36,,29.0,36.0,,,,,,39.0,
140.37,,28.0,,,,,,,,
140.38,,27.0,,,22.0,,,,,
140.4,18.0,,34.0,,,32.0,,37.0,38.0,
140.41,,,,,21.0,31.0,,,,
140.42,17.0,26.0,33.0,,20.0,,,36.0,,
140.44,,,31.0,,,,,,,
140.45,,24.0,30.0,,,,,35.0,,
140.46,,,29.0,,,30.0,,33.0,37.0,
140.47,,,28.0,,19.0,29.0,,,35.0,
140.48,,,,,,28.0,,32.0,,
140.49,16.0,,,,,,,31.0,,
140.5,,22.0,,,17.0,27.0,,29.0,33.0,
140.51,14.0,,,,16.0,26.0,,,32.0,
140.52,,21.0,27.0,,,,,,,
140.53,,20.0,,,15.0,,,28.0,30.0,
140.54,,,,,,,,27.0,,
140.55,,18.0,26.0,,,25.0,,,,
140.56,,,,,,24.0,,,29.0,
140.57,13.0,,,,,,,26.0,27.0,
140.58,,,,,14.0,,,25.0,26.0,
140.59,,,25.0,,,22.0,,24.0,25.0,
140.6,,,,,12.0,,,23.0,24.0,
140.61,,17.0,24.0,,,,,22.0,23.0,
140.62,,,,,11.0,20.0,,,,
140.63,,16.0,,,,,,20.0,,
140.65,12.0,,,,,19.0,,,20.0,
140.66,,15.0,,,,,,,,
140.67,,,23.0,,,,,19.0,,
140.68,11.0,,22.0,,10.0,,,18.0,19.0,
140.69,10.0,,,,,17.0,,17.0,,
140.7,,14.0,,,9.0,16.0,,,,
140.71,,,21.0,,,14.0,,15.0,,
140.72,,,,,,,,14.0,,
140.73,,13.0,20.0,,8.0,,,,18.0,
140.74,,,19.0,,,,,13.0,,
140.75,8.0,,16.0,,,13.0,,,15.0,
140.76,,12.0,,,,,,,14.0,
140.77,,,,,,11.0,,12.0,,
140.78,7.0,11.0,,,,,,11.0,13.0,
140.79,,,14.0,,,10.0,,,,
140.8,,9.0,,,5.0,,,,,
140.81,,,13.0,,,9.0,,,,
140.82,,,,,3.0,7.0,,,12.0,
140.83,,8.0,,,,6.0,,10.0,11.0,
140.84,6.0,,,,2.0,5.0,,9.0,10.0,
140.85,,,,,,4.0,,,9.0,
140.86,,7.0,12.0,,1.0,,,,8.0,
140.87,5.0,,,,,,,7.0,,
140.88,,6.0,,,,2.0,,,,
140.9,,,9.0,,,,,,,
140.91,4.0,5.0,8.0,,,,,,7.0,
140.92,3.0,3.0,,,,,,4.0,,
140.93,,,,,,,,,4.0,
140.94,,,6.0,,,1.0,,,,
140.95,,,,,,,,3.0,,
140.96,2.0,2.0,4.0,,,0.0,,2.0,,
140.97,,,,,,,,1.0,3.0,
140.98,,1.0,,,,,,0.0,,
140.99,0.0,0.0,2.0,,,,,,1.0,
141.0,,,0.0,,0.0,,,,0.0,
141.22,,,,,,,0.0,,,
141.52,,,0.0,,,,,,,
152.2,,,,,,,,,1.0,
152.21,,,,,,,,,0.0,
155.86,,,,,,,,,,1.0
157.34,6.0,3.0,16.0,,3.0,1.0,55.0,,14.0,
157.35,21.0,20.0,27.0,,21.0,27.0,222.0,,35.0,
157.36,,,,,,,219.0,,,
157.37,,,,,,,214.0,,,
157.38,,,,,,,212.0,,,
157.4,,,,,,,207.0,,,
157.41,,,,,,,205.0,,,
157.42,20.0,,26.0,,20.0,,203.0,,,
157.43,,,,,,,199.0,,,
157.44,,,25.0,,,,197.0,,33.0,
157.45,,,,,,,195.0,,,
157.46,,,,,,24.0,193.0,,,
157.47,,,,,,23.0,,,,
157.48,,18.0,,,,21.0,192.0,,,
157.49,,,,,,,188.0,,,
157.5,19.0,,24.0,,,,183.0,,,
157.51,17.0,,,,,,181.0,,,
157.52,,,,,,20.0,180.0,,,
157.53,,,,,19.0,19.0,177.0,,,
157.54,,,,,18.0,,,,,
157.55,,,,,17.0,,175.0,,,
157.56,16.0,,,,,18.0,172.0,,,
157.57,,,,,,17.0,169.0,,,
157.58,,,,,15.0,,,,,
157.59,,,,,,,167.0,,,
157.6,15.0,,,,14.0,,166.0,,,
157.61,,,23.0,,,,163.0,,,
157.62,14.0,,,,,,161.0,,,
157.63,,,,,,16.0,,,,
157.65,13.0,,,,,,159.0,,,
157.66,12.0,17.0,,,,,157.0,,29.0,
157.67,,,22.0,,,15.0,156.0,,28.0,
157.68,11.0,,21.0,,,,,,27.0,
157.69,,16.0,,,,,154.0,,,
157.7,,,,,,14.0,153.0,,,
157.71,,15.0,,,13.0,,152.0,,,
157.72,,14.0,,,12.0,,149.0,,26.0,
157.73,,13.0,,,11.0,,147.0,,25.0,
157.74,,,,,,13.0,146.0,,,
157.75,10.0,12.0,,,,,140.0,,24.0,
157.76,,,20.0,,,,136.0,,,
157.77,,,,,,,134.0,,,
157.78,,,,,,,130.0,,,
157.79,,11.0,,,,,129.0,,23.0,
157.8,9.0,,,,,,127.0,,22.0,
157.81,,,,,10.0,,125.0,,,
157.82,,10.0,,,,,123.0,,,
157.83,,,19.0,,,,121.0,,,
157.84,,,17.0,,,,120.0,,,
157.86,,,,,9.0,,117.0,,20.0,
157.87,,,16.0,,,,114.0,,,
157.88,,,,,8.0,,111.0,,,
157.9,,,,,,,109.0,,,
157.91,,,,,,,105.0,,19.0,
157.92,,9.0,,,,,103.0,,,
157.93,,7.0,,,,,101.0,,18.0,
157.94,,,,,,,95.0,,,
157.95,,,,,7.0,,92.0,,,
157.96,,,,,6.0,,91.0,,,
157.97,,,15.0,,,,89.0,,,
157.98,,5.0,,,,,87.0,,17.0,
158.0,,,14.0,,5.0,12.0,81.0,,15.0,
158.01,,,13.0,,,,78.0,,,
158.02,,,12.0,,,11.0,77.0,,14.0,
158.03,,,,,,,75.0,,,
158.04,8.0,,,,,,73.0,,13.0,
158.05,,,,,,,70.0,,12.0,
158.06,,,11.0,,,,68.0,,11.0,
158.07,7.0,,,,,,67.0,,,0.0
158.08,,,,,4.0,10.0,66.0,,,
158.09,,,,,,9.0,64.0,,,
158.1,,,10.0,,,7.0,61.0,,,
158.11,,,9.0,,,,58.0,,10.0,
158.12,,,8.0,,,,57.0,,,
158.13,,,,,,,55.0,,9.0,
158.15,6.0,,7.0,,,6.0,53.0,,,
158.16,,,,,,,51.0,,,
158.17,5.0,4.0,,,3.0,,49.0,,8.0,
158.18,,,,,,,47.0,,,
158.19,4.0,,,,,,46.0,,7.0,
158.2,,,,,,,45.0,,,
158.21,,3.0,6.0,,,,43.0,,6.0,
158.22,,,5.0,,2.0,5.0,40.0,,,
158.23,,,,,,4.0,39.0,,,
158.24,,,,,,3.0,34.0,,,
158.25,,,,,,1.0,30.0,,,
158.26,2.0,,,,,,29.0,,5.0,
158.27,,,,,1.0,,28.0,,4.0,
158.28,,,,,,0.0,27.0,,,
158.29,,2.0,4.0,,,,23.0,,3.0,
158.3,0.0,1.0,,,,,21.0,,,
158.31,,,3.0,,,,20.0,,,
158.32,,,2.0,,,,18.0,,,
158.33,,,2.0,,,,17.0,,2.0,
158.34,,,1.0,,,,16.0,,,
158.35,,,,,,,12.0,,,
158.36,,,0.0,,,,9.0,,,
158.37,,0.0,,,,,5.0,,,
158.38,,,,,,,3.0,,1.0,
158.4,,,,,0.0,,0.0,,0.0,
161.96,,,,,,,,1.0,,
164.62,,,,,,,,0.0,,
164.91,,,0.0,,,,,,,
